{
  "Version": 3,
  "Meta": {
    "Duration": 9.633,
    "Fps": 30.0,
    "Loop": false,
    "AreBeziersRestricted": true,
    "CurveCount": 153,
    "TotalSegmentCount": 858,
    "TotalPointCount": 2365,
    "UserDataCount": 1,
    "TotalUserDataSize": 0
  },
  "Curves": [
    {
      "Target": "Model",
      "Id": "LipSync",
      "Segments": [
        0,
        0,
        2,
        0.067,
        0,
        1,
        0.111,
        0,
        0.156,
        0.639,
        0.2,
        0.639,
        1,
        0.222,
        0.639,
        0.245,
        0.561,
        0.267,
        0.561,
        1,
        0.289,
        0.561,
        0.311,
        0.929,
        0.333,
        0.929,
        1,
        0.422,
        0.929,
        0.511,
        0.325,
        0.6,
        0.325,
        1,
        0.622,
        0.325,
        0.645,
        0.792,
        0.667,
        0.792,
        1,
        0.711,
        0.792,
        0.756,
        0.039,
        0.8,
        0.039,
        1,
        0.844,
        0.039,
        0.889,
        0.11,
        0.933,
        0.11,
        1,
        0.955,
        0.11,
        0.978,
        0.067,
        1,
        0.067,
        1,
        1.044,
        0.067,
        1.089,
        0.812,
        1.133,
        0.812,
        1,
        1.178,
        0.812,
        1.222,
        0,
        1.267,
        0,
        1,
        1.311,
        0,
        1.356,
        0.788,
        1.4,
        0.788,
        1,
        1.533,
        0.788,
        1.667,
        0,
        1.8,
        0,
        2,
        2.6,
        0,
        1,
        2.689,
        0,
        2.778,
        0.914,
        2.867,
        0.914,
        1,
        2.889,
        0.914,
        2.911,
        0.035,
        2.933,
        0.035,
        1,
        3,
        0.035,
        3.066,
        0.706,
        3.133,
        0.706,
        1,
        3.155,
        0.706,
        3.178,
        0.494,
        3.2,
        0.494,
        1,
        3.244,
        0.494,
        3.289,
        0.933,
        3.333,
        0.933,
        1,
        3.466,
        0.933,
        3.6,
        0,
        3.733,
        0,
        2,
        3.867,
        0,
        1,
        3.889,
        0,
        3.911,
        0.024,
        3.933,
        0.024,
        1,
        4,
        0.024,
        4.066,
        0,
        4.133,
        0,
        2,
        4.6,
        0,
        1,
        4.644,
        0,
        4.689,
        0.898,
        4.733,
        0.898,
        1,
        4.755,
        0.898,
        4.778,
        0.522,
        4.8,
        0.522,
        1,
        4.822,
        0.522,
        4.845,
        0.769,
        4.867,
        0.769,
        1,
        4.911,
        0.769,
        4.956,
        0.549,
        5,
        0.549,
        1,
        5.044,
        0.549,
        5.089,
        0.953,
        5.133,
        0.953,
        1,
        5.178,
        0.953,
        5.222,
        0.6,
        5.267,
        0.6,
        1,
        5.289,
        0.6,
        5.311,
        0.678,
        5.333,
        0.678,
        1,
        5.355,
        0.678,
        5.378,
        0.612,
        5.4,
        0.612,
        1,
        5.422,
        0.612,
        5.445,
        0.976,
        5.467,
        0.976,
        1,
        5.511,
        0.976,
        5.556,
        0.196,
        5.6,
        0.196,
        1,
        5.644,
        0.196,
        5.689,
        0.976,
        5.733,
        0.976,
        1,
        5.844,
        0.976,
        5.956,
        0,
        6.067,
        0,
        2,
        6.133,
        0,
        1,
        6.155,
        0,
        6.178,
        0.004,
        6.2,
        0.004,
        1,
        6.222,
        0.004,
        6.245,
        0,
        6.267,
        0,
        2,
        6.667,
        0,
        1,
        6.711,
        0,
        6.756,
        0.973,
        6.8,
        0.973,
        1,
        6.911,
        0.973,
        7.022,
        0,
        7.133,
        0,
        2,
        7.267,
        0,
        1,
        7.311,
        0,
        7.356,
        0.176,
        7.4,
        0.176,
        1,
        7.511,
        0.176,
        7.622,
        0,
        7.733,
        0,
        2,
        7.8,
        0,
        1,
        7.844,
        0,
        7.889,
        0.827,
        7.933,
        0.827,
        1,
        8,
        0.827,
        8.066,
        0.114,
        8.133,
        0.114,
        1,
        8.2,
        0.114,
        8.266,
        0.89,
        8.333,
        0.89,
        1,
        8.4,
        0.89,
        8.466,
        0.51,
        8.533,
        0.51,
        1,
        8.555,
        0.51,
        8.578,
        0.839,
        8.6,
        0.839,
        1,
        8.622,
        0.839,
        8.645,
        0.42,
        8.667,
        0.42,
        1,
        8.689,
        0.42,
        8.711,
        0.643,
        8.733,
        0.643,
        1,
        8.755,
        0.643,
        8.778,
        0.514,
        8.8,
        0.514,
        1,
        8.822,
        0.514,
        8.845,
        0.867,
        8.867,
        0.867,
        1,
        8.889,
        0.867,
        8.911,
        0.325,
        8.933,
        0.325,
        1,
        8.978,
        0.325,
        9.022,
        0.996,
        9.067,
        0.996,
        1,
        9.245,
        0.996,
        9.422,
        0,
        9.6,
        0,
        2,
        9.633,
        0
      ]
    },
    {
      "Target": "Parameter",
      "Id": "ParamAngleX",
      "Segments": [
        0,
        0,
        1,
        0.467,
        0,
        0.933,
        9,
        1.4,
        9,
        1,
        1.944,
        9,
        2.489,
        9.088,
        3.033,
        8.1,
        1,
        3.444,
        7.354,
        3.856,
        0,
        4.267,
        0,
        1,
        4.822,
        0,
        5.378,
        21,
        5.933,
        21,
        1,
        7.166,
        21,
        8.4,
        0,
        9.633,
        0
      ]
    },
    {
      "Target": "Parameter",
      "Id": "ParamAngleY",
      "Segments": [
        0,
        0,
        1,
        0.467,
        0,
        0.933,
        -11,
        1.4,
        -11,
        1,
        1.944,
        -11,
        2.489,
        -11.144,
        3.033,
        -9.813,
        1,
        3.444,
        -9.813,
        3.856,
        0.935,
        4.267,
        10,
        1,
        4.956,
        10,
        5.644,
        -18.67,
        6.333,
        -18.67,
        1,
        6.589,
        -4.556,
        6.844,
        2,
        7.1,
        2,
        1,
        7.944,
        2,
        8.789,
        0,
        9.633,
        0
      ]
    },
    {
      "Target": "Parameter",
      "Id": "ParamAngleZ",
      "Segments": [
        0,
        0,
        1,
        0.467,
        0,
        0.933,
        -9,
        1.4,
        -9,
        1,
        3.544,
        -9,
        5.689,
        0,
        7.833,
        0,
        2,
        9.633,
        0
      ]
    },
    {
      "Target": "Parameter",
      "Id": "boziqumian",
      "Segments": [
        0,
        0,
        1,
        0.467,
        0,
        0.933,
        -3,
        1.4,
        -3,
        1,
        3.533,
        -3,
        5.667,
        -1.854,
        7.8,
        -0.4,
        1,
        8.411,
        0.017,
        9.022,
        0,
        9.633,
        0
      ]
    },
    {
      "Target": "Parameter",
      "Id": "ParamEyeLOpen",
      "Segments": [
        0,
        1,
        2,
        0.767,
        1,
        1,
        0.845,
        1,
        0.922,
        0,
        1,
        0,
        1,
        1.133,
        0,
        1.267,
        0.7,
        1.4,
        0.7,
        2,
        2.967,
        0.7,
        1,
        3.178,
        0.7,
        3.389,
        0,
        3.6,
        0,
        2,
        4.333,
        0,
        1,
        4.855,
        0,
        5.378,
        0.7,
        5.9,
        0.7,
        1,
        5.978,
        0.7,
        6.055,
        0,
        6.133,
        0,
        1,
        6.289,
        0,
        6.444,
        1,
        6.6,
        1,
        1,
        7.456,
        1,
        8.311,
        0.7,
        9.167,
        0.7,
        1,
        9.322,
        0.7,
        9.478,
        1,
        9.633,
        1
      ]
    },
    {
      "Target": "Parameter",
      "Id": "ParamEyeROpen",
      "Segments": [
        0,
        1,
        2,
        0.767,
        1,
        1,
        0.845,
        1,
        0.922,
        0,
        1,
        0,
        1,
        1.133,
        0,
        1.267,
        0.7,
        1.4,
        0.7,
        2,
        2.967,
        0.7,
        1,
        3.178,
        0.7,
        3.389,
        0,
        3.6,
        0,
        2,
        4.333,
        0,
        1,
        4.855,
        0,
        5.378,
        0.7,
        5.9,
        0.7,
        1,
        5.978,
        0.7,
        6.055,
        0,
        6.133,
        0,
        1,
        6.289,
        0,
        6.444,
        1,
        6.6,
        1,
        1,
        7.456,
        1,
        8.311,
        0.7,
        9.167,
        0.7,
        1,
        9.322,
        0.7,
        9.478,
        1,
        9.633,
        1
      ]
    },
    {
      "Target": "Parameter",
      "Id": "ParamEyeBallX",
      "Segments": [
        0,
        0,
        2,
        5.967,
        0,
        1,
        6.167,
        0,
        6.367,
        -0.7,
        6.567,
        -0.7,
        1,
        7.167,
        -0.7,
        7.767,
        0,
        8.367,
        0,
        2,
        9.633,
        0
      ]
    },
    {
      "Target": "Parameter",
      "Id": "TKDX",
      "Segments": [
        0,
        0,
        2,
        0.767,
        0,
        1,
        0.845,
        0,
        0.922,
        1,
        1,
        1,
        1,
        1.133,
        1,
        1.267,
        -1,
        1.4,
        -1,
        1,
        1.6,
        -1,
        1.8,
        0.3,
        2,
        0.3,
        1,
        2.111,
        0.3,
        2.222,
        0,
        2.333,
        0,
        2,
        2.967,
        0,
        1,
        3.178,
        0,
        3.389,
        1,
        3.6,
        1,
        1,
        4.367,
        1,
        5.133,
        0,
        5.9,
        0,
        1,
        5.978,
        0,
        6.055,
        1,
        6.133,
        1,
        1,
        6.289,
        1,
        6.444,
        -1,
        6.6,
        -1,
        1,
        6.744,
        -1,
        6.889,
        0.7,
        7.033,
        0.7,
        1,
        7.189,
        0.7,
        7.344,
        -0.3,
        7.5,
        -0.3,
        1,
        7.889,
        -0.3,
        8.278,
        -0.267,
        8.667,
        0,
        1,
        8.834,
        0.115,
        9,
        0.8,
        9.167,
        0.8,
        1,
        9.322,
        0.8,
        9.478,
        0,
        9.633,
        0
      ]
    },
    {
      "Target": "Parameter",
      "Id": "GGDONGHUA",
      "Segments": [
        0,
        0,
        1,
        0.167,
        0,
        0.333,
        0.5,
        0.5,
        0.5,
        1,
        0.667,
        0.5,
        0.833,
        0,
        1,
        0,
        1,
        1.067,
        0,
        1.133,
        1,
        1.2,
        1,
        1,
        1.256,
        1,
        1.311,
        0,
        1.367,
        0,
        1,
        1.434,
        0,
        1.5,
        0.798,
        1.567,
        0.798,
        1,
        1.611,
        0.798,
        1.656,
        0,
        1.7,
        0,
        1,
        1.767,
        0,
        1.833,
        0.551,
        1.9,
        0.551,
        1,
        1.956,
        0.551,
        2.011,
        0,
        2.067,
        0,
        1,
        2.356,
        0,
        2.644,
        0.5,
        2.933,
        0.5,
        1,
        3.211,
        0.5,
        3.489,
        0,
        3.767,
        0,
        1,
        4.189,
        0,
        4.611,
        0.5,
        5.033,
        0.5,
        1,
        5.4,
        0.5,
        5.766,
        0,
        6.133,
        0,
        1,
        6.2,
        0,
        6.266,
        1,
        6.333,
        1,
        1,
        6.389,
        1,
        6.444,
        0,
        6.5,
        0,
        1,
        6.567,
        0,
        6.633,
        0.798,
        6.7,
        0.798,
        1,
        6.744,
        0.798,
        6.789,
        0,
        6.833,
        0,
        1,
        6.9,
        0,
        6.966,
        0.551,
        7.033,
        0.551,
        1,
        7.089,
        0.551,
        7.144,
        0,
        7.2,
        0,
        1,
        7.633,
        0,
        8.067,
        0.5,
        8.5,
        0.5,
        1,
        8.878,
        0.5,
        9.255,
        0,
        9.633,
        0
      ]
    },
    {
      "Target": "Parameter",
      "Id": "erhuanYB",
      "Segments": [
        0,
        0,
        1,
        0.244,
        0,
        0.489,
        -0.491,
        0.733,
        -0.491,
        1,
        0.978,
        -0.491,
        1.222,
        0,
        1.467,
        0,
        1,
        1.734,
        0,
        2,
        -0.7,
        2.267,
        -0.7,
        1,
        2.534,
        -0.7,
        2.8,
        0,
        3.067,
        0,
        1,
        3.334,
        0,
        3.6,
        -0.7,
        3.867,
        -0.7,
        1,
        4.134,
        -0.7,
        4.4,
        0,
        4.667,
        0,
        1,
        4.934,
        0,
        5.2,
        -0.7,
        5.467,
        -0.7,
        1,
        5.734,
        -0.7,
        6,
        0,
        6.267,
        0,
        1,
        6.534,
        0,
        6.8,
        -0.7,
        7.067,
        -0.7,
        1,
        7.334,
        -0.7,
        7.6,
        0,
        7.867,
        0,
        1,
        8.134,
        0,
        8.4,
        -0.7,
        8.667,
        -0.7,
        1,
        8.934,
        -0.7,
        9.2,
        0,
        9.467,
        0,
        2,
        9.633,
        0
      ]
    },
    {
      "Target": "Parameter",
      "Id": "ParamBrowLY",
      "Segments": [
        0,
        0,
        2,
        0.767,
        0,
        1,
        0.845,
        0,
        0.922,
        -1,
        1,
        -1,
        1,
        1.133,
        -1,
        1.267,
        0.395,
        1.4,
        0.5,
        1,
        1.922,
        0.909,
        2.445,
        1,
        2.967,
        1,
        1,
        3.178,
        1,
        3.389,
        -1,
        3.6,
        -1,
        1,
        4.367,
        -1,
        5.133,
        0.3,
        5.9,
        0.3,
        1,
        5.978,
        0.3,
        6.055,
        -0.6,
        6.133,
        -0.6,
        1,
        6.289,
        -0.6,
        6.444,
        0.3,
        6.6,
        0.3,
        1,
        6.9,
        0.3,
        7.2,
        0.203,
        7.5,
        0,
        1,
        7.889,
        -0.263,
        8.278,
        -0.4,
        8.667,
        -0.4,
        1,
        8.989,
        -0.4,
        9.311,
        0,
        9.633,
        0
      ]
    },
    {
      "Target": "Parameter",
      "Id": "ParamBrowRY",
      "Segments": [
        0,
        0,
        2,
        0.767,
        0,
        1,
        0.845,
        0,
        0.922,
        -1,
        1,
        -1,
        1,
        1.133,
        -1,
        1.267,
        0.395,
        1.4,
        0.5,
        1,
        1.922,
        0.909,
        2.445,
        1,
        2.967,
        1,
        1,
        3.178,
        1,
        3.389,
        -1,
        3.6,
        -1,
        1,
        4.367,
        -1,
        5.133,
        0.3,
        5.9,
        0.3,
        1,
        5.978,
        0.3,
        6.055,
        -0.6,
        6.133,
        -0.6,
        1,
        6.289,
        -0.6,
        6.444,
        0.3,
        6.6,
        0.3,
        1,
        6.9,
        0.3,
        7.2,
        0.203,
        7.5,
        0,
        1,
        7.889,
        -0.263,
        8.278,
        -0.4,
        8.667,
        -0.4,
        1,
        8.989,
        -0.4,
        9.311,
        0,
        9.633,
        0
      ]
    },
    {
      "Target": "Parameter",
      "Id": "ParamBrowLForm",
      "Segments": [
        0,
        0,
        2,
        1.033,
        0,
        1,
        1.3,
        0,
        1.566,
        -0.2,
        1.833,
        -0.2,
        2,
        3.233,
        -0.2,
        1,
        3.566,
        -0.2,
        3.9,
        0,
        4.233,
        0,
        2,
        9.633,
        0
      ]
    },
    {
      "Target": "Parameter",
      "Id": "ParamBrowRForm",
      "Segments": [
        0,
        0,
        2,
        1.033,
        0,
        1,
        1.3,
        0,
        1.566,
        -0.2,
        1.833,
        -0.2,
        2,
        3.233,
        -0.2,
        1,
        3.566,
        -0.2,
        3.9,
        0,
        4.233,
        0,
        2,
        9.633,
        0
      ]
    },
    {
      "Target": "Parameter",
      "Id": "ParamMouthForm",
      "Segments": [
        0,
        0,
        1,
        0.611,
        0,
        1.222,
        -1,
        1.833,
        -1,
        1,
        2.511,
        -1,
        3.189,
        1,
        3.867,
        1,
        1,
        4.9,
        1,
        5.934,
        -1,
        6.967,
        -1,
        1,
        7.856,
        -1,
        8.744,
        0,
        9.633,
        0
      ]
    },
    {
      "Target": "Parameter",
      "Id": "ParamBodyAngleX",
      "Segments": [
        0,
        0,
        1,
        0.544,
        0,
        1.089,
        -10,
        1.633,
        -10,
        1,
        2.644,
        -10,
        3.656,
        10,
        4.667,
        10,
        1,
        6.322,
        10,
        7.978,
        0,
        9.633,
        0
      ]
    },
    {
      "Target": "Parameter",
      "Id": "ParamBodyAngleY1",
      "Segments": [
        0,
        0,
        1,
        1.222,
        0,
        2.445,
        -2,
        3.667,
        -2,
        1,
        4.589,
        -2,
        5.511,
        -1.1,
        6.433,
        -1.1,
        1,
        6.889,
        -1.1,
        7.344,
        -4,
        7.8,
        -4,
        1,
        8.411,
        -4,
        9.022,
        0,
        9.633,
        0
      ]
    },
    {
      "Target": "Parameter",
      "Id": "xiashenX",
      "Segments": [
        0,
        0,
        1,
        0.544,
        0,
        1.089,
        -1,
        1.633,
        -1,
        1,
        3.189,
        -1,
        4.744,
        0,
        6.3,
        0,
        1,
        6.756,
        0,
        7.211,
        -1,
        7.667,
        -1,
        1,
        8.322,
        -1,
        8.978,
        0,
        9.633,
        0
      ]
    },
    {
      "Target": "Parameter",
      "Id": "XIASHENY",
      "Segments": [
        0,
        0,
        1,
        0.244,
        0,
        0.489,
        -1,
        0.733,
        -1,
        1,
        1.378,
        -1,
        2.022,
        1,
        2.667,
        1,
        1,
        3.3,
        1,
        3.934,
        0,
        4.567,
        0,
        1,
        5.067,
        0,
        5.567,
        0.647,
        6.067,
        0.647,
        1,
        6.534,
        0.647,
        7,
        0,
        7.467,
        0,
        1,
        7.911,
        0,
        8.356,
        0.39,
        8.8,
        0.39,
        1,
        9.078,
        0.39,
        9.355,
        0,
        9.633,
        0
      ]
    },
    {
      "Target": "Parameter",
      "Id": "ParamBodyAngleZ",
      "Segments": [
        0,
        0,
        2,
        0.667,
        0,
        1,
        1.378,
        0,
        2.089,
        -5,
        2.8,
        -5,
        1,
        4.533,
        -5,
        6.267,
        4,
        8,
        4,
        1,
        8.544,
        4,
        9.089,
        0,
        9.633,
        0
      ]
    },
    {
      "Target": "Parameter",
      "Id": "XSX",
      "Segments": [
        0,
        0,
        2,
        0.033,
        0,
        1,
        0.189,
        0,
        0.344,
        0.192,
        0.5,
        0.192,
        1,
        0.978,
        0.192,
        1.455,
        -0.083,
        1.933,
        -0.083,
        1,
        1.966,
        -0.083,
        2,
        -0.082,
        2.033,
        -0.082,
        1,
        2.333,
        -0.082,
        2.633,
        -0.163,
        2.933,
        -0.163,
        1,
        3.555,
        -0.163,
        4.178,
        0.032,
        4.8,
        0.032,
        1,
        4.922,
        0.032,
        5.045,
        -0.006,
        5.167,
        -0.006,
        1,
        5.367,
        -0.006,
        5.567,
        0.022,
        5.767,
        0.022,
        2,
        5.8,
        0.022,
        2,
        5.833,
        0.022,
        2,
        5.867,
        0.022,
        1,
        6.289,
        0.022,
        6.711,
        0.037,
        7.133,
        0.037,
        2,
        7.167,
        0.037,
        1,
        7.178,
        0.037,
        7.189,
        0.038,
        7.2,
        0.038,
        1,
        7.211,
        0.038,
        7.222,
        0.037,
        7.233,
        0.037,
        1,
        7.378,
        0.037,
        7.522,
        0.04,
        7.667,
        0.04,
        2,
        7.7,
        0.04,
        2,
        7.733,
        0.04,
        2,
        7.767,
        0.04,
        2,
        7.8,
        0.04,
        1,
        7.878,
        0.04,
        7.955,
        0.039,
        8.033,
        0.039,
        1,
        8.178,
        0.039,
        8.322,
        0.05,
        8.467,
        0.05,
        1,
        8.856,
        0.05,
        9.244,
        0,
        9.633,
        0
      ]
    },
    {
      "Target": "Parameter",
      "Id": "XDYB",
      "Segments": [
        0,
        -0.002,
        1,
        0.222,
        -0.002,
        0.445,
        -0.439,
        0.667,
        -0.439,
        1,
        0.989,
        -0.439,
        1.311,
        0.258,
        1.633,
        0.258,
        1,
        2.022,
        0.258,
        2.411,
        -0.369,
        2.8,
        -0.369,
        1,
        3.411,
        -0.369,
        4.022,
        0.286,
        4.633,
        0.286,
        1,
        5.289,
        0.286,
        5.944,
        -0.296,
        6.6,
        -0.296,
        1,
        7.456,
        -0.296,
        8.311,
        0.211,
        9.167,
        0.211,
        1,
        9.322,
        0.211,
        9.478,
        -0.002,
        9.633,
        -0.002
      ]
    },
    {
      "Target": "Parameter",
      "Id": "XDBX",
      "Segments": [
        0,
        0,
        2,
        0.033,
        0,
        1,
        0.166,
        0,
        0.3,
        -0.386,
        0.433,
        -0.386,
        1,
        0.555,
        -0.386,
        0.678,
        -0.279,
        0.8,
        -0.279,
        1,
        0.867,
        -0.279,
        0.933,
        -0.292,
        1,
        -0.292,
        1,
        1.289,
        -0.292,
        1.578,
        0.156,
        1.867,
        0.156,
        1,
        1.911,
        0.156,
        1.956,
        0.152,
        2,
        0.152,
        1,
        2.311,
        0.152,
        2.622,
        0.323,
        2.933,
        0.323,
        1,
        2.955,
        0.323,
        2.978,
        0.321,
        3,
        0.321,
        2,
        3.033,
        0.321,
        1,
        3.611,
        0.321,
        4.189,
        -0.067,
        4.767,
        -0.067,
        1,
        4.889,
        -0.067,
        5.011,
        0.016,
        5.133,
        0.016,
        1,
        5.278,
        0.016,
        5.422,
        -0.04,
        5.567,
        -0.04,
        1,
        5.578,
        -0.04,
        5.589,
        -0.039,
        5.6,
        -0.039,
        1,
        5.611,
        -0.039,
        5.622,
        -0.04,
        5.633,
        -0.04,
        1,
        5.666,
        -0.04,
        5.7,
        -0.039,
        5.733,
        -0.039,
        2,
        5.767,
        -0.039,
        2,
        5.8,
        -0.039,
        1,
        6.244,
        -0.039,
        6.689,
        -0.075,
        7.133,
        -0.075,
        1,
        7.144,
        -0.075,
        7.156,
        -0.074,
        7.167,
        -0.074,
        1,
        7.178,
        -0.074,
        7.189,
        -0.076,
        7.2,
        -0.076,
        1,
        7.211,
        -0.076,
        7.222,
        -0.075,
        7.233,
        -0.075,
        1,
        7.378,
        -0.075,
        7.522,
        -0.079,
        7.667,
        -0.079,
        2,
        7.7,
        -0.079,
        2,
        7.733,
        -0.079,
        2,
        7.767,
        -0.079,
        2,
        7.8,
        -0.079,
        1,
        7.878,
        -0.079,
        7.955,
        -0.078,
        8.033,
        -0.078,
        1,
        8.155,
        -0.078,
        8.278,
        -0.101,
        8.4,
        -0.101,
        1,
        8.811,
        -0.101,
        9.222,
        0,
        9.633,
        0
      ]
    },
    {
      "Target": "Parameter",
      "Id": "ZXZY",
      "Segments": [
        0,
        0,
        2,
        0.033,
        0,
        1,
        0.144,
        0,
        0.256,
        0.138,
        0.367,
        0.138,
        1,
        0.456,
        0.138,
        0.544,
        0.106,
        0.633,
        0.106,
        1,
        0.722,
        0.106,
        0.811,
        0.12,
        0.9,
        0.12,
        1,
        1.2,
        0.12,
        1.5,
        -0.055,
        1.8,
        -0.055,
        1,
        1.844,
        -0.055,
        1.889,
        -0.05,
        1.933,
        -0.05,
        1,
        2.255,
        -0.05,
        2.578,
        -0.122,
        2.9,
        -0.122,
        1,
        2.933,
        -0.122,
        2.967,
        -0.12,
        3,
        -0.12,
        2,
        3.033,
        -0.12,
        1,
        3.133,
        -0.12,
        3.233,
        -0.111,
        3.333,
        -0.111,
        1,
        3.344,
        -0.111,
        3.356,
        -0.112,
        3.367,
        -0.112,
        1,
        3.822,
        -0.112,
        4.278,
        0.026,
        4.733,
        0.026,
        1,
        4.833,
        0.026,
        4.933,
        -0.008,
        5.033,
        -0.008,
        1,
        5.166,
        -0.008,
        5.3,
        0.012,
        5.433,
        0.012,
        1,
        5.466,
        0.012,
        5.5,
        0.011,
        5.533,
        0.011,
        2,
        5.567,
        0.011,
        2,
        5.6,
        0.011,
        1,
        6.111,
        0.011,
        6.622,
        0.028,
        7.133,
        0.028,
        1,
        7.144,
        0.028,
        7.156,
        0.027,
        7.167,
        0.027,
        1,
        7.178,
        0.027,
        7.189,
        0.028,
        7.2,
        0.028,
        2,
        7.233,
        0.028,
        1,
        7.333,
        0.028,
        7.433,
        0.03,
        7.533,
        0.03,
        1,
        7.544,
        0.03,
        7.556,
        0.029,
        7.567,
        0.029,
        1,
        7.578,
        0.029,
        7.589,
        0.03,
        7.6,
        0.03,
        1,
        7.611,
        0.03,
        7.622,
        0.029,
        7.633,
        0.029,
        1,
        7.644,
        0.029,
        7.656,
        0.03,
        7.667,
        0.03,
        1,
        7.678,
        0.03,
        7.689,
        0.029,
        7.7,
        0.029,
        1,
        7.711,
        0.029,
        7.722,
        0.03,
        7.733,
        0.03,
        1,
        7.744,
        0.03,
        7.756,
        0.029,
        7.767,
        0.029,
        1,
        7.778,
        0.029,
        7.789,
        0.03,
        7.8,
        0.03,
        1,
        7.811,
        0.03,
        7.822,
        0.029,
        7.833,
        0.029,
        1,
        7.844,
        0.029,
        7.856,
        0.03,
        7.867,
        0.03,
        2,
        7.9,
        0.03,
        2,
        7.933,
        0.03,
        1,
        7.966,
        0.03,
        8,
        0.029,
        8.033,
        0.029,
        1,
        8.144,
        0.029,
        8.256,
        0.038,
        8.367,
        0.038,
        1,
        8.511,
        0.038,
        8.656,
        0.031,
        8.8,
        0.031,
        2,
        8.833,
        0.031,
        1,
        9.1,
        0.031,
        9.366,
        0,
        9.633,
        0
      ]
    },
    {
      "Target": "Parameter",
      "Id": "ZXSBX",
      "Segments": [
        0,
        0,
        1,
        0.256,
        0,
        0.511,
        1,
        0.767,
        1,
        1,
        1.011,
        1,
        1.256,
        0.682,
        1.5,
        0,
        1,
        1.733,
        -0.651,
        1.967,
        -1,
        2.2,
        -1,
        1,
        2.467,
        -1,
        2.733,
        -0.534,
        3,
        0,
        1,
        3.278,
        0.556,
        3.555,
        0.7,
        3.833,
        0.7,
        1,
        4.111,
        0.7,
        4.389,
        0.448,
        4.667,
        0,
        1,
        4.967,
        -0.484,
        5.267,
        -0.7,
        5.567,
        -0.7,
        1,
        5.878,
        -0.7,
        6.189,
        -0.475,
        6.5,
        0,
        1,
        6.8,
        0.458,
        7.1,
        0.7,
        7.4,
        0.7,
        1,
        7.711,
        0.7,
        8.022,
        0.561,
        8.333,
        0,
        1,
        8.622,
        -0.521,
        8.911,
        -1,
        9.2,
        -1,
        1,
        9.344,
        -1,
        9.489,
        0,
        9.633,
        0
      ]
    },
    {
      "Target": "Parameter",
      "Id": "ZXSDX",
      "Segments": [
        0,
        0,
        1,
        0.256,
        0,
        0.511,
        -0.159,
        0.767,
        -0.5,
        1,
        1.011,
        -0.826,
        1.256,
        -1,
        1.5,
        -1,
        1,
        1.733,
        -1,
        1.967,
        -0.81,
        2.2,
        -0.5,
        1,
        2.467,
        -0.146,
        2.733,
        0,
        3,
        0,
        1,
        3.278,
        0,
        3.555,
        -0.28,
        3.833,
        -0.6,
        1,
        4.111,
        -0.92,
        4.389,
        -1,
        4.667,
        -1,
        1,
        4.967,
        -1,
        5.267,
        -0.916,
        5.567,
        -0.6,
        1,
        5.878,
        -0.272,
        6.189,
        0,
        6.5,
        0,
        1,
        6.8,
        0,
        7.1,
        -0.173,
        7.4,
        -0.5,
        1,
        7.711,
        -0.839,
        8.022,
        -1,
        8.333,
        -1,
        1,
        8.622,
        -1,
        8.911,
        -0.9,
        9.2,
        -0.5,
        1,
        9.344,
        -0.3,
        9.489,
        0,
        9.633,
        0
      ]
    },
    {
      "Target": "Parameter",
      "Id": "YXZY",
      "Segments": [
        0,
        0,
        2,
        0.033,
        0,
        1,
        0.144,
        0,
        0.256,
        -0.092,
        0.367,
        -0.092,
        1,
        0.456,
        -0.092,
        0.544,
        -0.07,
        0.633,
        -0.07,
        1,
        0.722,
        -0.07,
        0.811,
        -0.08,
        0.9,
        -0.08,
        1,
        1.2,
        -0.08,
        1.5,
        0.037,
        1.8,
        0.037,
        1,
        1.844,
        0.037,
        1.889,
        0.033,
        1.933,
        0.033,
        1,
        2.255,
        0.033,
        2.578,
        0.081,
        2.9,
        0.081,
        1,
        2.933,
        0.081,
        2.967,
        0.08,
        3,
        0.08,
        2,
        3.033,
        0.08,
        1,
        3.133,
        0.08,
        3.233,
        0.074,
        3.333,
        0.074,
        2,
        3.367,
        0.074,
        1,
        3.822,
        0.074,
        4.278,
        -0.017,
        4.733,
        -0.017,
        1,
        4.833,
        -0.017,
        4.933,
        0.006,
        5.033,
        0.006,
        1,
        5.166,
        0.006,
        5.3,
        -0.008,
        5.433,
        -0.008,
        1,
        5.466,
        -0.008,
        5.5,
        -0.007,
        5.533,
        -0.007,
        1,
        5.544,
        -0.007,
        5.556,
        -0.008,
        5.567,
        -0.008,
        1,
        5.578,
        -0.008,
        5.589,
        -0.007,
        5.6,
        -0.007,
        1,
        6.111,
        -0.007,
        6.622,
        -0.019,
        7.133,
        -0.019,
        1,
        7.144,
        -0.019,
        7.156,
        -0.018,
        7.167,
        -0.018,
        1,
        7.178,
        -0.018,
        7.189,
        -0.019,
        7.2,
        -0.019,
        2,
        7.233,
        -0.019,
        1,
        7.333,
        -0.019,
        7.433,
        -0.02,
        7.533,
        -0.02,
        2,
        7.567,
        -0.02,
        2,
        7.6,
        -0.02,
        2,
        7.633,
        -0.02,
        2,
        7.667,
        -0.02,
        2,
        7.7,
        -0.02,
        2,
        7.733,
        -0.02,
        2,
        7.767,
        -0.02,
        2,
        7.8,
        -0.02,
        2,
        7.833,
        -0.02,
        2,
        7.867,
        -0.02,
        2,
        7.9,
        -0.02,
        2,
        7.933,
        -0.02,
        2,
        8.033,
        -0.02,
        1,
        8.144,
        -0.02,
        8.256,
        -0.025,
        8.367,
        -0.025,
        1,
        8.511,
        -0.025,
        8.656,
        -0.021,
        8.8,
        -0.021,
        2,
        8.833,
        -0.021,
        1,
        9.1,
        -0.021,
        9.366,
        0,
        9.633,
        0
      ]
    },
    {
      "Target": "Parameter",
      "Id": "YXSBX",
      "Segments": [
        0,
        0,
        1,
        0.256,
        0,
        0.511,
        0.6,
        0.767,
        0.6,
        1,
        1.011,
        0.6,
        1.256,
        0.505,
        1.5,
        0,
        1,
        1.733,
        -0.482,
        1.967,
        -1,
        2.2,
        -1,
        1,
        2.467,
        -1,
        2.733,
        -0.578,
        3,
        0,
        1,
        3.278,
        0.602,
        3.555,
        0.8,
        3.833,
        0.8,
        1,
        4.111,
        0.8,
        4.389,
        0.512,
        4.667,
        0,
        1,
        4.967,
        -0.553,
        5.267,
        -0.8,
        5.567,
        -0.8,
        1,
        5.878,
        -0.8,
        6.189,
        -0.543,
        6.5,
        0,
        1,
        6.8,
        0.523,
        7.1,
        0.8,
        7.4,
        0.8,
        1,
        7.711,
        0.8,
        8.022,
        0.478,
        8.333,
        0,
        1,
        8.622,
        -0.444,
        8.911,
        -0.6,
        9.2,
        -0.6,
        1,
        9.344,
        -0.6,
        9.489,
        0,
        9.633,
        0
      ]
    },
    {
      "Target": "Parameter",
      "Id": "YXSDX",
      "Segments": [
        0,
        0,
        1,
        0.256,
        0,
        0.511,
        -0.317,
        0.767,
        -0.63,
        1,
        1.011,
        -0.929,
        1.256,
        -0.984,
        1.5,
        -0.984,
        1,
        1.733,
        -0.984,
        1.967,
        -0.805,
        2.2,
        -0.5,
        1,
        2.467,
        -0.151,
        2.733,
        0,
        3,
        0,
        1,
        3.278,
        0,
        3.555,
        -0.442,
        3.833,
        -0.6,
        1,
        4.111,
        -0.758,
        4.389,
        -0.747,
        4.667,
        -0.747,
        1,
        4.967,
        -0.747,
        5.267,
        -0.719,
        5.567,
        -0.5,
        1,
        5.878,
        -0.273,
        6.189,
        0,
        6.5,
        0,
        1,
        6.8,
        0,
        7.1,
        -0.288,
        7.4,
        -0.6,
        1,
        7.711,
        -0.923,
        8.022,
        -1,
        8.333,
        -1,
        1,
        8.622,
        -1,
        8.911,
        -0.711,
        9.2,
        -0.274,
        1,
        9.344,
        -0.056,
        9.489,
        0,
        9.633,
        0
      ]
    },
    {
      "Target": "Parameter",
      "Id": "ParamBreath",
      "Segments": [
        0,
        0,
        1,
        0.333,
        0,
        0.667,
        1,
        1,
        1,
        1,
        1.767,
        1,
        2.533,
        0,
        3.3,
        0,
        1,
        3.633,
        0,
        3.967,
        1,
        4.3,
        1,
        1,
        5.067,
        1,
        5.833,
        0,
        6.6,
        0,
        1,
        6.933,
        0,
        7.267,
        1,
        7.6,
        1,
        1,
        8.278,
        1,
        8.955,
        0,
        9.633,
        0
      ]
    },
    {
      "Target": "Parameter",
      "Id": "ParamHairFront",
      "Segments": [
        0,
        0,
        2,
        0.033,
        0,
        1,
        0.189,
        0,
        0.344,
        0.103,
        0.5,
        0.103,
        1,
        1.3,
        0.103,
        2.1,
        -0.088,
        2.9,
        -0.088,
        2,
        3,
        -0.088,
        2,
        3.033,
        -0.088,
        1,
        3.622,
        -0.088,
        4.211,
        0.005,
        4.8,
        0.005,
        1,
        4.911,
        0.005,
        5.022,
        -0.007,
        5.133,
        -0.007,
        1,
        5.478,
        -0.007,
        5.822,
        0.026,
        6.167,
        0.026,
        1,
        6.245,
        0.026,
        6.322,
        0.025,
        6.4,
        0.025,
        1,
        6.622,
        0.025,
        6.845,
        0.03,
        7.067,
        0.03,
        2,
        7.1,
        0.03,
        2,
        7.133,
        0.03,
        2,
        7.167,
        0.03,
        2,
        7.2,
        0.03,
        2,
        7.233,
        0.03,
        2,
        7.4,
        0.03,
        1,
        8.144,
        0.03,
        8.889,
        0,
        9.633,
        0
      ]
    },
    {
      "Target": "Parameter",
      "Id": "qianfaBX",
      "Segments": [
        0,
        0,
        2,
        0.033,
        0,
        1,
        0.166,
        0,
        0.3,
        0.111,
        0.433,
        0.111,
        1,
        0.911,
        0.111,
        1.389,
        -0.073,
        1.867,
        -0.073,
        1,
        1.934,
        -0.073,
        2,
        -0.068,
        2.067,
        -0.068,
        1,
        2.289,
        -0.068,
        2.511,
        -0.103,
        2.733,
        -0.103,
        1,
        2.822,
        -0.103,
        2.911,
        -0.101,
        3,
        -0.101,
        1,
        3.011,
        -0.101,
        3.022,
        -0.102,
        3.033,
        -0.102,
        1,
        3.611,
        -0.102,
        4.189,
        0,
        4.767,
        0,
        1,
        4.878,
        0,
        4.989,
        -0.023,
        5.1,
        -0.023,
        1,
        5.422,
        -0.023,
        5.745,
        0.043,
        6.067,
        0.043,
        1,
        6.178,
        0.043,
        6.289,
        0.034,
        6.4,
        0.034,
        1,
        6.567,
        0.034,
        6.733,
        0.043,
        6.9,
        0.043,
        1,
        6.989,
        0.043,
        7.078,
        0.042,
        7.167,
        0.042,
        1,
        7.178,
        0.042,
        7.189,
        0.043,
        7.2,
        0.043,
        1,
        7.211,
        0.043,
        7.222,
        0.042,
        7.233,
        0.042,
        1,
        7.3,
        0.042,
        7.366,
        0.043,
        7.433,
        0.043,
        1,
        8.166,
        0.043,
        8.9,
        0,
        9.633,
        0
      ]
    },
    {
      "Target": "Parameter",
      "Id": "ParamHairSide",
      "Segments": [
        0,
        0,
        2,
        0.033,
        0,
        1,
        0.222,
        0,
        0.411,
        0.157,
        0.6,
        0.157,
        1,
        1.411,
        0.157,
        2.222,
        -0.125,
        3.033,
        -0.125,
        1,
        3.633,
        -0.125,
        4.233,
        0.004,
        4.833,
        0.004,
        1,
        4.966,
        0.004,
        5.1,
        -0.013,
        5.233,
        -0.013,
        1,
        6.155,
        -0.013,
        7.078,
        0.049,
        8,
        0.049,
        1,
        8.544,
        0.049,
        9.089,
        0,
        9.633,
        0
      ]
    },
    {
      "Target": "Parameter",
      "Id": "ParamHairBack",
      "Segments": [
        0,
        0,
        2,
        0.033,
        0,
        1,
        0.189,
        0,
        0.344,
        0.137,
        0.5,
        0.137,
        1,
        1.311,
        0.137,
        2.122,
        -0.108,
        2.933,
        -0.108,
        2,
        2.967,
        -0.108,
        1,
        2.989,
        -0.108,
        3.011,
        -0.109,
        3.033,
        -0.109,
        1,
        3.622,
        -0.109,
        4.211,
        0.005,
        4.8,
        0.005,
        1,
        4.922,
        0.005,
        5.045,
        -0.015,
        5.167,
        -0.015,
        1,
        6.067,
        -0.015,
        6.967,
        0.043,
        7.867,
        0.043,
        2,
        7.967,
        0.043,
        2,
        8,
        0.043,
        1,
        8.544,
        0.043,
        9.089,
        0,
        9.633,
        0
      ]
    },
    {
      "Target": "Parameter",
      "Id": "ZSBX",
      "Segments": [
        0,
        0,
        2,
        1.467,
        0,
        1,
        1.867,
        0,
        2.267,
        0.4,
        2.667,
        0.4,
        1,
        3.778,
        0.4,
        4.889,
        0,
        6,
        0,
        2,
        9.633,
        0
      ]
    },
    {
      "Target": "Parameter",
      "Id": "ZXBXZ",
      "Segments": [
        0,
        0,
        1,
        0.333,
        0,
        0.667,
        1.961,
        1,
        7,
        1,
        1.411,
        7,
        1.822,
        -4.82,
        2.233,
        -4.82,
        1,
        2.644,
        -4.82,
        3.056,
        -4.327,
        3.467,
        -3.142,
        1,
        3.867,
        -1.989,
        4.267,
        -1.3,
        4.667,
        -1.3,
        1,
        5.111,
        -1.3,
        5.556,
        -2,
        6,
        -2,
        1,
        6.344,
        -2,
        6.689,
        6,
        7.033,
        6,
        1,
        7.4,
        -0.568,
        7.766,
        -0.2,
        8.133,
        -0.368,
        1,
        8.633,
        -0.368,
        9.133,
        0,
        9.633,
        0
      ]
    },
    {
      "Target": "Parameter",
      "Id": "ZXBX",
      "Segments": [
        0,
        0,
        1,
        0.333,
        0,
        0.667,
        0.4,
        1,
        0.4,
        1,
        1.411,
        0.4,
        1.822,
        0.381,
        2.233,
        0.2,
        1,
        2.589,
        0.043,
        2.944,
        -0.2,
        3.3,
        -0.2,
        1,
        4.2,
        -0.2,
        5.1,
        0,
        6,
        0,
        1,
        6.333,
        0,
        6.667,
        -0.5,
        7,
        -0.5,
        1,
        7.378,
        -0.5,
        7.755,
        0.4,
        8.133,
        0.4,
        1,
        8.633,
        0.4,
        9.133,
        0,
        9.633,
        0
      ]
    },
    {
      "Target": "Parameter",
      "Id": "ZSXZ",
      "Segments": [
        0,
        0,
        1,
        0.278,
        0.506,
        0.555,
        0.6,
        0.833,
        0.6,
        1,
        1.133,
        -0.133,
        1.433,
        -0.2,
        1.733,
        -0.2,
        1,
        2.255,
        -0.2,
        2.778,
        0.7,
        3.3,
        0.7,
        1,
        4.2,
        0.7,
        5.1,
        0.672,
        6,
        0.5,
        1,
        6.5,
        0.404,
        7,
        0.2,
        7.5,
        0.2,
        1,
        7.944,
        0.2,
        8.389,
        0.5,
        8.833,
        0.5,
        1,
        9.1,
        0.5,
        9.366,
        0,
        9.633,
        0
      ]
    },
    {
      "Target": "Parameter",
      "Id": "ZSQH",
      "Segments": [
        0,
        0,
        2,
        1,
        0,
        2,
        1.033,
        1,
        2,
        7,
        1,
        2,
        7.033,
        0,
        2,
        9.633,
        0
      ]
    },
    {
      "Target": "Parameter",
      "Id": "zuoshou2",
      "Segments": [
        0,
        0,
        2,
        1,
        0,
        2,
        1.033,
        1,
        2,
        7,
        1,
        2,
        7.033,
        0,
        2,
        9.633,
        0
      ]
    },
    {
      "Target": "Parameter",
      "Id": "zuoshouY",
      "Segments": [
        0,
        0,
        1,
        0.5,
        0,
        1,
        1,
        1.5,
        1,
        1,
        2,
        1,
        2.5,
        -1,
        3,
        -1,
        1,
        5.211,
        -1,
        7.422,
        0,
        9.633,
        0
      ]
    },
    {
      "Target": "Parameter",
      "Id": "ZSZ01",
      "Segments": [
        0,
        0,
        1,
        0.5,
        0,
        1,
        0.5,
        1.5,
        0.5,
        2,
        3,
        0.5,
        1,
        4,
        0.5,
        5,
        1,
        6,
        1,
        1,
        6.333,
        1,
        6.667,
        0,
        7,
        0,
        1,
        7.378,
        0,
        7.755,
        0.183,
        8.133,
        0.5,
        1,
        8.389,
        0.714,
        8.644,
        0.8,
        8.9,
        0.8,
        1,
        9.144,
        0.8,
        9.389,
        0,
        9.633,
        0
      ]
    },
    {
      "Target": "Parameter",
      "Id": "ZSZ02",
      "Segments": [
        0,
        0,
        1,
        0.5,
        0,
        1,
        0.167,
        1.5,
        0.5,
        1,
        2,
        0.833,
        2.5,
        1,
        3,
        1,
        2,
        6,
        1,
        1,
        6.333,
        1,
        6.667,
        0,
        7,
        0,
        1,
        7.378,
        0,
        7.755,
        0.183,
        8.133,
        0.5,
        1,
        8.389,
        0.714,
        8.644,
        0.8,
        8.9,
        0.8,
        1,
        9.144,
        0.8,
        9.389,
        0,
        9.633,
        0
      ]
    },
    {
      "Target": "Parameter",
      "Id": "ZSZ03",
      "Segments": [
        0,
        0,
        1,
        0.5,
        0,
        1,
        0.5,
        1.5,
        0.5,
        2,
        3,
        0.5,
        1,
        4,
        0.5,
        5,
        1,
        6,
        1,
        1,
        6.333,
        1,
        6.667,
        0,
        7,
        0,
        1,
        7.378,
        0,
        7.755,
        0.183,
        8.133,
        0.5,
        1,
        8.389,
        0.714,
        8.644,
        0.8,
        8.9,
        0.8,
        1,
        9.144,
        0.8,
        9.389,
        0,
        9.633,
        0
      ]
    },
    {
      "Target": "Parameter",
      "Id": "ZSZ04",
      "Segments": [
        0,
        0,
        1,
        0.5,
        0,
        1,
        0.5,
        1.5,
        0.5,
        2,
        3,
        0.5,
        1,
        4,
        0.5,
        5,
        1,
        6,
        1,
        1,
        6.333,
        1,
        6.667,
        0,
        7,
        0,
        1,
        7.378,
        0,
        7.755,
        0.183,
        8.133,
        0.5,
        1,
        8.389,
        0.714,
        8.644,
        0.8,
        8.9,
        0.8,
        1,
        9.144,
        0.8,
        9.389,
        0,
        9.633,
        0
      ]
    },
    {
      "Target": "Parameter",
      "Id": "YBXZ",
      "Segments": [
        0,
        0,
        1,
        0.5,
        0,
        1,
        4,
        1.5,
        4,
        1,
        4.211,
        4,
        6.922,
        0,
        9.633,
        0
      ]
    },
    {
      "Target": "Parameter",
      "Id": "YXBXZ",
      "Segments": [
        0,
        0,
        1,
        0.5,
        0,
        1,
        4,
        1.5,
        4,
        1,
        4.211,
        4,
        6.922,
        0,
        9.633,
        0
      ]
    },
    {
      "Target": "Parameter",
      "Id": "YSXZ",
      "Segments": [
        0,
        0,
        1,
        1,
        0,
        2,
        1,
        3,
        1,
        1,
        5.211,
        1,
        7.422,
        0,
        9.633,
        0
      ]
    },
    {
      "Target": "Parameter",
      "Id": "YOUSHOUx",
      "Segments": [
        0,
        0,
        1,
        0.667,
        0,
        1.333,
        1,
        2,
        1,
        1,
        2.778,
        1,
        3.555,
        -1,
        4.333,
        -1,
        1,
        6.1,
        -1,
        7.866,
        0,
        9.633,
        0
      ]
    },
    {
      "Target": "Parameter",
      "Id": "youshouY",
      "Segments": [
        0,
        0,
        2,
        2,
        0,
        1,
        2.778,
        0,
        3.555,
        0.5,
        4.333,
        0.5,
        1,
        6.1,
        0.5,
        7.866,
        0,
        9.633,
        0
      ]
    },
    {
      "Target": "Parameter",
      "Id": "YSZ1",
      "Segments": [
        0,
        0,
        2,
        2,
        0,
        1,
        2.778,
        0,
        3.555,
        0.9,
        4.333,
        0.9,
        1,
        6.1,
        0.9,
        7.866,
        0,
        9.633,
        0
      ]
    },
    {
      "Target": "Parameter",
      "Id": "YSZ2",
      "Segments": [
        0,
        0,
        2,
        2,
        0,
        1,
        2.778,
        0,
        3.555,
        1,
        4.333,
        1,
        1,
        6.1,
        1,
        7.866,
        0,
        9.633,
        0
      ]
    },
    {
      "Target": "Parameter",
      "Id": "YSZ3",
      "Segments": [
        0,
        0,
        2,
        2,
        0,
        1,
        2.778,
        0,
        3.555,
        1,
        4.333,
        1,
        1,
        6.1,
        1,
        7.866,
        0,
        9.633,
        0
      ]
    },
    {
      "Target": "Parameter",
      "Id": "YSZ4",
      "Segments": [
        0,
        0,
        2,
        2,
        0,
        1,
        2.778,
        0,
        3.555,
        1,
        4.333,
        1,
        1,
        6.1,
        1,
        7.866,
        0,
        9.633,
        0
      ]
    },
    {
      "Target": "Parameter",
      "Id": "YSZ5",
      "Segments": [
        0,
        0,
        2,
        2,
        0,
        1,
        2.778,
        0,
        3.555,
        1,
        4.333,
        1,
        1,
        6.1,
        1,
        7.866,
        0,
        9.633,
        0
      ]
    },
    {
      "Target": "Parameter",
      "Id": "ZTXZ",
      "Segments": [
        0,
        0,
        1,
        0.222,
        0,
        0.445,
        2,
        0.667,
        2,
        1,
        1.334,
        2,
        2,
        -5,
        2.667,
        -5,
        1,
        3.778,
        -5,
        4.889,
        3,
        6,
        3,
        1,
        6.389,
        3,
        6.778,
        2.327,
        7.167,
        0,
        2,
        9.633,
        0
      ]
    },
    {
      "Target": "Parameter",
      "Id": "ZXTXZ",
      "Segments": [
        0,
        0,
        1,
        0.444,
        0,
        0.889,
        5,
        1.333,
        5,
        1,
        2.333,
        5,
        3.333,
        0,
        4.333,
        0,
        1,
        5.222,
        0,
        6.111,
        7,
        7,
        7,
        1,
        7.478,
        7,
        7.955,
        0.86,
        8.433,
        0.327,
        1,
        8.833,
        -0.119,
        9.233,
        0,
        9.633,
        0
      ]
    },
    {
      "Target": "Parameter",
      "Id": "ZJXZ",
      "Segments": [
        0,
        0,
        2,
        2,
        0,
        1,
        2.778,
        0,
        3.555,
        -0.5,
        4.333,
        -0.5,
        1,
        5.133,
        -0.5,
        5.933,
        0,
        6.733,
        0,
        1,
        7.355,
        0,
        7.978,
        -0.438,
        8.6,
        -0.438,
        1,
        8.944,
        -0.438,
        9.289,
        0,
        9.633,
        0
      ]
    },
    {
      "Target": "Parameter",
      "Id": "zuojiaoTX",
      "Segments": [
        0,
        1,
        1,
        1.1,
        1,
        2.2,
        0,
        3.3,
        0,
        1,
        5.411,
        0,
        7.522,
        1,
        9.633,
        1
      ]
    },
    {
      "Target": "Parameter",
      "Id": "YTXZ",
      "Segments": [
        0,
        0,
        1,
        0.667,
        0,
        1.333,
        -2,
        2,
        -2,
        1,
        3.667,
        -2,
        5.333,
        1,
        7,
        1,
        1,
        7.878,
        1,
        8.755,
        0,
        9.633,
        0
      ]
    },
    {
      "Target": "Parameter",
      "Id": "YJXZ",
      "Segments": [
        0,
        0,
        1,
        0.233,
        0,
        0.467,
        -0.5,
        0.7,
        -0.5,
        1,
        1.211,
        -0.5,
        1.722,
        0,
        2.233,
        0,
        1,
        3,
        0,
        3.766,
        -0.7,
        4.533,
        -0.7,
        1,
        6.233,
        -0.7,
        7.933,
        0,
        9.633,
        0
      ]
    },
    {
      "Target": "Parameter",
      "Id": "shufanye",
      "Segments": [
        0,
        0,
        1,
        0.133,
        0,
        0.267,
        0.5,
        0.4,
        0.5,
        1,
        1.144,
        0.5,
        1.889,
        0,
        2.633,
        0,
        1,
        3.111,
        0,
        3.589,
        0.3,
        4.067,
        0.3,
        1,
        4.922,
        0.3,
        5.778,
        -0.4,
        6.633,
        -0.4,
        1,
        6.989,
        -0.4,
        7.344,
        -0.33,
        7.7,
        0,
        1,
        7.833,
        0.124,
        7.967,
        0.5,
        8.1,
        0.5,
        1,
        8.378,
        0.5,
        8.655,
        -1,
        8.933,
        -1,
        1,
        9.166,
        -1,
        9.4,
        0,
        9.633,
        0
      ]
    },
    {
      "Target": "Parameter",
      "Id": "shuqianPD",
      "Segments": [
        0,
        0,
        1,
        0.333,
        0,
        0.667,
        -1,
        1,
        -1,
        1,
        1.333,
        -1,
        1.667,
        1,
        2,
        1,
        1,
        2.433,
        1,
        2.867,
        -0.581,
        3.3,
        -0.581,
        1,
        3.9,
        -0.581,
        4.5,
        1,
        5.1,
        1,
        1,
        6.278,
        1,
        7.455,
        -1,
        8.633,
        -1,
        1,
        8.966,
        -1,
        9.3,
        0,
        9.633,
        0
      ]
    },
    {
      "Target": "Parameter",
      "Id": "shiwuhe",
      "Segments": [
        0,
        0,
        1,
        0.333,
        0,
        0.667,
        -1,
        1,
        -1,
        1,
        1.767,
        -1,
        2.533,
        1,
        3.3,
        1,
        1,
        5.078,
        1,
        6.855,
        -1,
        8.633,
        -1,
        1,
        8.966,
        -1,
        9.3,
        0,
        9.633,
        0
      ]
    },
    {
      "Target": "Parameter",
      "Id": "SWHBZ",
      "Segments": [
        0,
        0,
        1,
        0.167,
        0,
        0.333,
        0.277,
        0.5,
        0.277,
        1,
        1,
        0.277,
        1.5,
        -0.381,
        2,
        -0.381,
        1,
        3.033,
        -0.381,
        4.067,
        0.237,
        5.1,
        0.237,
        1,
        6.444,
        0.237,
        7.789,
        -0.1,
        9.133,
        -0.1,
        1,
        9.3,
        -0.1,
        9.466,
        0,
        9.633,
        0
      ]
    },
    {
      "Target": "Parameter",
      "Id": "PCDYB",
      "Segments": [
        0,
        0,
        1,
        0.333,
        0,
        0.667,
        -0.4,
        1,
        -0.4,
        1,
        1.333,
        -0.4,
        1.667,
        0.813,
        2,
        0.813,
        1,
        2.433,
        0.813,
        2.867,
        -1,
        3.3,
        -1,
        1,
        3.922,
        -1,
        4.545,
        0.616,
        5.167,
        0.616,
        1,
        5.678,
        0.616,
        6.189,
        -0.7,
        6.7,
        -0.7,
        1,
        7.244,
        -0.7,
        7.789,
        0.616,
        8.333,
        0.616,
        1,
        8.766,
        0.616,
        9.2,
        0,
        9.633,
        0
      ]
    },
    {
      "Target": "Parameter",
      "Id": "PGYYTMD",
      "Segments": [
        0,
        0,
        1,
        0.111,
        0,
        0.222,
        1,
        0.333,
        1,
        2,
        8.8,
        1,
        1,
        9.078,
        1,
        9.355,
        0,
        9.633,
        0
      ]
    },
    {
      "Target": "Parameter",
      "Id": "zongxie",
      "Segments": [
        0,
        0,
        1,
        0.667,
        0,
        1.333,
        -1,
        2,
        -1,
        1,
        3.133,
        -1,
        4.267,
        1,
        5.4,
        1,
        1,
        6.811,
        1,
        8.222,
        0,
        9.633,
        0
      ]
    },
    {
      "Target": "Parameter",
      "Id": "zongti",
      "Segments": [
        0,
        0,
        1,
        1.333,
        0,
        2.667,
        -1,
        4,
        -1,
        1,
        5.144,
        -1,
        6.289,
        1,
        7.433,
        1,
        1,
        8.166,
        1,
        8.9,
        0,
        9.633,
        0
      ]
    },
    {
      "Target": "Parameter",
      "Id": "fubu",
      "Segments": [
        0,
        0,
        1,
        0.8,
        0,
        1.6,
        1,
        2.4,
        1,
        1,
        3.556,
        1,
        4.711,
        -1,
        5.867,
        -1,
        1,
        6.656,
        -1,
        7.444,
        0.196,
        8.233,
        0.196,
        1,
        8.7,
        0.196,
        9.166,
        0,
        9.633,
        0
      ]
    },
    {
      "Target": "Parameter",
      "Id": "zuodatuiBX",
      "Segments": [
        0,
        0,
        1,
        0.344,
        0,
        0.689,
        1,
        1.033,
        1,
        1,
        1.678,
        1,
        2.322,
        -1,
        2.967,
        -1,
        1,
        4.045,
        -1,
        5.122,
        1,
        6.2,
        1,
        1,
        7.344,
        1,
        8.489,
        0,
        9.633,
        0
      ]
    },
    {
      "Target": "Parameter",
      "Id": "youdatuiBX",
      "Segments": [
        0,
        0,
        1,
        0.656,
        0,
        1.311,
        -1,
        1.967,
        -1,
        1,
        2.878,
        -1,
        3.789,
        1,
        4.7,
        1,
        1,
        5.8,
        1,
        6.9,
        -0.6,
        8,
        -0.6,
        1,
        8.544,
        -0.6,
        9.089,
        0,
        9.633,
        0
      ]
    },
    {
      "Target": "Parameter",
      "Id": "MZPDJD",
      "Segments": [
        0,
        0,
        2,
        0.9,
        0,
        1,
        1.233,
        -0.235,
        1.567,
        -0.4,
        1.9,
        -0.4,
        1,
        2.211,
        -0.4,
        2.522,
        -0.304,
        2.833,
        0,
        1,
        3.122,
        0.283,
        3.411,
        0.5,
        3.7,
        0.5,
        1,
        4.033,
        0.5,
        4.367,
        0.29,
        4.7,
        0,
        1,
        5.044,
        -0.3,
        5.389,
        -0.4,
        5.733,
        -0.4,
        1,
        6.022,
        -0.4,
        6.311,
        -0.269,
        6.6,
        0,
        2,
        7.167,
        0,
        2,
        7.433,
        0,
        2,
        8.333,
        0,
        1,
        8.766,
        -0.235,
        9.2,
        0,
        9.633,
        0
      ]
    },
    {
      "Target": "Parameter",
      "Id": "MZPDBX",
      "Segments": [
        0,
        0,
        1,
        0.3,
        0.272,
        0.6,
        0.5,
        0.9,
        0.5,
        1,
        1.233,
        0.5,
        1.567,
        0.449,
        1.9,
        0,
        1,
        2.211,
        -0.419,
        2.522,
        -1,
        2.833,
        -1,
        1,
        3.122,
        -1,
        3.411,
        -0.719,
        3.7,
        -0.1,
        1,
        4.033,
        0.614,
        4.367,
        1,
        4.7,
        1,
        1,
        5.044,
        1,
        5.389,
        0.359,
        5.733,
        -0.1,
        1,
        6.022,
        -0.485,
        6.311,
        -0.5,
        6.6,
        -0.5,
        1,
        6.878,
        -0.5,
        7.155,
        0,
        7.433,
        0,
        1,
        7.733,
        0.272,
        8.033,
        0.5,
        8.333,
        0.5,
        1,
        8.766,
        0.5,
        9.2,
        0,
        9.633,
        0
      ]
    },
    {
      "Target": "Parameter",
      "Id": "pancizhezou",
      "Segments": [
        0,
        0,
        1,
        0.356,
        0,
        0.711,
        -1,
        1.067,
        -1,
        1,
        1.611,
        -1,
        2.156,
        1,
        2.7,
        1,
        1,
        3.311,
        1,
        3.922,
        -1,
        4.533,
        -1,
        1,
        5.078,
        -1,
        5.622,
        1,
        6.167,
        1,
        1,
        6.789,
        1,
        7.411,
        -1,
        8.033,
        -1,
        1,
        8.566,
        -1,
        9.1,
        0,
        9.633,
        0
      ]
    },
    {
      "Target": "Parameter",
      "Id": "toushizhezou",
      "Segments": [
        0,
        0,
        1,
        0.233,
        0,
        0.467,
        -0.686,
        0.7,
        -0.686,
        1,
        1.133,
        -0.686,
        1.567,
        0.642,
        2,
        0.642,
        1,
        2.489,
        0.642,
        2.978,
        -0.686,
        3.467,
        -0.686,
        1,
        3.911,
        -0.686,
        4.356,
        0.642,
        4.8,
        0.642,
        1,
        5.289,
        0.642,
        5.778,
        -0.686,
        6.267,
        -0.686,
        1,
        6.711,
        -0.686,
        7.156,
        0.642,
        7.6,
        0.642,
        1,
        8.1,
        0.642,
        8.6,
        -0.686,
        9.1,
        -0.686,
        1,
        9.278,
        -0.686,
        9.455,
        0,
        9.633,
        0
      ]
    },
    {
      "Target": "Parameter",
      "Id": "zongZY",
      "Segments": [
        0,
        0,
        1,
        0.344,
        0,
        0.689,
        5.02,
        1.033,
        5.02,
        1,
        2,
        5.02,
        2.966,
        -5.613,
        3.933,
        -5.613,
        1,
        5.833,
        -5.613,
        7.733,
        0,
        9.633,
        0
      ]
    },
    {
      "Target": "Parameter",
      "Id": "zongSX",
      "Segments": [
        0,
        0,
        1,
        0.633,
        0,
        1.267,
        8.04,
        1.9,
        8.04,
        1,
        3.122,
        8.04,
        4.345,
        -2.544,
        5.567,
        -2.544,
        1,
        6.922,
        -2.544,
        8.278,
        0,
        9.633,
        0
      ]
    },
    {
      "Target": "Parameter",
      "Id": "zongjiaodi",
      "Segments": [
        0,
        0,
        1,
        0.289,
        0,
        0.578,
        -0.5,
        0.867,
        -0.5,
        1,
        1.9,
        -0.5,
        2.934,
        1,
        3.967,
        1,
        1,
        5.134,
        1,
        6.3,
        -0.2,
        7.467,
        -0.2,
        1,
        8.189,
        -0.2,
        8.911,
        0,
        9.633,
        0
      ]
    },
    {
      "Target": "Parameter",
      "Id": "PGZY",
      "Segments": [
        0,
        0,
        1,
        0.367,
        0,
        0.733,
        -1,
        1.1,
        -1,
        1,
        1.889,
        -1,
        2.678,
        1,
        3.467,
        1,
        1,
        5.522,
        1,
        7.578,
        0,
        9.633,
        0
      ]
    },
    {
      "Target": "Parameter",
      "Id": "XSDSX",
      "Segments": [
        0,
        0,
        1,
        0.244,
        0,
        0.489,
        0.7,
        0.733,
        0.7,
        1,
        1.033,
        0.7,
        1.333,
        -1,
        1.633,
        -1,
        1,
        1.978,
        -1,
        2.322,
        1,
        2.667,
        1,
        1,
        2.978,
        1,
        3.289,
        -0.6,
        3.6,
        -0.6,
        1,
        3.911,
        -0.6,
        4.222,
        0.7,
        4.533,
        0.7,
        1,
        4.811,
        0.7,
        5.089,
        -0.3,
        5.367,
        -0.3,
        1,
        5.689,
        -0.3,
        6.011,
        0.32,
        6.333,
        0.32,
        1,
        6.633,
        0.32,
        6.933,
        -1,
        7.233,
        -1,
        1,
        7.6,
        -1,
        7.966,
        1,
        8.333,
        1,
        1,
        8.766,
        1,
        9.2,
        0,
        9.633,
        0
      ]
    },
    {
      "Target": "Parameter",
      "Id": "ZBXZ",
      "Segments": [
        0,
        0,
        1,
        0.167,
        0,
        0.333,
        4,
        0.5,
        4,
        1,
        1.067,
        4,
        1.633,
        -5,
        2.2,
        -5,
        1,
        3.022,
        -5,
        3.845,
        -4.787,
        4.667,
        -3.2,
        1,
        5.111,
        -2.342,
        5.556,
        0,
        6,
        0,
        1,
        6.778,
        0,
        7.555,
        -1,
        8.333,
        -1,
        1,
        8.766,
        -1,
        9.2,
        0,
        9.633,
        0
      ]
    },
    {
      "Target": "Parameter",
      "Id": "jianweizi",
      "Segments": [
        0,
        0,
        1,
        0.933,
        0,
        1.867,
        0.116,
        2.8,
        0.4,
        1,
        3.611,
        0.647,
        4.422,
        0.8,
        5.233,
        0.8,
        1,
        6.7,
        0.8,
        8.166,
        0,
        9.633,
        0
      ]
    },
    {
      "Target": "Parameter",
      "Id": "yifujiaodu",
      "Segments": [
        0,
        0,
        1,
        0.2,
        0,
        0.4,
        0.4,
        0.6,
        0.4,
        1,
        1.044,
        0.4,
        1.489,
        -0.43,
        1.933,
        -0.43,
        1,
        2.389,
        -0.43,
        2.844,
        0.307,
        3.3,
        0.307,
        1,
        3.722,
        0.307,
        4.145,
        -0.268,
        4.567,
        -0.268,
        1,
        4.989,
        -0.268,
        5.411,
        0,
        5.833,
        0,
        1,
        6.211,
        0,
        6.589,
        -0.368,
        6.967,
        -0.368,
        1,
        7.467,
        -0.368,
        7.967,
        0,
        8.467,
        0,
        2,
        9.633,
        0
      ]
    },
    {
      "Target": "Parameter",
      "Id": "yifubianxin",
      "Segments": [
        0,
        0,
        1,
        0.444,
        0,
        0.889,
        1,
        1.333,
        1,
        1,
        1.8,
        1,
        2.266,
        -1,
        2.733,
        -1,
        1,
        3.155,
        -1,
        3.578,
        1,
        4,
        1,
        1,
        4.422,
        1,
        4.845,
        0,
        5.267,
        0,
        1,
        5.656,
        0,
        6.044,
        0.9,
        6.433,
        0.9,
        1,
        6.866,
        0.9,
        7.3,
        0,
        7.733,
        0,
        2,
        9.633,
        0
      ]
    },
    {
      "Target": "Parameter",
      "Id": "piaodaijiaodu",
      "Segments": [
        0,
        0,
        1,
        0.167,
        0,
        0.333,
        -1,
        0.5,
        -1,
        1,
        0.722,
        -1,
        0.945,
        0.5,
        1.167,
        0.5,
        1,
        1.767,
        0.5,
        2.367,
        -1,
        2.967,
        -1,
        1,
        3.711,
        -1,
        4.456,
        1,
        5.2,
        1,
        1,
        5.9,
        1,
        6.6,
        -1,
        7.3,
        -1,
        1,
        7.9,
        -1,
        8.5,
        1,
        9.1,
        1,
        1,
        9.278,
        1,
        9.455,
        0,
        9.633,
        0
      ]
    },
    {
      "Target": "Parameter",
      "Id": "piaodaibianxing",
      "Segments": [
        0,
        0,
        1,
        0.633,
        0,
        1.267,
        1,
        1.9,
        1,
        1,
        2.589,
        1,
        3.278,
        -1,
        3.967,
        -1,
        1,
        4.756,
        -1,
        5.544,
        1,
        6.333,
        1,
        1,
        6.978,
        1,
        7.622,
        -0.6,
        8.267,
        -0.6,
        1,
        8.722,
        -0.6,
        9.178,
        0,
        9.633,
        0
      ]
    },
    {
      "Target": "Parameter",
      "Id": "houfa1jiaodu",
      "Segments": [
        0,
        0,
        1,
        0.456,
        0,
        0.911,
        0.3,
        1.367,
        0.3,
        1,
        1.822,
        0.3,
        2.278,
        0.202,
        2.733,
        0,
        1,
        3.178,
        -0.198,
        3.622,
        -0.3,
        4.067,
        -0.3,
        1,
        4.578,
        -0.3,
        5.089,
        -0.17,
        5.6,
        0,
        1,
        6.133,
        0.177,
        6.667,
        0.232,
        7.2,
        0.232,
        1,
        7.678,
        0.232,
        8.155,
        -0.009,
        8.633,
        -0.009,
        1,
        8.966,
        -0.009,
        9.3,
        0,
        9.633,
        0
      ]
    },
    {
      "Target": "Parameter",
      "Id": "houfa1bianxin",
      "Segments": [
        0,
        0,
        1,
        0.456,
        0,
        0.911,
        -0.2,
        1.367,
        -0.2,
        1,
        1.822,
        -0.2,
        2.278,
        0.5,
        2.733,
        0.5,
        1,
        3.178,
        0.5,
        3.622,
        0.341,
        4.067,
        0,
        1,
        4.578,
        -0.392,
        5.089,
        -0.6,
        5.6,
        -0.6,
        1,
        6.133,
        -0.6,
        6.667,
        -0.294,
        7.2,
        0,
        1,
        7.678,
        0.263,
        8.155,
        0.304,
        8.633,
        0.304,
        1,
        8.966,
        0.304,
        9.3,
        0,
        9.633,
        0
      ]
    },
    {
      "Target": "Parameter",
      "Id": "houfa2jiaodu",
      "Segments": [
        0,
        0,
        2,
        0.9,
        0,
        1,
        1.278,
        0,
        1.655,
        -1,
        2.033,
        -1,
        1,
        2.478,
        -1,
        2.922,
        -0.617,
        3.367,
        0,
        1,
        3.878,
        0.71,
        4.389,
        1,
        4.9,
        1,
        1,
        5.422,
        1,
        5.945,
        0.564,
        6.467,
        0,
        1,
        6.911,
        -0.48,
        7.356,
        -0.611,
        7.8,
        -0.611,
        1,
        8.233,
        -0.611,
        8.667,
        -0.009,
        9.1,
        -0.001,
        1,
        9.278,
        0.002,
        9.455,
        0,
        9.633,
        0
      ]
    },
    {
      "Target": "Parameter",
      "Id": "houfa2bianxing",
      "Segments": [
        0,
        0,
        1,
        0.3,
        0,
        0.6,
        1,
        0.9,
        1,
        1,
        1.278,
        1,
        1.655,
        0.609,
        2.033,
        0,
        1,
        2.478,
        -0.716,
        2.922,
        -1,
        3.367,
        -1,
        1,
        3.878,
        -1,
        4.389,
        -0.476,
        4.9,
        -0.017,
        1,
        5.422,
        0.452,
        5.945,
        0.527,
        6.467,
        0.527,
        1,
        6.911,
        0.527,
        7.356,
        0.355,
        7.8,
        -0.002,
        1,
        8.233,
        -0.351,
        8.667,
        -0.533,
        9.1,
        -0.533,
        1,
        9.278,
        -0.533,
        9.455,
        0,
        9.633,
        0
      ]
    },
    {
      "Target": "Parameter",
      "Id": "houfa3jiaodu",
      "Segments": [
        0,
        0,
        2,
        0.9,
        0,
        1,
        1.178,
        0,
        1.455,
        1,
        1.733,
        1,
        1,
        2.078,
        1,
        2.422,
        0.699,
        2.767,
        0,
        1,
        3.078,
        -0.631,
        3.389,
        -1,
        3.7,
        -1,
        1,
        4.033,
        -1,
        4.367,
        -0.533,
        4.7,
        0,
        1,
        5.033,
        0.533,
        5.367,
        0.667,
        5.7,
        0.667,
        1,
        6.033,
        0.667,
        6.367,
        0.4,
        6.7,
        -0.021,
        1,
        7.089,
        -0.513,
        7.478,
        -0.712,
        7.867,
        -0.712,
        1,
        8.256,
        -0.712,
        8.644,
        -0.094,
        9.033,
        -0.021,
        1,
        9.233,
        0.016,
        9.433,
        0,
        9.633,
        0
      ]
    },
    {
      "Target": "Parameter",
      "Id": "houfa3bianxing",
      "Segments": [
        0,
        0,
        1,
        0.3,
        0,
        0.6,
        -1,
        0.9,
        -1,
        1,
        1.178,
        -1,
        1.455,
        -0.588,
        1.733,
        0,
        1,
        2.078,
        0.73,
        2.422,
        1,
        2.767,
        1,
        1,
        3.078,
        1,
        3.389,
        0.643,
        3.7,
        0,
        1,
        4.033,
        -0.689,
        4.367,
        -1,
        4.7,
        -1,
        1,
        5.033,
        -1,
        5.367,
        -0.732,
        5.7,
        -0.197,
        1,
        6.033,
        0.338,
        6.367,
        0.605,
        6.7,
        0.605,
        1,
        7.089,
        0.605,
        7.478,
        0.385,
        7.867,
        -0.056,
        1,
        8.256,
        -0.498,
        8.644,
        -0.72,
        9.033,
        -0.72,
        1,
        9.233,
        -0.72,
        9.433,
        0,
        9.633,
        0
      ]
    },
    {
      "Target": "Parameter",
      "Id": "houfa4jiaodu",
      "Segments": [
        0,
        0,
        1,
        0.411,
        0,
        0.822,
        -1,
        1.233,
        -1,
        1,
        1.611,
        -1,
        1.989,
        1,
        2.367,
        1,
        2,
        3.767,
        1,
        1,
        4.389,
        1,
        5.011,
        -1,
        5.633,
        -1,
        1,
        6.166,
        -1,
        6.7,
        -0.911,
        7.233,
        -0.372,
        1,
        7.678,
        0.077,
        8.122,
        0.659,
        8.567,
        0.659,
        1,
        8.922,
        0.659,
        9.278,
        0,
        9.633,
        0
      ]
    },
    {
      "Target": "Parameter",
      "Id": "houfa4bianxing",
      "Segments": [
        0,
        0,
        1,
        0.411,
        0,
        0.822,
        -1,
        1.233,
        -1,
        2,
        2.367,
        -1,
        1,
        2.834,
        -1,
        3.3,
        1,
        3.767,
        1,
        1,
        4.389,
        1,
        5.011,
        0.971,
        5.633,
        0.481,
        1,
        6.166,
        0.06,
        6.7,
        -0.75,
        7.233,
        -0.75,
        2,
        8.567,
        -0.75,
        1,
        8.922,
        -0.75,
        9.278,
        0,
        9.633,
        0
      ]
    },
    {
      "Target": "Parameter",
      "Id": "houfa5jiaodu",
      "Segments": [
        0,
        0,
        2,
        0.767,
        0,
        1,
        1.089,
        0,
        1.411,
        1,
        1.733,
        1,
        1,
        2,
        1,
        2.266,
        0.612,
        2.533,
        0,
        1,
        2.844,
        -0.714,
        3.156,
        -1,
        3.467,
        -1,
        1,
        3.778,
        -1,
        4.089,
        -0.702,
        4.4,
        0,
        1,
        4.678,
        0.627,
        4.955,
        1,
        5.233,
        1,
        1,
        5.511,
        1,
        5.789,
        0.345,
        6.067,
        0,
        1,
        6.356,
        -0.359,
        6.644,
        -0.368,
        6.933,
        -0.368,
        1,
        7.211,
        -0.368,
        7.489,
        -0.262,
        7.767,
        -0.037,
        1,
        8.034,
        0.178,
        8.3,
        0.292,
        8.567,
        0.292,
        1,
        8.767,
        0.292,
        8.967,
        -0.037,
        9.167,
        -0.037,
        1,
        9.322,
        -0.037,
        9.478,
        0,
        9.633,
        0
      ]
    },
    {
      "Target": "Parameter",
      "Id": "houfa5bianxing",
      "Segments": [
        0,
        0,
        1,
        0.256,
        0,
        0.511,
        1,
        0.767,
        1,
        1,
        1.089,
        1,
        1.411,
        0.723,
        1.733,
        0,
        1,
        2,
        -0.598,
        2.266,
        -1,
        2.533,
        -1,
        1,
        2.844,
        -1,
        3.156,
        -0.667,
        3.467,
        0,
        1,
        3.778,
        0.667,
        4.089,
        1,
        4.4,
        1,
        1,
        4.678,
        1,
        4.955,
        0.667,
        5.233,
        0,
        1,
        5.511,
        -0.667,
        5.789,
        -1,
        6.067,
        -1,
        1,
        6.356,
        -1,
        6.644,
        -0.419,
        6.933,
        -0.032,
        1,
        7.211,
        0.339,
        7.489,
        0.361,
        7.767,
        0.361,
        1,
        8.034,
        0.361,
        8.3,
        0.225,
        8.567,
        -0.032,
        1,
        8.767,
        -0.225,
        8.967,
        -0.314,
        9.167,
        -0.314,
        1,
        9.322,
        -0.314,
        9.478,
        0,
        9.633,
        0
      ]
    },
    {
      "Target": "Parameter",
      "Id": "ParamEyeLSmile",
      "Segments": [
        0,
        0,
        0,
        9.633,
        0
      ]
    },
    {
      "Target": "Parameter",
      "Id": "ParamEyeRSmile",
      "Segments": [
        0,
        0,
        0,
        9.633,
        0
      ]
    },
    {
      "Target": "Parameter",
      "Id": "ParamEyeBallY",
      "Segments": [
        0,
        0,
        0,
        9.633,
        0
      ]
    },
    {
      "Target": "Parameter",
      "Id": "mudaxiao",
      "Segments": [
        0,
        0,
        0,
        9.633,
        0
      ]
    },
    {
      "Target": "Parameter",
      "Id": "gaoguangqiehuang",
      "Segments": [
        0,
        0,
        0,
        9.633,
        0
      ]
    },
    {
      "Target": "Parameter",
      "Id": "ParamBrowLAngle",
      "Segments": [
        0,
        0,
        0,
        9.633,
        0
      ]
    },
    {
      "Target": "Parameter",
      "Id": "ParamBrowRAngle",
      "Segments": [
        0,
        0,
        0,
        9.633,
        0
      ]
    },
    {
      "Target": "Parameter",
      "Id": "ParamMouthOpenY",
      "Segments": [
        0,
        0,
        0,
        9.633,
        0
      ]
    },
    {
      "Target": "Parameter",
      "Id": "koudaxiao",
      "Segments": [
        0,
        0,
        0,
        9.633,
        0
      ]
    },
    {
      "Target": "Parameter",
      "Id": "kouqiehuan",
      "Segments": [
        0,
        0,
        0,
        9.633,
        0
      ]
    },
    {
      "Target": "Parameter",
      "Id": "CZDH",
      "Segments": [
        0,
        0,
        0,
        9.633,
        0
      ]
    },
    {
      "Target": "Parameter",
      "Id": "ParamCheek",
      "Segments": [
        0,
        0,
        0,
        9.633,
        0
      ]
    },
    {
      "Target": "Parameter",
      "Id": "zuobitc",
      "Segments": [
        0,
        0,
        0,
        9.633,
        0
      ]
    },
    {
      "Target": "Parameter",
      "Id": "zuoshou3",
      "Segments": [
        0,
        0,
        0,
        9.633,
        0
      ]
    },
    {
      "Target": "Parameter",
      "Id": "zuoshou4",
      "Segments": [
        0,
        0,
        0,
        9.633,
        0
      ]
    },
    {
      "Target": "Parameter",
      "Id": "zuoshou5",
      "Segments": [
        0,
        0,
        0,
        9.633,
        0
      ]
    },
    {
      "Target": "Parameter",
      "Id": "ZBTS",
      "Segments": [
        0,
        0,
        0,
        9.633,
        0
      ]
    },
    {
      "Target": "Parameter",
      "Id": "zuoshouX",
      "Segments": [
        0,
        0,
        0,
        9.633,
        0
      ]
    },
    {
      "Target": "Parameter",
      "Id": "zsz5",
      "Segments": [
        0,
        0,
        0,
        9.633,
        0
      ]
    },
    {
      "Target": "Parameter",
      "Id": "YXBQH",
      "Segments": [
        0,
        0,
        0,
        9.633,
        0
      ]
    },
    {
      "Target": "Parameter",
      "Id": "BTYBZY",
      "Segments": [
        0,
        0,
        0,
        9.633,
        0
      ]
    },
    {
      "Target": "Parameter",
      "Id": "BTYBSX",
      "Segments": [
        0,
        0,
        0,
        9.633,
        0
      ]
    },
    {
      "Target": "Parameter",
      "Id": "BTYBJD",
      "Segments": [
        0,
        0,
        0,
        9.633,
        0
      ]
    },
    {
      "Target": "Parameter",
      "Id": "YXBX",
      "Segments": [
        0,
        0,
        0,
        9.633,
        0
      ]
    },
    {
      "Target": "Parameter",
      "Id": "YSSZTC",
      "Segments": [
        0,
        0,
        0,
        9.633,
        0
      ]
    },
    {
      "Target": "Parameter",
      "Id": "YSZTC",
      "Segments": [
        0,
        0,
        0,
        9.633,
        0
      ]
    },
    {
      "Target": "Parameter",
      "Id": "ZTXQM",
      "Segments": [
        0,
        0,
        0,
        9.633,
        0
      ]
    },
    {
      "Target": "Parameter",
      "Id": "zuotuoxieQH",
      "Segments": [
        0,
        0,
        0,
        9.633,
        0
      ]
    },
    {
      "Target": "Parameter",
      "Id": "ZTXX",
      "Segments": [
        0,
        0,
        0,
        9.633,
        0
      ]
    },
    {
      "Target": "Parameter",
      "Id": "ZTXY",
      "Segments": [
        0,
        0,
        0,
        9.633,
        0
      ]
    },
    {
      "Target": "Parameter",
      "Id": "ZTXJD",
      "Segments": [
        0,
        0,
        0,
        9.633,
        0
      ]
    },
    {
      "Target": "Parameter",
      "Id": "YXTXZ",
      "Segments": [
        0,
        0,
        0,
        9.633,
        0
      ]
    },
    {
      "Target": "Parameter",
      "Id": "panciTDX",
      "Segments": [
        0,
        0,
        0,
        9.633,
        0
      ]
    },
    {
      "Target": "Parameter",
      "Id": "PANCITDY",
      "Segments": [
        0,
        0,
        0,
        9.633,
        0
      ]
    },
    {
      "Target": "Parameter",
      "Id": "pancirou",
      "Segments": [
        0,
        0,
        0,
        9.633,
        0
      ]
    },
    {
      "Target": "Parameter",
      "Id": "ZXtuodong",
      "Segments": [
        0,
        0,
        0,
        9.633,
        0
      ]
    },
    {
      "Target": "Parameter",
      "Id": "TTQDYK",
      "Segments": [
        0,
        0,
        0,
        9.633,
        0
      ]
    },
    {
      "Target": "Parameter",
      "Id": "TTQqiehuan",
      "Segments": [
        0,
        0,
        0,
        9.633,
        0
      ]
    },
    {
      "Target": "Parameter",
      "Id": "TTQZY",
      "Segments": [
        0,
        -10,
        0,
        9.633,
        -10
      ]
    },
    {
      "Target": "Parameter",
      "Id": "TTQSX",
      "Segments": [
        0,
        0,
        0,
        9.633,
        0
      ]
    },
    {
      "Target": "Parameter",
      "Id": "TTQJD",
      "Segments": [
        0,
        0,
        0,
        9.633,
        0
      ]
    },
    {
      "Target": "Parameter",
      "Id": "TTQYC",
      "Segments": [
        0,
        0,
        0,
        9.633,
        0
      ]
    },
    {
      "Target": "Parameter",
      "Id": "GYJS",
      "Segments": [
        0,
        0,
        0,
        9.633,
        0
      ]
    },
    {
      "Target": "Parameter",
      "Id": "GYHZ",
      "Segments": [
        0,
        0,
        0,
        9.633,
        0
      ]
    },
    {
      "Target": "Parameter",
      "Id": "GYDX",
      "Segments": [
        0,
        0,
        0,
        9.633,
        0
      ]
    },
    {
      "Target": "Parameter",
      "Id": "GYZUOYOU",
      "Segments": [
        0,
        0,
        0,
        9.633,
        0
      ]
    },
    {
      "Target": "Parameter",
      "Id": "GYSHANGXIA",
      "Segments": [
        0,
        0,
        0,
        9.633,
        0
      ]
    },
    {
      "Target": "Parameter",
      "Id": "guangyunZQ",
      "Segments": [
        0,
        0,
        0,
        9.633,
        0
      ]
    },
    {
      "Target": "Parameter",
      "Id": "GYTMD",
      "Segments": [
        0,
        0,
        0,
        9.633,
        0
      ]
    },
    {
      "Target": "Parameter",
      "Id": "ParamBodyAngleY",
      "Segments": [
        0,
        0,
        0,
        9.633,
        0
      ]
    },
    {
      "Target": "Parameter",
      "Id": "YYjiashen",
      "Segments": [
        0,
        0,
        0,
        9.633,
        0
      ]
    },
    {
      "Target": "Parameter",
      "Id": "TYYTMD",
      "Segments": [
        0,
        1,
        0,
        9.633,
        1
      ]
    },
    {
      "Target": "Parameter",
      "Id": "chizuiba",
      "Segments": [
        0,
        0,
        0,
        9.633,
        0
      ]
    },
    {
      "Target": "Parameter",
      "Id": "oupaijiya",
      "Segments": [
        0,
        0,
        0,
        9.633,
        0
      ]
    },
    {
      "Target": "2935860712",
      "Id": "2935860712",
      "Segments": [
        0,
        1,
        0,
        9.633,
        1
      ]
    }
  ],
  "UserData": [
    {
      "Time": 9.133,
      "Value": ""
    }
  ]
}