{
  "Version": 3,
  "Meta": {
    "Duration": 6.3,
    "Fps": 30.0,
    "Loop": false,
    "AreBeziersRestricted": true,
    "CurveCount": 153,
    "TotalSegmentCount": 777,
    "TotalPointCount": 2034,
    "UserDataCount": 1,
    "TotalUserDataSize": 0
  },
  "Curves": [
    {
      "Target": "Model",
      "Id": "LipSync",
      "Segments": [
        0,
        0,
        2,
        0.067,
        0,
        1,
        0.111,
        0,
        0.156,
        0.706,
        0.2,
        0.706,
        1,
        0.222,
        0.706,
        0.245,
        0.008,
        0.267,
        0.008,
        1,
        0.289,
        0.008,
        0.311,
        0.784,
        0.333,
        0.784,
        1,
        0.355,
        0.784,
        0.378,
        0.071,
        0.4,
        0.071,
        1,
        0.467,
        0.071,
        0.533,
        0.988,
        0.6,
        0.988,
        1,
        0.689,
        0.988,
        0.778,
        0,
        0.867,
        0,
        2,
        0.933,
        0,
        1,
        0.955,
        0,
        0.978,
        0.004,
        1,
        0.004,
        1,
        1.022,
        0.004,
        1.045,
        0,
        1.067,
        0,
        2,
        1.267,
        0,
        1,
        1.289,
        0,
        1.311,
        0.792,
        1.333,
        0.792,
        1,
        1.355,
        0.792,
        1.378,
        0.157,
        1.4,
        0.157,
        1,
        1.422,
        0.157,
        1.445,
        1,
        1.467,
        1,
        1,
        1.556,
        1,
        1.644,
        0.02,
        1.733,
        0.02,
        1,
        1.755,
        0.02,
        1.778,
        0.773,
        1.8,
        0.773,
        1,
        1.844,
        0.773,
        1.889,
        0.306,
        1.933,
        0.306,
        1,
        1.955,
        0.306,
        1.978,
        0.761,
        2,
        0.761,
        1,
        2.044,
        0.761,
        2.089,
        0.043,
        2.133,
        0.043,
        1,
        2.155,
        0.043,
        2.178,
        0.835,
        2.2,
        0.835,
        1,
        2.289,
        0.835,
        2.378,
        0.016,
        2.467,
        0.016,
        1,
        2.511,
        0.016,
        2.556,
        0.992,
        2.6,
        0.992,
        1,
        2.622,
        0.992,
        2.645,
        0.173,
        2.667,
        0.173,
        1,
        2.689,
        0.173,
        2.711,
        0.608,
        2.733,
        0.608,
        1,
        2.755,
        0.608,
        2.778,
        0.604,
        2.8,
        0.604,
        1,
        2.822,
        0.604,
        2.845,
        0.682,
        2.867,
        0.682,
        1,
        2.889,
        0.682,
        2.911,
        0.588,
        2.933,
        0.588,
        1,
        2.955,
        0.588,
        2.978,
        0.596,
        3,
        0.596,
        1,
        3.089,
        0.596,
        3.178,
        0.004,
        3.267,
        0.004,
        1,
        3.311,
        0.004,
        3.356,
        0.02,
        3.4,
        0.02,
        1,
        3.467,
        0.02,
        3.533,
        0,
        3.6,
        0,
        2,
        3.867,
        0,
        1,
        3.934,
        0,
        4,
        0.945,
        4.067,
        0.945,
        1,
        4.089,
        0.945,
        4.111,
        0.612,
        4.133,
        0.612,
        1,
        4.155,
        0.612,
        4.178,
        0.722,
        4.2,
        0.722,
        1,
        4.244,
        0.722,
        4.289,
        0.004,
        4.333,
        0.004,
        1,
        4.355,
        0.004,
        4.378,
        0.455,
        4.4,
        0.455,
        1,
        4.422,
        0.455,
        4.445,
        0.227,
        4.467,
        0.227,
        1,
        4.489,
        0.227,
        4.511,
        0.286,
        4.533,
        0.286,
        1,
        4.555,
        0.286,
        4.578,
        0.282,
        4.6,
        0.282,
        1,
        4.622,
        0.282,
        4.645,
        0.353,
        4.667,
        0.353,
        1,
        4.711,
        0.353,
        4.756,
        0,
        4.8,
        0,
        1,
        4.844,
        0,
        4.889,
        0.957,
        4.933,
        0.957,
        1,
        4.955,
        0.957,
        4.978,
        0.027,
        5,
        0.027,
        1,
        5.044,
        0.027,
        5.089,
        0.988,
        5.133,
        0.988,
        1,
        5.155,
        0.988,
        5.178,
        0.02,
        5.2,
        0.02,
        1,
        5.244,
        0.02,
        5.289,
        0.988,
        5.333,
        0.988,
        1,
        5.378,
        0.988,
        5.422,
        0.02,
        5.467,
        0.02,
        1,
        5.489,
        0.02,
        5.511,
        0.914,
        5.533,
        0.914,
        1,
        5.555,
        0.914,
        5.578,
        0.49,
        5.6,
        0.49,
        1,
        5.644,
        0.49,
        5.689,
        0.871,
        5.733,
        0.871,
        1,
        5.778,
        0.871,
        5.822,
        0.396,
        5.867,
        0.396,
        1,
        5.911,
        0.396,
        5.956,
        0.894,
        6,
        0.894,
        1,
        6.089,
        0.894,
        6.178,
        0,
        6.267,
        0,
        2,
        6.3,
        0
      ]
    },
    {
      "Target": "Parameter",
      "Id": "ParamAngleX",
      "Segments": [
        0,
        0,
        1,
        0.267,
        0,
        0.533,
        30,
        0.8,
        30,
        1,
        2.222,
        30,
        3.645,
        18.045,
        5.067,
        3.8,
        1,
        5.478,
        -0.318,
        5.889,
        0,
        6.3,
        0
      ]
    },
    {
      "Target": "Parameter",
      "Id": "ParamAngleY",
      "Segments": [
        0,
        0,
        1,
        0.322,
        0,
        0.645,
        -30,
        0.967,
        -30,
        1,
        2.334,
        -30,
        3.7,
        3,
        5.067,
        3,
        1,
        5.211,
        3,
        5.356,
        -24,
        5.5,
        -24,
        1,
        5.767,
        -24,
        6.033,
        0,
        6.3,
        0
      ]
    },
    {
      "Target": "Parameter",
      "Id": "ParamAngleZ",
      "Segments": [
        0,
        0,
        1,
        0.4,
        0,
        0.8,
        -14,
        1.2,
        -14,
        1,
        2.9,
        -14,
        4.6,
        0,
        6.3,
        0
      ]
    },
    {
      "Target": "Parameter",
      "Id": "boziqumian",
      "Segments": [
        0,
        0,
        1,
        0.467,
        0,
        0.933,
        -6,
        1.4,
        -6,
        1,
        3.033,
        -6,
        4.667,
        0,
        6.3,
        0
      ]
    },
    {
      "Target": "Parameter",
      "Id": "ParamEyeLOpen",
      "Segments": [
        0,
        1,
        1,
        0.267,
        1,
        0.533,
        0.7,
        0.8,
        0.7,
        2,
        3.167,
        0.7,
        1,
        3.289,
        0.7,
        3.411,
        0,
        3.533,
        0,
        1,
        3.744,
        0,
        3.956,
        0.502,
        4.167,
        0.7,
        1,
        4.467,
        0.981,
        4.767,
        1,
        5.067,
        1,
        1,
        5.2,
        1,
        5.334,
        0,
        5.467,
        0,
        2,
        5.8,
        0,
        1,
        5.967,
        0,
        6.133,
        1,
        6.3,
        1
      ]
    },
    {
      "Target": "Parameter",
      "Id": "ParamEyeLSmile",
      "Segments": [
        0,
        0,
        2,
        5.267,
        0,
        1,
        5.334,
        0,
        5.4,
        1,
        5.467,
        1,
        1,
        5.745,
        1,
        6.022,
        0,
        6.3,
        0
      ]
    },
    {
      "Target": "Parameter",
      "Id": "ParamEyeROpen",
      "Segments": [
        0,
        1,
        1,
        0.267,
        1,
        0.533,
        0.7,
        0.8,
        0.7,
        2,
        3.167,
        0.7,
        1,
        3.289,
        0.7,
        3.411,
        0,
        3.533,
        0,
        1,
        3.744,
        0,
        3.956,
        0.626,
        4.167,
        0.7,
        1,
        4.878,
        0.95,
        5.589,
        1,
        6.3,
        1
      ]
    },
    {
      "Target": "Parameter",
      "Id": "TKDX",
      "Segments": [
        0,
        0,
        1,
        0.267,
        0,
        0.533,
        1,
        0.8,
        1,
        2,
        3.533,
        1,
        1,
        3.744,
        1,
        3.956,
        -1,
        4.167,
        -1,
        1,
        4.334,
        -1,
        4.5,
        0.353,
        4.667,
        0.6,
        1,
        4.934,
        0.994,
        5.2,
        1,
        5.467,
        1,
        1,
        5.745,
        1,
        6.022,
        0,
        6.3,
        0
      ]
    },
    {
      "Target": "Parameter",
      "Id": "GGDONGHUA",
      "Segments": [
        0,
        0,
        1,
        0.3,
        0,
        0.6,
        0.5,
        0.9,
        0.5,
        1,
        1.211,
        0.5,
        1.522,
        0,
        1.833,
        0,
        1,
        2.111,
        0,
        2.389,
        0.5,
        2.667,
        0.5,
        1,
        2.956,
        0.5,
        3.244,
        0,
        3.533,
        0,
        1,
        3.6,
        0,
        3.666,
        1,
        3.733,
        1,
        1,
        3.789,
        1,
        3.844,
        0,
        3.9,
        0,
        1,
        3.967,
        0,
        4.033,
        0.798,
        4.1,
        0.798,
        1,
        4.144,
        0.798,
        4.189,
        0,
        4.233,
        0,
        1,
        4.3,
        0,
        4.366,
        0.551,
        4.433,
        0.551,
        1,
        4.489,
        0.551,
        4.544,
        0,
        4.6,
        0,
        1,
        4.9,
        0,
        5.2,
        0.4,
        5.5,
        0.4,
        1,
        5.767,
        0.4,
        6.033,
        0,
        6.3,
        0
      ]
    },
    {
      "Target": "Parameter",
      "Id": "erhuanYB",
      "Segments": [
        0,
        0,
        2,
        0.6,
        0,
        1,
        0.944,
        0,
        1.289,
        -0.9,
        1.633,
        -0.9,
        1,
        2,
        -0.9,
        2.366,
        -0.2,
        2.733,
        -0.2,
        1,
        3.1,
        -0.2,
        3.466,
        -0.6,
        3.833,
        -0.6,
        1,
        4.166,
        -0.6,
        4.5,
        0.2,
        4.833,
        0.2,
        1,
        5.133,
        0.2,
        5.433,
        -0.4,
        5.733,
        -0.4,
        1,
        5.922,
        -0.4,
        6.111,
        0,
        6.3,
        0
      ]
    },
    {
      "Target": "Parameter",
      "Id": "ParamBrowLY",
      "Segments": [
        0,
        0,
        1,
        0.267,
        0,
        0.533,
        -1,
        0.8,
        -1,
        1,
        1.589,
        -1,
        2.378,
        1,
        3.167,
        1,
        1,
        3.289,
        1,
        3.411,
        -1,
        3.533,
        -1,
        1,
        3.744,
        -1,
        3.956,
        1,
        4.167,
        1,
        2,
        5.067,
        1,
        1,
        5.2,
        1,
        5.334,
        -1,
        5.467,
        -1,
        1,
        5.622,
        -1,
        5.778,
        0.2,
        5.933,
        0.2,
        1,
        6.055,
        0.2,
        6.178,
        0,
        6.3,
        0
      ]
    },
    {
      "Target": "Parameter",
      "Id": "ParamBrowRY",
      "Segments": [
        0,
        0,
        1,
        0.267,
        0,
        0.533,
        -1,
        0.8,
        -1,
        1,
        1.589,
        -1,
        2.378,
        1,
        3.167,
        1,
        1,
        3.289,
        1,
        3.411,
        -1,
        3.533,
        -1,
        1,
        3.744,
        -1,
        3.956,
        1,
        4.167,
        1,
        2,
        5.067,
        1,
        1,
        5.478,
        1,
        5.889,
        0,
        6.3,
        0
      ]
    },
    {
      "Target": "Parameter",
      "Id": "ParamBrowLAngle",
      "Segments": [
        0,
        0,
        1,
        0.244,
        0,
        0.489,
        0.2,
        0.733,
        0.2,
        1,
        1.4,
        0.2,
        2.066,
        0,
        2.733,
        0,
        2,
        6.3,
        0
      ]
    },
    {
      "Target": "Parameter",
      "Id": "ParamBrowRAngle",
      "Segments": [
        0,
        0,
        1,
        0.244,
        0,
        0.489,
        0.4,
        0.733,
        0.4,
        2,
        2.733,
        0.4,
        1,
        3.922,
        0.4,
        5.111,
        0,
        6.3,
        0
      ]
    },
    {
      "Target": "Parameter",
      "Id": "ParamBrowLForm",
      "Segments": [
        0,
        0,
        2,
        0.733,
        0,
        1,
        1.4,
        0,
        2.066,
        -0.5,
        2.733,
        -0.5,
        1,
        3.922,
        -0.5,
        5.111,
        0,
        6.3,
        0
      ]
    },
    {
      "Target": "Parameter",
      "Id": "ParamBrowRForm",
      "Segments": [
        0,
        0,
        2,
        0.733,
        0,
        1,
        1.4,
        0,
        2.066,
        -0.5,
        2.733,
        -0.5,
        1,
        3.922,
        -0.5,
        5.111,
        0,
        6.3,
        0
      ]
    },
    {
      "Target": "Parameter",
      "Id": "ParamMouthForm",
      "Segments": [
        0,
        0,
        1,
        0.267,
        0,
        0.533,
        -0.9,
        0.8,
        -0.9,
        1,
        1.111,
        -0.9,
        1.422,
        1,
        1.733,
        1,
        1,
        2.844,
        1,
        3.956,
        0,
        5.067,
        0,
        1,
        5.234,
        0,
        5.4,
        1,
        5.567,
        1,
        1,
        5.811,
        1,
        6.056,
        0,
        6.3,
        0
      ]
    },
    {
      "Target": "Parameter",
      "Id": "ParamCheek",
      "Segments": [
        0,
        0,
        1,
        0.511,
        0,
        1.022,
        0.2,
        1.533,
        0.2,
        1,
        3.122,
        0.2,
        4.711,
        0,
        6.3,
        0
      ]
    },
    {
      "Target": "Parameter",
      "Id": "ParamBodyAngleX",
      "Segments": [
        0,
        0,
        1,
        0.267,
        0,
        0.533,
        -10,
        0.8,
        -10,
        1,
        2.633,
        -10,
        4.467,
        0,
        6.3,
        0
      ]
    },
    {
      "Target": "Parameter",
      "Id": "xiashenX",
      "Segments": [
        0,
        0,
        1,
        0.378,
        0,
        0.755,
        -1,
        1.133,
        -1,
        1,
        1.722,
        -1,
        2.311,
        1,
        2.9,
        1,
        1,
        3.644,
        1,
        4.389,
        -1,
        5.133,
        -1,
        1,
        5.522,
        -1,
        5.911,
        0,
        6.3,
        0
      ]
    },
    {
      "Target": "Parameter",
      "Id": "XIASHENY",
      "Segments": [
        0,
        0,
        1,
        0.244,
        0,
        0.489,
        -0.213,
        0.733,
        -0.213,
        1,
        1.111,
        -0.213,
        1.489,
        1,
        1.867,
        1,
        1,
        2.234,
        1,
        2.6,
        -1,
        2.967,
        -1,
        1,
        3.367,
        -1,
        3.767,
        1,
        4.167,
        1,
        1,
        4.878,
        1,
        5.589,
        0,
        6.3,
        0
      ]
    },
    {
      "Target": "Parameter",
      "Id": "ParamBodyAngleZ",
      "Segments": [
        0,
        0,
        1,
        0.267,
        0,
        0.533,
        -3,
        0.8,
        -3,
        1,
        2.633,
        -3,
        4.467,
        0,
        6.3,
        0
      ]
    },
    {
      "Target": "Parameter",
      "Id": "XSX",
      "Segments": [
        0,
        0,
        2,
        0.033,
        0,
        1,
        0.155,
        0,
        0.278,
        0.406,
        0.4,
        0.406,
        1,
        0.578,
        0.406,
        0.755,
        -0.264,
        0.933,
        -0.264,
        1,
        1.078,
        -0.264,
        1.222,
        0.072,
        1.367,
        0.072,
        1,
        1.511,
        0.072,
        1.656,
        -0.05,
        1.8,
        -0.05,
        1,
        1.944,
        -0.05,
        2.089,
        -0.016,
        2.233,
        -0.016,
        1,
        2.378,
        -0.016,
        2.522,
        -0.032,
        2.667,
        -0.032,
        1,
        2.778,
        -0.032,
        2.889,
        -0.029,
        3,
        -0.029,
        2,
        3.033,
        -0.029,
        2,
        3.067,
        -0.029,
        2,
        3.133,
        -0.029,
        2,
        3.167,
        -0.029,
        1,
        3.189,
        -0.029,
        3.211,
        -0.03,
        3.233,
        -0.03,
        2,
        3.267,
        -0.03,
        2,
        3.333,
        -0.03,
        2,
        3.367,
        -0.03,
        1,
        3.389,
        -0.03,
        3.411,
        -0.031,
        3.433,
        -0.031,
        2,
        3.467,
        -0.031,
        2,
        3.533,
        -0.031,
        2,
        3.567,
        -0.031,
        2,
        3.6,
        -0.031,
        1,
        3.611,
        -0.031,
        3.622,
        -0.03,
        3.633,
        -0.03,
        2,
        3.667,
        -0.03,
        1,
        4.545,
        -0.03,
        5.422,
        0.009,
        6.3,
        0.009
      ]
    },
    {
      "Target": "Parameter",
      "Id": "XDYB",
      "Segments": [
        0,
        -0.002,
        1,
        0.233,
        -0.002,
        0.467,
        -0.439,
        0.7,
        -0.439,
        1,
        1.033,
        -0.439,
        1.367,
        0.258,
        1.7,
        0.258,
        1,
        2.067,
        0.258,
        2.433,
        -0.369,
        2.8,
        -0.369,
        1,
        3.167,
        -0.369,
        3.533,
        0.286,
        3.9,
        0.286,
        1,
        4.289,
        0.286,
        4.678,
        -0.296,
        5.067,
        -0.296,
        1,
        5.311,
        -0.296,
        5.556,
        0.211,
        5.8,
        0.211,
        1,
        5.967,
        0.211,
        6.133,
        -0.002,
        6.3,
        -0.002
      ]
    },
    {
      "Target": "Parameter",
      "Id": "XDBX",
      "Segments": [
        0,
        -0.027,
        1,
        0.1,
        -0.027,
        0.2,
        -1,
        0.3,
        -1,
        2,
        0.5,
        -1,
        1,
        0.633,
        -1,
        0.767,
        0.79,
        0.9,
        0.79,
        1,
        1.033,
        0.79,
        1.167,
        -0.225,
        1.3,
        -0.225,
        1,
        1.433,
        -0.225,
        1.567,
        0.151,
        1.7,
        0.151,
        1,
        1.822,
        0.151,
        1.945,
        0.04,
        2.067,
        0.04,
        1,
        2.2,
        0.04,
        2.334,
        0.093,
        2.467,
        0.093,
        1,
        2.578,
        0.093,
        2.689,
        0.084,
        2.8,
        0.084,
        1,
        2.822,
        0.084,
        2.845,
        0.085,
        2.867,
        0.085,
        2,
        2.9,
        0.085,
        1,
        2.978,
        0.085,
        3.055,
        0.092,
        3.133,
        0.092,
        2,
        3.167,
        0.092,
        1,
        3.189,
        0.092,
        3.211,
        0.093,
        3.233,
        0.093,
        1,
        3.244,
        0.093,
        3.256,
        0.092,
        3.267,
        0.092,
        1,
        3.289,
        0.092,
        3.311,
        0.093,
        3.333,
        0.093,
        1,
        3.344,
        0.093,
        3.356,
        0.092,
        3.367,
        0.092,
        2,
        3.433,
        0.092,
        1,
        3.444,
        0.092,
        3.456,
        0.091,
        3.467,
        0.091,
        2,
        3.533,
        0.091,
        1,
        3.544,
        0.091,
        3.556,
        0.09,
        3.567,
        0.09,
        2,
        3.6,
        0.09,
        1,
        3.611,
        0.09,
        3.622,
        0.089,
        3.633,
        0.089,
        1,
        3.655,
        0.089,
        3.678,
        0.09,
        3.7,
        0.09,
        1,
        3.711,
        0.09,
        3.722,
        0.088,
        3.733,
        0.088,
        1,
        3.755,
        0.088,
        3.778,
        0.089,
        3.8,
        0.089,
        1,
        3.811,
        0.089,
        3.822,
        0.088,
        3.833,
        0.088,
        2,
        3.9,
        0.088,
        1,
        3.911,
        0.088,
        3.922,
        0.087,
        3.933,
        0.087,
        2,
        3.967,
        0.087,
        1,
        4.745,
        0.087,
        5.522,
        -0.033,
        6.3,
        -0.033
      ]
    },
    {
      "Target": "Parameter",
      "Id": "ZXZY",
      "Segments": [
        0,
        0,
        2,
        0.033,
        0,
        1,
        0.133,
        0,
        0.233,
        0.324,
        0.333,
        0.324,
        1,
        0.511,
        0.324,
        0.689,
        -0.177,
        0.867,
        -0.177,
        1,
        0.978,
        -0.177,
        1.089,
        0.051,
        1.2,
        0.051,
        1,
        1.3,
        0.051,
        1.4,
        -0.034,
        1.5,
        -0.034,
        1,
        1.6,
        -0.034,
        1.7,
        -0.008,
        1.8,
        -0.008,
        1,
        1.9,
        -0.008,
        2,
        -0.021,
        2.1,
        -0.021,
        2,
        2.133,
        -0.021,
        2,
        2.167,
        -0.021,
        1,
        2.222,
        -0.021,
        2.278,
        -0.019,
        2.333,
        -0.019,
        2,
        2.367,
        -0.019,
        2,
        2.4,
        -0.019,
        1,
        2.489,
        -0.019,
        2.578,
        -0.022,
        2.667,
        -0.022,
        2,
        2.7,
        -0.022,
        2,
        2.767,
        -0.022,
        2,
        2.8,
        -0.022,
        2,
        2.867,
        -0.022,
        2,
        2.9,
        -0.022,
        2,
        2.933,
        -0.022,
        2,
        3,
        -0.022,
        2,
        3.033,
        -0.022,
        2,
        3.067,
        -0.022,
        1,
        3.089,
        -0.022,
        3.111,
        -0.023,
        3.133,
        -0.023,
        2,
        3.167,
        -0.023,
        2,
        3.233,
        -0.023,
        2,
        3.267,
        -0.023,
        2,
        3.333,
        -0.023,
        2,
        3.367,
        -0.023,
        2,
        3.433,
        -0.023,
        2,
        3.467,
        -0.023,
        2,
        3.533,
        -0.023,
        1,
        3.544,
        -0.023,
        3.556,
        -0.022,
        3.567,
        -0.022,
        1,
        3.578,
        -0.022,
        3.589,
        -0.023,
        3.6,
        -0.023,
        1,
        3.611,
        -0.023,
        3.622,
        -0.022,
        3.633,
        -0.022,
        2,
        3.7,
        -0.022,
        2,
        3.733,
        -0.022,
        2,
        3.8,
        -0.022,
        2,
        3.833,
        -0.022,
        2,
        3.9,
        -0.022,
        2,
        3.933,
        -0.022,
        2,
        4,
        -0.022,
        1,
        4.011,
        -0.022,
        4.022,
        -0.021,
        4.033,
        -0.021,
        2,
        4.1,
        -0.021,
        2,
        4.133,
        -0.021,
        2,
        4.167,
        -0.021,
        1,
        4.189,
        -0.021,
        4.211,
        -0.02,
        4.233,
        -0.02,
        2,
        4.267,
        -0.02,
        2,
        4.3,
        -0.02,
        2,
        4.333,
        -0.02,
        1,
        4.989,
        -0.02,
        5.644,
        0.011,
        6.3,
        0.011
      ]
    },
    {
      "Target": "Parameter",
      "Id": "ZXSBX",
      "Segments": [
        0,
        0,
        1,
        0.267,
        0,
        0.533,
        1,
        0.8,
        1,
        1,
        1.056,
        1,
        1.311,
        0.681,
        1.567,
        0,
        1,
        1.811,
        -0.652,
        2.056,
        -1,
        2.3,
        -1,
        1,
        2.578,
        -1,
        2.855,
        -0.68,
        3.133,
        0,
        1,
        3.4,
        0.653,
        3.666,
        1,
        3.933,
        1,
        1,
        4.189,
        1,
        4.444,
        0.681,
        4.7,
        0,
        1,
        4.944,
        -0.652,
        5.189,
        -1,
        5.433,
        -1,
        1,
        5.722,
        -1,
        6.011,
        0,
        6.3,
        0
      ]
    },
    {
      "Target": "Parameter",
      "Id": "ZXSDX",
      "Segments": [
        0,
        0,
        1,
        0.267,
        0,
        0.533,
        -0.16,
        0.8,
        -0.5,
        1,
        1.056,
        -0.826,
        1.311,
        -1,
        1.567,
        -1,
        1,
        1.811,
        -1,
        2.056,
        -0.811,
        2.3,
        -0.5,
        1,
        2.578,
        -0.147,
        2.855,
        0,
        3.133,
        0,
        1,
        3.4,
        0,
        3.666,
        -0.16,
        3.933,
        -0.5,
        1,
        4.189,
        -0.826,
        4.444,
        -1,
        4.7,
        -1,
        1,
        4.944,
        -1,
        5.189,
        -0.803,
        5.433,
        -0.5,
        1,
        5.722,
        -0.141,
        6.011,
        0,
        6.3,
        0
      ]
    },
    {
      "Target": "Parameter",
      "Id": "YXZY",
      "Segments": [
        0,
        0,
        2,
        0.033,
        0,
        1,
        0.133,
        0,
        0.233,
        -0.162,
        0.333,
        -0.162,
        1,
        0.511,
        -0.162,
        0.689,
        0.088,
        0.867,
        0.088,
        1,
        0.978,
        0.088,
        1.089,
        -0.026,
        1.2,
        -0.026,
        1,
        1.3,
        -0.026,
        1.4,
        0.017,
        1.5,
        0.017,
        1,
        1.6,
        0.017,
        1.7,
        0.004,
        1.8,
        0.004,
        1,
        1.9,
        0.004,
        2,
        0.011,
        2.1,
        0.011,
        2,
        2.133,
        0.011,
        2,
        2.167,
        0.011,
        1,
        2.222,
        0.011,
        2.278,
        0.01,
        2.333,
        0.01,
        2,
        2.367,
        0.01,
        2,
        2.4,
        0.01,
        1,
        2.489,
        0.01,
        2.578,
        0.011,
        2.667,
        0.011,
        2,
        2.7,
        0.011,
        2,
        2.767,
        0.011,
        2,
        2.8,
        0.011,
        2,
        2.867,
        0.011,
        2,
        2.9,
        0.011,
        2,
        2.933,
        0.011,
        2,
        3,
        0.011,
        2,
        3.033,
        0.011,
        2,
        3.067,
        0.011,
        2,
        3.133,
        0.011,
        2,
        3.167,
        0.011,
        1,
        3.189,
        0.011,
        3.211,
        0.012,
        3.233,
        0.012,
        1,
        3.244,
        0.012,
        3.256,
        0.011,
        3.267,
        0.011,
        1,
        3.289,
        0.011,
        3.311,
        0.012,
        3.333,
        0.012,
        1,
        3.344,
        0.012,
        3.356,
        0.011,
        3.367,
        0.011,
        2,
        3.433,
        0.011,
        2,
        3.467,
        0.011,
        2,
        3.533,
        0.011,
        2,
        3.567,
        0.011,
        2,
        3.6,
        0.011,
        2,
        3.633,
        0.011,
        2,
        3.7,
        0.011,
        2,
        3.733,
        0.011,
        2,
        3.8,
        0.011,
        2,
        3.833,
        0.011,
        2,
        3.9,
        0.011,
        2,
        3.933,
        0.011,
        2,
        4,
        0.011,
        2,
        4.033,
        0.011,
        2,
        4.1,
        0.011,
        1,
        4.111,
        0.011,
        4.122,
        0.01,
        4.133,
        0.01,
        2,
        4.167,
        0.01,
        2,
        4.233,
        0.01,
        2,
        4.267,
        0.01,
        2,
        4.3,
        0.01,
        2,
        4.333,
        0.01,
        1,
        4.989,
        0.01,
        5.644,
        -0.006,
        6.3,
        -0.006
      ]
    },
    {
      "Target": "Parameter",
      "Id": "YXSBX",
      "Segments": [
        0,
        0,
        1,
        0.267,
        0,
        0.533,
        0.6,
        0.8,
        0.6,
        1,
        1.056,
        0.6,
        1.311,
        0.505,
        1.567,
        0,
        1,
        1.811,
        -0.483,
        2.056,
        -1,
        2.3,
        -1,
        1,
        2.578,
        -1,
        2.855,
        -0.68,
        3.133,
        0,
        1,
        3.4,
        0.653,
        3.666,
        1,
        3.933,
        1,
        1,
        4.189,
        1,
        4.444,
        0.517,
        4.7,
        0,
        1,
        4.944,
        -0.494,
        5.189,
        -0.6,
        5.433,
        -0.6,
        1,
        5.722,
        -0.6,
        6.011,
        0,
        6.3,
        0
      ]
    },
    {
      "Target": "Parameter",
      "Id": "YXSDX",
      "Segments": [
        0,
        0,
        1,
        0.267,
        0,
        0.533,
        -0.318,
        0.8,
        -0.63,
        1,
        1.056,
        -0.929,
        1.311,
        -0.984,
        1.567,
        -0.984,
        1,
        1.811,
        -0.984,
        2.056,
        -0.806,
        2.3,
        -0.5,
        1,
        2.578,
        -0.152,
        2.855,
        0,
        3.133,
        0,
        1,
        3.4,
        0,
        3.666,
        -0.165,
        3.933,
        -0.5,
        1,
        4.189,
        -0.821,
        4.444,
        -0.984,
        4.7,
        -0.984,
        1,
        4.944,
        -0.984,
        5.189,
        -0.498,
        5.433,
        -0.274,
        1,
        5.722,
        -0.01,
        6.011,
        0,
        6.3,
        0
      ]
    },
    {
      "Target": "Parameter",
      "Id": "ParamBreath",
      "Segments": [
        0,
        0,
        1,
        0.344,
        0,
        0.689,
        1,
        1.033,
        1,
        1,
        1.733,
        1,
        2.433,
        0,
        3.133,
        0,
        1,
        3.489,
        0,
        3.844,
        1,
        4.2,
        1,
        1,
        4.9,
        1,
        5.6,
        0,
        6.3,
        0
      ]
    },
    {
      "Target": "Parameter",
      "Id": "ParamHairFront",
      "Segments": [
        0,
        0,
        2,
        0.033,
        0,
        1,
        0.155,
        0,
        0.278,
        0.129,
        0.4,
        0.129,
        1,
        0.578,
        0.129,
        0.755,
        -0.101,
        0.933,
        -0.101,
        1,
        1.078,
        -0.101,
        1.222,
        0.022,
        1.367,
        0.022,
        1,
        1.5,
        0.022,
        1.634,
        -0.008,
        1.767,
        -0.008,
        1,
        1.922,
        -0.008,
        2.078,
        0.011,
        2.233,
        0.011,
        1,
        2.411,
        0.011,
        2.589,
        0.004,
        2.767,
        0.004,
        2,
        2.8,
        0.004,
        1,
        3.156,
        0.004,
        3.511,
        -0.018,
        3.867,
        -0.018,
        1,
        3.989,
        -0.018,
        4.111,
        -0.013,
        4.233,
        -0.013,
        1,
        4.344,
        -0.013,
        4.456,
        -0.015,
        4.567,
        -0.015,
        2,
        4.6,
        -0.015,
        2,
        4.633,
        -0.015,
        1,
        5.189,
        -0.015,
        5.744,
        0.003,
        6.3,
        0.003
      ]
    },
    {
      "Target": "Parameter",
      "Id": "qianfaBX",
      "Segments": [
        0,
        0,
        2,
        0.033,
        0,
        1,
        0.144,
        0,
        0.256,
        0.177,
        0.367,
        0.177,
        1,
        0.545,
        0.177,
        0.722,
        -0.111,
        0.9,
        -0.111,
        1,
        1.033,
        -0.111,
        1.167,
        0.032,
        1.3,
        0.032,
        1,
        1.433,
        0.032,
        1.567,
        -0.021,
        1.7,
        -0.021,
        1,
        1.822,
        -0.021,
        1.945,
        -0.006,
        2.067,
        -0.006,
        1,
        2.222,
        -0.006,
        2.378,
        -0.013,
        2.533,
        -0.013,
        1,
        2.622,
        -0.013,
        2.711,
        -0.012,
        2.8,
        -0.012,
        2,
        2.867,
        -0.012,
        2,
        2.9,
        -0.012,
        1,
        2.978,
        -0.012,
        3.055,
        -0.013,
        3.133,
        -0.013,
        2,
        3.167,
        -0.013,
        2,
        3.233,
        -0.013,
        2,
        3.267,
        -0.013,
        2,
        3.333,
        -0.013,
        2,
        3.367,
        -0.013,
        2,
        3.433,
        -0.013,
        2,
        3.467,
        -0.013,
        2,
        3.533,
        -0.013,
        2,
        3.567,
        -0.013,
        2,
        3.6,
        -0.013,
        2,
        3.633,
        -0.013,
        2,
        3.7,
        -0.013,
        1,
        3.711,
        -0.013,
        3.722,
        -0.012,
        3.733,
        -0.012,
        1,
        3.755,
        -0.012,
        3.778,
        -0.013,
        3.8,
        -0.013,
        1,
        3.811,
        -0.013,
        3.822,
        -0.012,
        3.833,
        -0.012,
        2,
        3.9,
        -0.012,
        2,
        3.933,
        -0.012,
        2,
        3.967,
        -0.012,
        1,
        4.745,
        -0.012,
        5.522,
        0.008,
        6.3,
        0.008
      ]
    },
    {
      "Target": "Parameter",
      "Id": "ParamHairSide",
      "Segments": [
        0,
        0,
        1,
        0.089,
        0,
        0.178,
        -0.334,
        0.267,
        -0.334,
        1,
        0.589,
        -0.334,
        0.911,
        0.742,
        1.233,
        0.742,
        1,
        1.489,
        0.742,
        1.744,
        -0.166,
        2,
        -0.166,
        1,
        2.322,
        -0.166,
        2.645,
        0.61,
        2.967,
        0.61,
        1,
        3.267,
        0.61,
        3.567,
        -0.057,
        3.867,
        -0.057,
        1,
        4.189,
        -0.057,
        4.511,
        0.61,
        4.833,
        0.61,
        1,
        5.122,
        0.61,
        5.411,
        -0.057,
        5.7,
        -0.057,
        1,
        5.9,
        -0.057,
        6.1,
        0.006,
        6.3,
        0.006
      ]
    },
    {
      "Target": "Parameter",
      "Id": "ParamHairBack",
      "Segments": [
        0,
        0,
        2,
        0.033,
        0,
        1,
        0.155,
        0,
        0.278,
        0.068,
        0.4,
        0.068,
        1,
        0.578,
        0.068,
        0.755,
        -0.052,
        0.933,
        -0.052,
        1,
        1.078,
        -0.052,
        1.222,
        0.016,
        1.367,
        0.016,
        1,
        1.5,
        0.016,
        1.634,
        -0.003,
        1.767,
        -0.003,
        1,
        1.9,
        -0.003,
        2.034,
        0.005,
        2.167,
        0.005,
        1,
        2.711,
        0.005,
        3.256,
        -0.011,
        3.8,
        -0.011,
        1,
        4.6,
        -0.011,
        5.4,
        0.001,
        6.2,
        0.001,
        1,
        6.233,
        0.001,
        6.267,
        0,
        6.3,
        0
      ]
    },
    {
      "Target": "Parameter",
      "Id": "ZSBX",
      "Segments": [
        0,
        0,
        1,
        0.267,
        0,
        0.533,
        -1,
        0.8,
        -1,
        1,
        1.311,
        -1,
        1.822,
        -0.8,
        2.333,
        -0.8,
        2,
        4.5,
        -0.8,
        1,
        5.1,
        -0.8,
        5.7,
        0,
        6.3,
        0
      ]
    },
    {
      "Target": "Parameter",
      "Id": "ZXBXZ",
      "Segments": [
        0,
        0,
        1,
        0.267,
        0,
        0.533,
        -4.2,
        0.8,
        -4.2,
        1,
        1.133,
        -4.2,
        1.467,
        -4.187,
        1.8,
        -4,
        1,
        1.978,
        -3.9,
        2.155,
        -3.4,
        2.333,
        -3.4,
        2,
        4.5,
        -3.4,
        1,
        5.1,
        -3.4,
        5.7,
        0,
        6.3,
        0
      ]
    },
    {
      "Target": "Parameter",
      "Id": "ZSXZ",
      "Segments": [
        0,
        0,
        1,
        0.267,
        0,
        0.533,
        0.5,
        0.8,
        0.5,
        2,
        2.333,
        0.5,
        2,
        4.5,
        0.5,
        1,
        5.1,
        0.5,
        5.7,
        0,
        6.3,
        0
      ]
    },
    {
      "Target": "Parameter",
      "Id": "ZSZ01",
      "Segments": [
        0,
        0,
        1,
        0.267,
        0,
        0.533,
        1,
        0.8,
        1,
        2,
        4.5,
        1,
        1,
        4.556,
        1,
        4.611,
        0.751,
        4.667,
        0.7,
        1,
        5.211,
        0.198,
        5.756,
        0,
        6.3,
        0
      ]
    },
    {
      "Target": "Parameter",
      "Id": "ZSZ02",
      "Segments": [
        0,
        0,
        1,
        0.267,
        0,
        0.533,
        1,
        0.8,
        1,
        2,
        4.5,
        1,
        1,
        4.556,
        1,
        4.611,
        0.751,
        4.667,
        0.7,
        1,
        5.211,
        0.198,
        5.756,
        0,
        6.3,
        0
      ]
    },
    {
      "Target": "Parameter",
      "Id": "ZSZ03",
      "Segments": [
        0,
        0,
        1,
        0.267,
        0,
        0.533,
        1,
        0.8,
        1,
        1,
        1.111,
        1,
        1.422,
        0.5,
        1.733,
        0.5,
        2,
        4.5,
        0.5,
        1,
        4.556,
        0.5,
        4.611,
        1,
        4.667,
        1,
        1,
        5.211,
        1,
        5.756,
        0,
        6.3,
        0
      ]
    },
    {
      "Target": "Parameter",
      "Id": "ZSZ04",
      "Segments": [
        0,
        0,
        1,
        0.267,
        0,
        0.533,
        1,
        0.8,
        1,
        1,
        1.111,
        1,
        1.422,
        0.5,
        1.733,
        0.5,
        2,
        4.5,
        0.5,
        1,
        4.556,
        0.5,
        4.611,
        1,
        4.667,
        1,
        1,
        5.211,
        1,
        5.756,
        0,
        6.3,
        0
      ]
    },
    {
      "Target": "Parameter",
      "Id": "YBXZ",
      "Segments": [
        0,
        0,
        1,
        0.267,
        0,
        0.533,
        10,
        0.8,
        10,
        1,
        1.467,
        10,
        2.133,
        9.266,
        2.8,
        8.1,
        1,
        3.267,
        7.284,
        3.733,
        7,
        4.2,
        7,
        2,
        4.9,
        7,
        1,
        5.367,
        7,
        5.833,
        0,
        6.3,
        0
      ]
    },
    {
      "Target": "Parameter",
      "Id": "YXBXZ",
      "Segments": [
        0,
        0,
        1,
        0.267,
        0,
        0.533,
        9,
        0.8,
        9,
        1,
        1.111,
        9,
        1.422,
        1,
        1.733,
        1,
        1,
        2.089,
        1,
        2.444,
        7,
        2.8,
        7,
        1,
        3.111,
        7,
        3.422,
        1,
        3.733,
        1,
        1,
        3.889,
        1,
        4.044,
        2.117,
        4.2,
        3.7,
        1,
        4.433,
        6.075,
        4.667,
        7,
        4.9,
        7,
        1,
        5.367,
        7,
        5.833,
        0,
        6.3,
        0
      ]
    },
    {
      "Target": "Parameter",
      "Id": "YXBX",
      "Segments": [
        0,
        0,
        1,
        0.344,
        0,
        0.689,
        0.2,
        1.033,
        0.2,
        1,
        2.789,
        0.2,
        4.544,
        0,
        6.3,
        0
      ]
    },
    {
      "Target": "Parameter",
      "Id": "YSXZ",
      "Segments": [
        0,
        0,
        1,
        0.344,
        0,
        0.689,
        1,
        1.033,
        1,
        1,
        2.089,
        1,
        3.144,
        -0.1,
        4.2,
        -0.1,
        1,
        4.433,
        -0.1,
        4.667,
        1,
        4.9,
        1,
        2,
        5.5,
        1,
        1,
        5.767,
        1,
        6.033,
        0,
        6.3,
        0
      ]
    },
    {
      "Target": "Parameter",
      "Id": "YOUSHOUx",
      "Segments": [
        0,
        0,
        1,
        1.044,
        0,
        2.089,
        -1,
        3.133,
        -1,
        1,
        4.189,
        -1,
        5.244,
        0,
        6.3,
        0
      ]
    },
    {
      "Target": "Parameter",
      "Id": "youshouY",
      "Segments": [
        0,
        0,
        1,
        0.522,
        0,
        1.045,
        1,
        1.567,
        1,
        1,
        2.445,
        1,
        3.322,
        -1,
        4.2,
        -1,
        1,
        4.9,
        -1,
        5.6,
        0,
        6.3,
        0
      ]
    },
    {
      "Target": "Parameter",
      "Id": "YSZ1",
      "Segments": [
        0,
        0,
        1,
        0.344,
        0,
        0.689,
        1,
        1.033,
        1,
        1,
        2.266,
        1,
        3.5,
        0,
        4.733,
        0,
        1,
        5,
        0,
        5.266,
        0.7,
        5.533,
        0.7,
        1,
        5.789,
        0.7,
        6.044,
        0,
        6.3,
        0
      ]
    },
    {
      "Target": "Parameter",
      "Id": "YSZ2",
      "Segments": [
        0,
        0,
        1,
        0.344,
        0,
        0.689,
        1,
        1.033,
        1,
        1,
        1.366,
        1,
        1.7,
        0.4,
        2.033,
        0.4,
        1,
        2.355,
        0.4,
        2.678,
        1,
        3,
        1,
        1,
        3.244,
        1,
        3.489,
        0.649,
        3.733,
        0.4,
        1,
        4.066,
        0.06,
        4.4,
        0,
        4.733,
        0,
        1,
        5.011,
        0,
        5.289,
        0.7,
        5.567,
        0.7,
        1,
        5.811,
        0.7,
        6.056,
        0,
        6.3,
        0
      ]
    },
    {
      "Target": "Parameter",
      "Id": "YSZ3",
      "Segments": [
        0,
        0,
        1,
        0.356,
        0,
        0.711,
        1,
        1.067,
        1,
        1,
        1.411,
        1,
        1.756,
        0.4,
        2.1,
        0.4,
        1,
        2.411,
        0.4,
        2.722,
        1,
        3.033,
        1,
        1,
        3.289,
        1,
        3.544,
        0.675,
        3.8,
        0.4,
        1,
        4.111,
        0.065,
        4.422,
        0,
        4.733,
        0,
        1,
        5.022,
        0,
        5.311,
        0.7,
        5.6,
        0.7,
        1,
        5.833,
        0.7,
        6.067,
        0,
        6.3,
        0
      ]
    },
    {
      "Target": "Parameter",
      "Id": "YSZ4",
      "Segments": [
        0,
        0,
        1,
        0.367,
        0,
        0.733,
        1,
        1.1,
        1,
        1,
        1.456,
        1,
        1.811,
        0.4,
        2.167,
        0.4,
        1,
        2.467,
        0.4,
        2.767,
        1,
        3.067,
        1,
        1,
        3.334,
        1,
        3.6,
        0.702,
        3.867,
        0.4,
        1,
        4.156,
        0.073,
        4.444,
        0,
        4.733,
        0,
        1,
        5.033,
        0,
        5.333,
        0.7,
        5.633,
        0.7,
        1,
        5.855,
        0.7,
        6.078,
        0,
        6.3,
        0
      ]
    },
    {
      "Target": "Parameter",
      "Id": "YSZ5",
      "Segments": [
        0,
        0,
        1,
        0.167,
        0,
        0.333,
        -0.016,
        0.5,
        0.2,
        1,
        0.711,
        0.473,
        0.922,
        1,
        1.133,
        1,
        1,
        1.5,
        1,
        1.866,
        0,
        2.233,
        0,
        1,
        2.522,
        0,
        2.811,
        1,
        3.1,
        1,
        1,
        3.378,
        1,
        3.655,
        0,
        3.933,
        0,
        1,
        4.466,
        0,
        5,
        0.7,
        5.533,
        0.7,
        1,
        5.789,
        0.7,
        6.044,
        0,
        6.3,
        0
      ]
    },
    {
      "Target": "Parameter",
      "Id": "YSSZTC",
      "Segments": [
        0,
        0,
        1,
        0.111,
        0,
        0.222,
        1,
        0.333,
        1,
        2,
        1.033,
        1,
        2,
        5.667,
        1,
        1,
        5.878,
        1,
        6.089,
        0,
        6.3,
        0
      ]
    },
    {
      "Target": "Parameter",
      "Id": "YSZTC",
      "Segments": [
        0,
        0,
        1,
        0.111,
        0,
        0.222,
        1,
        0.333,
        1,
        2,
        1.033,
        1,
        2,
        5.667,
        1,
        1,
        5.878,
        1,
        6.089,
        0,
        6.3,
        0
      ]
    },
    {
      "Target": "Parameter",
      "Id": "ZTXZ",
      "Segments": [
        0,
        0,
        1,
        0.556,
        0,
        1.111,
        -4.1,
        1.667,
        -4.1,
        1,
        2.278,
        -4.1,
        2.889,
        -3.684,
        3.5,
        -2,
        1,
        4.067,
        -0.438,
        4.633,
        1,
        5.2,
        1,
        1,
        5.567,
        1,
        5.933,
        0,
        6.3,
        0
      ]
    },
    {
      "Target": "Parameter",
      "Id": "ZXTXZ",
      "Segments": [
        0,
        0,
        1,
        0.389,
        0,
        0.778,
        5,
        1.167,
        5,
        1,
        1.634,
        5,
        2.1,
        0,
        2.567,
        0,
        1,
        3.145,
        0,
        3.722,
        7,
        4.3,
        7,
        1,
        4.967,
        7,
        5.633,
        0,
        6.3,
        0
      ]
    },
    {
      "Target": "Parameter",
      "Id": "ZJXZ",
      "Segments": [
        0,
        0,
        1,
        0.567,
        0,
        1.133,
        -0.5,
        1.7,
        -0.5,
        1,
        3.233,
        -0.5,
        4.767,
        0,
        6.3,
        0
      ]
    },
    {
      "Target": "Parameter",
      "Id": "YTXZ",
      "Segments": [
        0,
        0,
        2,
        3,
        0,
        1,
        3.733,
        0,
        4.467,
        -2,
        5.2,
        -2,
        1,
        5.567,
        -2,
        5.933,
        0,
        6.3,
        0
      ]
    },
    {
      "Target": "Parameter",
      "Id": "YXTXZ",
      "Segments": [
        0,
        0,
        1,
        0.389,
        0,
        0.778,
        5,
        1.167,
        5,
        1,
        1.778,
        5,
        2.389,
        0,
        3,
        0,
        1,
        3.5,
        0,
        4,
        6,
        4.5,
        6,
        1,
        5.1,
        6,
        5.7,
        0,
        6.3,
        0
      ]
    },
    {
      "Target": "Parameter",
      "Id": "YJXZ",
      "Segments": [
        0,
        0,
        1,
        1.244,
        0,
        2.489,
        -0.8,
        3.733,
        -0.8,
        1,
        4.589,
        -0.8,
        5.444,
        0,
        6.3,
        0
      ]
    },
    {
      "Target": "Parameter",
      "Id": "shufanye",
      "Segments": [
        0,
        0,
        1,
        0.167,
        0,
        0.333,
        0.5,
        0.5,
        0.5,
        1,
        1.378,
        0.5,
        2.255,
        0,
        3.133,
        0,
        1,
        3.489,
        0,
        3.844,
        0.3,
        4.2,
        0.3,
        1,
        4.9,
        0.3,
        5.6,
        0,
        6.3,
        0
      ]
    },
    {
      "Target": "Parameter",
      "Id": "shuqianPD",
      "Segments": [
        0,
        0,
        1,
        0.344,
        0,
        0.689,
        -1,
        1.033,
        -1,
        1,
        1.389,
        -1,
        1.744,
        1,
        2.1,
        1,
        1,
        2.444,
        1,
        2.789,
        -0.581,
        3.133,
        -0.581,
        1,
        3.489,
        -0.581,
        3.844,
        1,
        4.2,
        1,
        1,
        4.544,
        1,
        4.889,
        -1,
        5.233,
        -1,
        1,
        5.589,
        -1,
        5.944,
        0,
        6.3,
        0
      ]
    },
    {
      "Target": "Parameter",
      "Id": "shiwuhe",
      "Segments": [
        0,
        0,
        1,
        0.344,
        0,
        0.689,
        -1,
        1.033,
        -1,
        1,
        1.733,
        -1,
        2.433,
        1,
        3.133,
        1,
        1,
        3.833,
        1,
        4.533,
        -1,
        5.233,
        -1,
        1,
        5.589,
        -1,
        5.944,
        0,
        6.3,
        0
      ]
    },
    {
      "Target": "Parameter",
      "Id": "SWHBZ",
      "Segments": [
        0,
        0,
        1,
        0.167,
        0,
        0.333,
        0.277,
        0.5,
        0.277,
        1,
        1.033,
        0.277,
        1.567,
        -0.381,
        2.1,
        -0.381,
        1,
        2.8,
        -0.381,
        3.5,
        0.237,
        4.2,
        0.237,
        1,
        4.722,
        0.237,
        5.245,
        -0.1,
        5.767,
        -0.1,
        1,
        5.945,
        -0.1,
        6.122,
        0,
        6.3,
        0
      ]
    },
    {
      "Target": "Parameter",
      "Id": "PCDYB",
      "Segments": [
        0,
        0,
        1,
        0.311,
        0,
        0.622,
        -0.702,
        0.933,
        -0.702,
        1,
        1.211,
        -0.702,
        1.489,
        0.4,
        1.767,
        0.4,
        1,
        2.256,
        0.4,
        2.744,
        -0.502,
        3.233,
        -0.502,
        1,
        3.644,
        -0.502,
        4.056,
        0.9,
        4.467,
        0.9,
        1,
        4.556,
        0.9,
        4.644,
        0.3,
        4.733,
        -0.6,
        1,
        4.766,
        -0.937,
        4.8,
        -1,
        4.833,
        -1,
        1,
        5.011,
        -1,
        5.189,
        0.552,
        5.367,
        0.552,
        1,
        5.567,
        0.552,
        5.767,
        -0.2,
        5.967,
        -0.2,
        1,
        6.078,
        -0.2,
        6.189,
        0,
        6.3,
        0
      ]
    },
    {
      "Target": "Parameter",
      "Id": "panciTDX",
      "Segments": [
        0,
        0,
        2,
        1.033,
        0,
        1,
        1.466,
        0,
        1.9,
        0.6,
        2.333,
        0.6,
        2,
        4.5,
        0.6,
        1,
        4.556,
        0.6,
        4.611,
        0,
        4.667,
        0,
        2,
        6.3,
        0
      ]
    },
    {
      "Target": "Parameter",
      "Id": "PANCITDY",
      "Segments": [
        0,
        0,
        2,
        1.033,
        0,
        2,
        1.667,
        0,
        1,
        1.889,
        0,
        2.111,
        -0.2,
        2.333,
        -0.2,
        2,
        4.5,
        -0.2,
        1,
        4.556,
        -0.2,
        4.611,
        0,
        4.667,
        0,
        1,
        4.7,
        0,
        4.734,
        -0.022,
        4.767,
        -0.022,
        1,
        4.8,
        -0.022,
        4.834,
        0,
        4.867,
        0,
        2,
        6.3,
        0
      ]
    },
    {
      "Target": "Parameter",
      "Id": "pancirou",
      "Segments": [
        0,
        0,
        2,
        1.667,
        0,
        1,
        1.889,
        0,
        2.111,
        1,
        2.333,
        1,
        2,
        4.5,
        1,
        1,
        4.556,
        1,
        4.611,
        0,
        4.667,
        0,
        2,
        6.3,
        0
      ]
    },
    {
      "Target": "Parameter",
      "Id": "PGYYTMD",
      "Segments": [
        0,
        0,
        1,
        0.111,
        0,
        0.222,
        1,
        0.333,
        1,
        2,
        6.1,
        1,
        1,
        6.167,
        1,
        6.233,
        0,
        6.3,
        0
      ]
    },
    {
      "Target": "Parameter",
      "Id": "zongxie",
      "Segments": [
        0,
        0,
        1,
        0.533,
        0,
        1.067,
        1,
        1.6,
        1,
        1,
        2.3,
        1,
        3,
        -1,
        3.7,
        -1,
        1,
        4.567,
        -1,
        5.433,
        0,
        6.3,
        0
      ]
    },
    {
      "Target": "Parameter",
      "Id": "zongti",
      "Segments": [
        0,
        0,
        1,
        0.311,
        0,
        0.622,
        0.5,
        0.933,
        0.5,
        1,
        1.522,
        0.5,
        2.111,
        -0.6,
        2.7,
        -0.6,
        1,
        3.344,
        -0.6,
        3.989,
        0.5,
        4.633,
        0.5,
        1,
        5.189,
        0.5,
        5.744,
        0,
        6.3,
        0
      ]
    },
    {
      "Target": "Parameter",
      "Id": "MZPDJD",
      "Segments": [
        0,
        0,
        2,
        0.867,
        0,
        1,
        1.189,
        0,
        1.511,
        -0.4,
        1.833,
        -0.4,
        1,
        2.111,
        -0.4,
        2.389,
        -0.305,
        2.667,
        0,
        1,
        2.922,
        0.281,
        3.178,
        0.5,
        3.433,
        0.5,
        1,
        3.733,
        0.5,
        4.033,
        0.29,
        4.333,
        0,
        1,
        4.644,
        -0.3,
        4.956,
        -0.4,
        5.267,
        -0.4,
        1,
        5.611,
        -0.4,
        5.956,
        0,
        6.3,
        0
      ]
    },
    {
      "Target": "Parameter",
      "Id": "MZPDBX",
      "Segments": [
        0,
        0,
        1,
        0.289,
        0,
        0.578,
        0.485,
        0.867,
        0.485,
        1,
        1.189,
        0.485,
        1.511,
        -0.686,
        1.833,
        -0.686,
        1,
        2.111,
        -0.686,
        2.389,
        -0.705,
        2.667,
        -0.352,
        1,
        2.922,
        -0.028,
        3.178,
        0.998,
        3.433,
        0.998,
        1,
        3.733,
        0.998,
        4.033,
        -0.1,
        4.333,
        -0.1,
        2,
        5.267,
        -0.1,
        1,
        5.611,
        -0.1,
        5.956,
        0,
        6.3,
        0
      ]
    },
    {
      "Target": "Parameter",
      "Id": "pancizhezou",
      "Segments": [
        0,
        0,
        1,
        0.344,
        0,
        0.689,
        -1,
        1.033,
        -1,
        1,
        1.466,
        -1,
        1.9,
        1,
        2.333,
        1,
        1,
        2.822,
        1,
        3.311,
        -1,
        3.8,
        -1,
        1,
        4.078,
        -1,
        4.355,
        0.4,
        4.633,
        0.4,
        1,
        4.711,
        0.4,
        4.789,
        -1,
        4.867,
        -1,
        1,
        4.956,
        -1,
        5.044,
        1,
        5.133,
        1,
        1,
        5.222,
        1,
        5.311,
        -0.4,
        5.4,
        -0.4,
        1,
        5.478,
        -0.4,
        5.555,
        0.4,
        5.633,
        0.4,
        1,
        5.855,
        0.4,
        6.078,
        0,
        6.3,
        0
      ]
    },
    {
      "Target": "Parameter",
      "Id": "toushizhezou",
      "Segments": [
        0,
        0,
        1,
        0.233,
        0,
        0.467,
        -0.686,
        0.7,
        -0.686,
        1,
        1.133,
        -0.686,
        1.567,
        0.642,
        2,
        0.642,
        1,
        2.489,
        0.642,
        2.978,
        -0.686,
        3.467,
        -0.686,
        1,
        3.911,
        -0.686,
        4.356,
        0.642,
        4.8,
        0.642,
        1,
        5.089,
        0.642,
        5.378,
        -0.2,
        5.667,
        -0.2,
        1,
        5.878,
        -0.2,
        6.089,
        0,
        6.3,
        0
      ]
    },
    {
      "Target": "Parameter",
      "Id": "zongZY",
      "Segments": [
        0,
        0,
        1,
        0.278,
        0,
        0.555,
        -3,
        0.833,
        -3,
        1,
        1.444,
        -3,
        2.056,
        4,
        2.667,
        4,
        1,
        3.878,
        4,
        5.089,
        0,
        6.3,
        0
      ]
    },
    {
      "Target": "Parameter",
      "Id": "zongSX",
      "Segments": [
        0,
        0,
        1,
        0.611,
        0,
        1.222,
        -2.235,
        1.833,
        -2.235,
        1,
        2.333,
        -2.235,
        2.833,
        2.316,
        3.333,
        2.316,
        1,
        4.322,
        2.316,
        5.311,
        0,
        6.3,
        0
      ]
    },
    {
      "Target": "Parameter",
      "Id": "zongjiaodi",
      "Segments": [
        0,
        0,
        1,
        0.4,
        0,
        0.8,
        1,
        1.2,
        1,
        1,
        1.7,
        1,
        2.2,
        -0.5,
        2.7,
        -0.5,
        1,
        3.378,
        -0.5,
        4.055,
        0.7,
        4.733,
        0.7,
        1,
        5.255,
        0.7,
        5.778,
        0,
        6.3,
        0
      ]
    },
    {
      "Target": "Parameter",
      "Id": "PGZY",
      "Segments": [
        0,
        0,
        1,
        0.267,
        0,
        0.533,
        -1,
        0.8,
        -1,
        1,
        1.178,
        -1,
        1.555,
        0,
        1.933,
        0,
        2,
        6.3,
        0
      ]
    },
    {
      "Target": "Parameter",
      "Id": "XSDSX",
      "Segments": [
        0,
        0,
        1,
        0.111,
        0,
        0.222,
        -0.7,
        0.333,
        -0.7,
        1,
        0.533,
        -0.7,
        0.733,
        0.776,
        0.933,
        0.776,
        1,
        1.222,
        0.776,
        1.511,
        -0.7,
        1.8,
        -0.7,
        1,
        2.056,
        -0.7,
        2.311,
        1,
        2.567,
        1,
        1,
        2.889,
        1,
        3.211,
        -0.7,
        3.533,
        -0.7,
        1,
        3.766,
        -0.7,
        4,
        0.776,
        4.233,
        0.776,
        1,
        4.544,
        0.776,
        4.856,
        -0.606,
        5.167,
        -0.606,
        1,
        5.389,
        -0.606,
        5.611,
        0.389,
        5.833,
        0.389,
        1,
        5.989,
        0.389,
        6.144,
        0,
        6.3,
        0
      ]
    },
    {
      "Target": "Parameter",
      "Id": "oupaijiya",
      "Segments": [
        0,
        0,
        2,
        0.9,
        0,
        1,
        1.178,
        0,
        1.455,
        -0.4,
        1.733,
        -0.4,
        1,
        2.055,
        -0.4,
        2.378,
        0,
        2.7,
        0,
        1,
        2.978,
        0,
        3.255,
        -0.1,
        3.533,
        -0.1,
        1,
        3.9,
        -0.1,
        4.266,
        0.4,
        4.633,
        0.4,
        1,
        5.189,
        0.4,
        5.744,
        0,
        6.3,
        0
      ]
    },
    {
      "Target": "Parameter",
      "Id": "ZBXZ",
      "Segments": [
        0,
        0,
        1,
        0.267,
        0,
        0.533,
        2.925,
        0.8,
        5,
        1,
        1.133,
        7.594,
        1.467,
        8,
        1.8,
        8,
        1,
        1.978,
        8,
        2.155,
        7.7,
        2.333,
        7.7,
        2,
        4.5,
        7.7,
        1,
        5.1,
        7.7,
        5.7,
        0,
        6.3,
        0
      ]
    },
    {
      "Target": "Parameter",
      "Id": "jianweizi",
      "Segments": [
        0,
        0,
        1,
        0.578,
        0,
        1.155,
        1,
        1.733,
        1,
        2,
        4.533,
        1,
        1,
        5.122,
        1,
        5.711,
        0,
        6.3,
        0
      ]
    },
    {
      "Target": "Parameter",
      "Id": "yifujiaodu",
      "Segments": [
        0,
        0,
        1,
        0.2,
        0,
        0.4,
        0.4,
        0.6,
        0.4,
        1,
        1.044,
        0.4,
        1.489,
        -0.43,
        1.933,
        -0.43,
        1,
        2.389,
        -0.43,
        2.844,
        0.307,
        3.3,
        0.307,
        1,
        3.722,
        0.307,
        4.145,
        -0.268,
        4.567,
        -0.268,
        1,
        4.989,
        -0.268,
        5.411,
        0,
        5.833,
        0,
        2,
        6.3,
        0
      ]
    },
    {
      "Target": "Parameter",
      "Id": "yifubianxin",
      "Segments": [
        0,
        0,
        1,
        0.444,
        0,
        0.889,
        1,
        1.333,
        1,
        1,
        1.8,
        1,
        2.266,
        -1,
        2.733,
        -1,
        1,
        3.155,
        -1,
        3.578,
        1,
        4,
        1,
        1,
        4.422,
        1,
        4.845,
        0,
        5.267,
        0,
        2,
        6.3,
        0
      ]
    },
    {
      "Target": "Parameter",
      "Id": "piaodaijiaodu",
      "Segments": [
        0,
        0,
        1,
        0.167,
        0,
        0.333,
        -1,
        0.5,
        -1,
        1,
        0.722,
        -1,
        0.945,
        0.5,
        1.167,
        0.5,
        1,
        1.767,
        0.5,
        2.367,
        -1,
        2.967,
        -1,
        1,
        3.711,
        -1,
        4.456,
        1,
        5.2,
        1,
        1,
        5.567,
        1,
        5.933,
        0,
        6.3,
        0
      ]
    },
    {
      "Target": "Parameter",
      "Id": "piaodaibianxing",
      "Segments": [
        0,
        0,
        1,
        0.633,
        0,
        1.267,
        1,
        1.9,
        1,
        1,
        2.589,
        1,
        3.278,
        -1,
        3.967,
        -1,
        1,
        4.745,
        -1,
        5.522,
        0,
        6.3,
        0
      ]
    },
    {
      "Target": "Parameter",
      "Id": "houfa1jiaodu",
      "Segments": [
        0,
        0,
        1,
        0.456,
        0,
        0.911,
        0.132,
        1.367,
        0.132,
        1,
        1.822,
        0.132,
        2.278,
        0.089,
        2.733,
        0,
        1,
        3.178,
        -0.087,
        3.622,
        -0.132,
        4.067,
        -0.132,
        1,
        4.578,
        -0.132,
        5.089,
        0,
        5.6,
        0,
        2,
        6.3,
        0
      ]
    },
    {
      "Target": "Parameter",
      "Id": "houfa1bianxin",
      "Segments": [
        0,
        0,
        1,
        0.456,
        0,
        0.911,
        -0.2,
        1.367,
        -0.2,
        1,
        1.822,
        -0.2,
        2.278,
        0.155,
        2.733,
        0.155,
        1,
        3.178,
        0.155,
        3.622,
        0.115,
        4.067,
        0.029,
        1,
        4.578,
        -0.07,
        5.089,
        -0.122,
        5.6,
        -0.122,
        1,
        5.833,
        -0.122,
        6.067,
        0,
        6.3,
        0
      ]
    },
    {
      "Target": "Parameter",
      "Id": "houfa2jiaodu",
      "Segments": [
        0,
        0,
        2,
        0.9,
        0,
        1,
        1.278,
        0,
        1.655,
        -0.333,
        2.033,
        -0.333,
        1,
        2.478,
        -0.333,
        2.922,
        -0.199,
        3.367,
        0.015,
        1,
        3.878,
        0.262,
        4.389,
        0.362,
        4.9,
        0.362,
        1,
        5.367,
        0.362,
        5.833,
        0,
        6.3,
        0
      ]
    },
    {
      "Target": "Parameter",
      "Id": "houfa2bianxing",
      "Segments": [
        0,
        0,
        1,
        0.3,
        0,
        0.6,
        0.358,
        0.9,
        0.358,
        1,
        1.278,
        0.358,
        1.655,
        0.201,
        2.033,
        -0.046,
        1,
        2.478,
        -0.336,
        2.922,
        -0.452,
        3.367,
        -0.452,
        1,
        3.878,
        -0.452,
        4.389,
        -0.042,
        4.9,
        -0.017,
        1,
        5.367,
        0.006,
        5.833,
        0,
        6.3,
        0
      ]
    },
    {
      "Target": "Parameter",
      "Id": "houfa3jiaodu",
      "Segments": [
        0,
        0,
        2,
        0.9,
        0,
        1,
        1.178,
        0,
        1.455,
        0.419,
        1.733,
        0.419,
        1,
        2.078,
        0.419,
        2.422,
        0.307,
        2.767,
        0.043,
        1,
        3.078,
        -0.195,
        3.389,
        -0.336,
        3.7,
        -0.336,
        1,
        4.033,
        -0.336,
        4.367,
        -0.159,
        4.7,
        0.043,
        1,
        5.033,
        0.244,
        5.367,
        0.294,
        5.7,
        0.294,
        1,
        5.9,
        0.294,
        6.1,
        0,
        6.3,
        0
      ]
    },
    {
      "Target": "Parameter",
      "Id": "houfa3bianxing",
      "Segments": [
        0,
        0,
        1,
        0.3,
        0,
        0.6,
        -0.396,
        0.9,
        -0.396,
        1,
        1.178,
        -0.396,
        1.455,
        -0.237,
        1.733,
        -0.011,
        1,
        2.078,
        0.269,
        2.422,
        0.373,
        2.767,
        0.373,
        1,
        3.078,
        0.373,
        3.389,
        0.236,
        3.7,
        -0.011,
        1,
        4.033,
        -0.276,
        4.367,
        -0.396,
        4.7,
        -0.396,
        1,
        5.033,
        -0.396,
        5.367,
        -0.353,
        5.7,
        -0.197,
        1,
        5.9,
        -0.103,
        6.1,
        0,
        6.3,
        0
      ]
    },
    {
      "Target": "Parameter",
      "Id": "houfa4jiaodu",
      "Segments": [
        0,
        0,
        1,
        0.411,
        0,
        0.822,
        -0.475,
        1.233,
        -0.475,
        1,
        1.611,
        -0.475,
        1.989,
        0.44,
        2.367,
        0.44,
        2,
        3.767,
        0.44,
        1,
        4.389,
        0.44,
        5.011,
        -0.475,
        5.633,
        -0.475,
        1,
        5.855,
        -0.475,
        6.078,
        0,
        6.3,
        0
      ]
    },
    {
      "Target": "Parameter",
      "Id": "houfa4bianxing",
      "Segments": [
        0,
        0,
        1,
        0.411,
        0,
        0.822,
        -0.567,
        1.233,
        -0.567,
        2,
        2.367,
        -0.567,
        1,
        2.834,
        -0.567,
        3.3,
        0.567,
        3.767,
        0.567,
        1,
        4.389,
        0.567,
        5.011,
        0.507,
        5.633,
        0.273,
        1,
        5.855,
        0.189,
        6.078,
        0,
        6.3,
        0
      ]
    },
    {
      "Target": "Parameter",
      "Id": "houfa5jiaodu",
      "Segments": [
        0,
        0,
        1,
        0.256,
        0,
        0.511,
        -0.682,
        0.767,
        -0.682,
        1,
        1.089,
        -0.682,
        1.411,
        0.804,
        1.733,
        0.804,
        1,
        2,
        0.804,
        2.266,
        0.495,
        2.533,
        0.009,
        1,
        2.844,
        -0.558,
        3.156,
        -0.786,
        3.467,
        -0.786,
        1,
        3.778,
        -0.786,
        4.089,
        -0.549,
        4.4,
        0.009,
        1,
        4.678,
        0.507,
        4.955,
        0.804,
        5.233,
        0.804,
        1,
        5.589,
        0.804,
        5.944,
        0,
        6.3,
        0
      ]
    },
    {
      "Target": "Parameter",
      "Id": "houfa5bianxing",
      "Segments": [
        0,
        0,
        1,
        0.256,
        0,
        0.511,
        0.849,
        0.767,
        0.849,
        1,
        1.089,
        0.849,
        1.411,
        0.352,
        1.733,
        -0.145,
        1,
        2,
        -0.556,
        2.266,
        -0.619,
        2.533,
        -0.619,
        1,
        2.844,
        -0.619,
        3.156,
        -0.46,
        3.467,
        -0.145,
        1,
        3.778,
        0.17,
        4.089,
        0.326,
        4.4,
        0.326,
        1,
        4.678,
        0.326,
        4.955,
        -0.175,
        5.233,
        -0.175,
        1,
        5.589,
        -0.175,
        5.944,
        0,
        6.3,
        0
      ]
    },
    {
      "Target": "Parameter",
      "Id": "ParamEyeRSmile",
      "Segments": [
        0,
        0,
        0,
        6.3,
        0
      ]
    },
    {
      "Target": "Parameter",
      "Id": "ParamEyeBallX",
      "Segments": [
        0,
        0,
        0,
        6.3,
        0
      ]
    },
    {
      "Target": "Parameter",
      "Id": "ParamEyeBallY",
      "Segments": [
        0,
        0,
        0,
        6.3,
        0
      ]
    },
    {
      "Target": "Parameter",
      "Id": "mudaxiao",
      "Segments": [
        0,
        0,
        0,
        6.3,
        0
      ]
    },
    {
      "Target": "Parameter",
      "Id": "gaoguangqiehuang",
      "Segments": [
        0,
        0,
        0,
        6.3,
        0
      ]
    },
    {
      "Target": "Parameter",
      "Id": "ParamMouthOpenY",
      "Segments": [
        0,
        0,
        0,
        6.3,
        0
      ]
    },
    {
      "Target": "Parameter",
      "Id": "koudaxiao",
      "Segments": [
        0,
        0,
        0,
        6.3,
        0
      ]
    },
    {
      "Target": "Parameter",
      "Id": "kouqiehuan",
      "Segments": [
        0,
        0,
        0,
        6.3,
        0
      ]
    },
    {
      "Target": "Parameter",
      "Id": "CZDH",
      "Segments": [
        0,
        0,
        0,
        6.3,
        0
      ]
    },
    {
      "Target": "Parameter",
      "Id": "ParamBodyAngleY1",
      "Segments": [
        0,
        0,
        0,
        6.3,
        0
      ]
    },
    {
      "Target": "Parameter",
      "Id": "zuobitc",
      "Segments": [
        0,
        0,
        0,
        6.3,
        0
      ]
    },
    {
      "Target": "Parameter",
      "Id": "ZXBX",
      "Segments": [
        0,
        0,
        0,
        6.3,
        0
      ]
    },
    {
      "Target": "Parameter",
      "Id": "ZSQH",
      "Segments": [
        0,
        0,
        0,
        6.3,
        0
      ]
    },
    {
      "Target": "Parameter",
      "Id": "zuoshou2",
      "Segments": [
        0,
        0,
        0,
        6.3,
        0
      ]
    },
    {
      "Target": "Parameter",
      "Id": "zuoshou3",
      "Segments": [
        0,
        0,
        0,
        6.3,
        0
      ]
    },
    {
      "Target": "Parameter",
      "Id": "zuoshou4",
      "Segments": [
        0,
        0,
        0,
        6.3,
        0
      ]
    },
    {
      "Target": "Parameter",
      "Id": "zuoshou5",
      "Segments": [
        0,
        0,
        0,
        6.3,
        0
      ]
    },
    {
      "Target": "Parameter",
      "Id": "ZBTS",
      "Segments": [
        0,
        0,
        0,
        6.3,
        0
      ]
    },
    {
      "Target": "Parameter",
      "Id": "zuoshouX",
      "Segments": [
        0,
        0,
        0,
        6.3,
        0
      ]
    },
    {
      "Target": "Parameter",
      "Id": "zuoshouY",
      "Segments": [
        0,
        0,
        0,
        6.3,
        0
      ]
    },
    {
      "Target": "Parameter",
      "Id": "zsz5",
      "Segments": [
        0,
        0,
        0,
        6.3,
        0
      ]
    },
    {
      "Target": "Parameter",
      "Id": "YXBQH",
      "Segments": [
        0,
        0,
        0,
        6.3,
        0
      ]
    },
    {
      "Target": "Parameter",
      "Id": "BTYBZY",
      "Segments": [
        0,
        0,
        0,
        6.3,
        0
      ]
    },
    {
      "Target": "Parameter",
      "Id": "BTYBSX",
      "Segments": [
        0,
        0,
        0,
        6.3,
        0
      ]
    },
    {
      "Target": "Parameter",
      "Id": "BTYBJD",
      "Segments": [
        0,
        0,
        0,
        6.3,
        0
      ]
    },
    {
      "Target": "Parameter",
      "Id": "ZTXQM",
      "Segments": [
        0,
        0,
        0,
        6.3,
        0
      ]
    },
    {
      "Target": "Parameter",
      "Id": "zuojiaoTX",
      "Segments": [
        0,
        1,
        0,
        6.3,
        1
      ]
    },
    {
      "Target": "Parameter",
      "Id": "zuotuoxieQH",
      "Segments": [
        0,
        0,
        0,
        6.3,
        0
      ]
    },
    {
      "Target": "Parameter",
      "Id": "ZTXX",
      "Segments": [
        0,
        0,
        0,
        6.3,
        0
      ]
    },
    {
      "Target": "Parameter",
      "Id": "ZTXY",
      "Segments": [
        0,
        0,
        0,
        6.3,
        0
      ]
    },
    {
      "Target": "Parameter",
      "Id": "ZTXJD",
      "Segments": [
        0,
        0,
        0,
        6.3,
        0
      ]
    },
    {
      "Target": "Parameter",
      "Id": "ZXtuodong",
      "Segments": [
        0,
        0,
        0,
        6.3,
        0
      ]
    },
    {
      "Target": "Parameter",
      "Id": "TTQDYK",
      "Segments": [
        0,
        0,
        0,
        6.3,
        0
      ]
    },
    {
      "Target": "Parameter",
      "Id": "TTQqiehuan",
      "Segments": [
        0,
        0,
        0,
        6.3,
        0
      ]
    },
    {
      "Target": "Parameter",
      "Id": "TTQZY",
      "Segments": [
        0,
        -10,
        0,
        6.3,
        -10
      ]
    },
    {
      "Target": "Parameter",
      "Id": "TTQSX",
      "Segments": [
        0,
        0,
        0,
        6.3,
        0
      ]
    },
    {
      "Target": "Parameter",
      "Id": "TTQJD",
      "Segments": [
        0,
        0,
        0,
        6.3,
        0
      ]
    },
    {
      "Target": "Parameter",
      "Id": "TTQYC",
      "Segments": [
        0,
        0,
        0,
        6.3,
        0
      ]
    },
    {
      "Target": "Parameter",
      "Id": "GYJS",
      "Segments": [
        0,
        0,
        0,
        6.3,
        0
      ]
    },
    {
      "Target": "Parameter",
      "Id": "GYHZ",
      "Segments": [
        0,
        0,
        0,
        6.3,
        0
      ]
    },
    {
      "Target": "Parameter",
      "Id": "GYDX",
      "Segments": [
        0,
        0,
        0,
        6.3,
        0
      ]
    },
    {
      "Target": "Parameter",
      "Id": "GYZUOYOU",
      "Segments": [
        0,
        0,
        0,
        6.3,
        0
      ]
    },
    {
      "Target": "Parameter",
      "Id": "GYSHANGXIA",
      "Segments": [
        0,
        0,
        0,
        6.3,
        0
      ]
    },
    {
      "Target": "Parameter",
      "Id": "guangyunZQ",
      "Segments": [
        0,
        0,
        0,
        6.3,
        0
      ]
    },
    {
      "Target": "Parameter",
      "Id": "GYTMD",
      "Segments": [
        0,
        0,
        0,
        6.3,
        0
      ]
    },
    {
      "Target": "Parameter",
      "Id": "ParamBodyAngleY",
      "Segments": [
        0,
        0,
        0,
        6.3,
        0
      ]
    },
    {
      "Target": "Parameter",
      "Id": "YYjiashen",
      "Segments": [
        0,
        0,
        0,
        6.3,
        0
      ]
    },
    {
      "Target": "Parameter",
      "Id": "TYYTMD",
      "Segments": [
        0,
        1,
        0,
        6.3,
        1
      ]
    },
    {
      "Target": "Parameter",
      "Id": "fubu",
      "Segments": [
        0,
        0,
        0,
        6.3,
        0
      ]
    },
    {
      "Target": "Parameter",
      "Id": "zuodatuiBX",
      "Segments": [
        0,
        0,
        0,
        6.3,
        0
      ]
    },
    {
      "Target": "Parameter",
      "Id": "youdatuiBX",
      "Segments": [
        0,
        0,
        0,
        6.3,
        0
      ]
    },
    {
      "Target": "Parameter",
      "Id": "chizuiba",
      "Segments": [
        0,
        0,
        0,
        6.3,
        0
      ]
    },
    {
      "Target": "2935860712",
      "Id": "2935860712",
      "Segments": [
        0,
        1,
        0,
        6.3,
        1
      ]
    }
  ],
  "UserData": [
    {
      "Time": 5.8,
      "Value": ""
    }
  ]
}