{
  "Version": 3,
  "Meta": {
    "Duration": 6.0,
    "Fps": 30.0,
    "Loop": false,
    "AreBeziersRestricted": true,
    "CurveCount": 153,
    "TotalSegmentCount": 615,
    "TotalPointCount": 1756,
    "UserDataCount": 1,
    "TotalUserDataSize": 0
  },
  "Curves": [
    {
      "Target": "Model",
      "Id": "LipSync",
      "Segments": [
        0,
        0,
        2,
        0.067,
        0,
        1,
        0.111,
        0,
        0.156,
        0.604,
        0.2,
        0.604,
        1,
        0.222,
        0.604,
        0.245,
        0.329,
        0.267,
        0.329,
        1,
        0.289,
        0.329,
        0.311,
        0.843,
        0.333,
        0.843,
        1,
        0.355,
        0.843,
        0.378,
        0.012,
        0.4,
        0.012,
        1,
        0.467,
        0.012,
        0.533,
        0.918,
        0.6,
        0.918,
        1,
        0.689,
        0.918,
        0.778,
        0,
        0.867,
        0,
        2,
        1.2,
        0,
        1,
        1.289,
        0,
        1.378,
        0.965,
        1.467,
        0.965,
        1,
        1.489,
        0.965,
        1.511,
        0.655,
        1.533,
        0.655,
        1,
        1.555,
        0.655,
        1.578,
        0.812,
        1.6,
        0.812,
        1,
        1.644,
        0.812,
        1.689,
        0.6,
        1.733,
        0.6,
        1,
        1.755,
        0.6,
        1.778,
        0.682,
        1.8,
        0.682,
        1,
        1.822,
        0.682,
        1.845,
        0.6,
        1.867,
        0.6,
        1,
        1.889,
        0.6,
        1.911,
        0.984,
        1.933,
        0.984,
        1,
        1.955,
        0.984,
        1.978,
        0.047,
        2,
        0.047,
        1,
        2.022,
        0.047,
        2.045,
        0.82,
        2.067,
        0.82,
        1,
        2.089,
        0.82,
        2.111,
        0.137,
        2.133,
        0.137,
        1,
        2.2,
        0.137,
        2.266,
        0.847,
        2.333,
        0.847,
        1,
        2.355,
        0.847,
        2.378,
        0.098,
        2.4,
        0.098,
        1,
        2.422,
        0.098,
        2.445,
        0.557,
        2.467,
        0.557,
        1,
        2.489,
        0.557,
        2.511,
        0.212,
        2.533,
        0.212,
        1,
        2.555,
        0.212,
        2.578,
        0.329,
        2.6,
        0.329,
        1,
        2.622,
        0.329,
        2.645,
        0.227,
        2.667,
        0.227,
        1,
        2.711,
        0.227,
        2.756,
        0.655,
        2.8,
        0.655,
        1,
        2.889,
        0.655,
        2.978,
        0,
        3.067,
        0,
        2,
        3.8,
        0,
        1,
        3.844,
        0,
        3.889,
        0.957,
        3.933,
        0.957,
        1,
        3.955,
        0.957,
        3.978,
        0.02,
        4,
        0.02,
        1,
        4.044,
        0.02,
        4.089,
        0.843,
        4.133,
        0.843,
        1,
        4.2,
        0.843,
        4.266,
        0.678,
        4.333,
        0.678,
        1,
        4.355,
        0.678,
        4.378,
        0.745,
        4.4,
        0.745,
        1,
        4.422,
        0.745,
        4.445,
        0.627,
        4.467,
        0.627,
        1,
        4.489,
        0.627,
        4.511,
        0.839,
        4.533,
        0.839,
        1,
        4.555,
        0.839,
        4.578,
        0.38,
        4.6,
        0.38,
        1,
        4.644,
        0.38,
        4.689,
        0.796,
        4.733,
        0.796,
        1,
        4.755,
        0.796,
        4.778,
        0.518,
        4.8,
        0.518,
        1,
        4.822,
        0.518,
        4.845,
        0.796,
        4.867,
        0.796,
        1,
        4.911,
        0.796,
        4.956,
        0.133,
        5,
        0.133,
        1,
        5.044,
        0.133,
        5.089,
        0.867,
        5.133,
        0.867,
        1,
        5.2,
        0.867,
        5.266,
        0,
        5.333,
        0,
        2,
        5.933,
        0,
        1,
        5.955,
        0,
        5.978,
        0.035,
        6,
        0.035
      ]
    },
    {
      "Target": "Parameter",
      "Id": "ParamAngleX",
      "Segments": [
        0,
        0,
        1,
        0.267,
        0,
        0.533,
        24.194,
        0.8,
        24.194,
        1,
        0.9,
        24.194,
        1,
        10,
        1.1,
        10,
        1,
        1.189,
        10,
        1.278,
        24.194,
        1.367,
        24.194,
        1,
        1.445,
        24.194,
        1.522,
        13.599,
        1.6,
        13.599,
        1,
        1.8,
        13.599,
        2,
        30,
        2.2,
        30,
        1,
        2.544,
        30,
        2.889,
        0,
        3.233,
        0,
        1,
        3.622,
        0,
        4.011,
        30,
        4.4,
        30,
        1,
        4.933,
        30,
        5.467,
        0,
        6,
        0
      ]
    },
    {
      "Target": "Parameter",
      "Id": "ParamAngleY",
      "Segments": [
        0,
        0,
        1,
        0.333,
        0,
        0.667,
        -30,
        1,
        -30,
        1,
        1.5,
        -30,
        2,
        -28.857,
        2.5,
        -23.5,
        1,
        2.744,
        -20.881,
        2.989,
        -15.6,
        3.233,
        -15.6,
        1,
        3.622,
        -15.6,
        4.011,
        -30,
        4.4,
        -30,
        1,
        4.933,
        -30,
        5.467,
        0,
        6,
        0
      ]
    },
    {
      "Target": "Parameter",
      "Id": "ParamAngleZ",
      "Segments": [
        0,
        0,
        2,
        1,
        0,
        2,
        2.5,
        0,
        1,
        2.744,
        0,
        2.989,
        -1.43,
        3.233,
        -6,
        1,
        3.622,
        -13.27,
        4.011,
        -18,
        4.4,
        -18,
        1,
        4.933,
        -18,
        5.467,
        0,
        6,
        0
      ]
    },
    {
      "Target": "Parameter",
      "Id": "boziqumian",
      "Segments": [
        0,
        0,
        1,
        0.333,
        0,
        0.667,
        -7,
        1,
        -7,
        2,
        3.233,
        -7,
        1,
        3.655,
        -7,
        4.078,
        0,
        4.5,
        0,
        2,
        6,
        0
      ]
    },
    {
      "Target": "Parameter",
      "Id": "ParamEyeLOpen",
      "Segments": [
        0,
        1,
        2,
        0.767,
        1,
        1,
        0.845,
        1,
        0.922,
        0,
        1,
        0,
        1,
        1.133,
        0,
        1.267,
        1,
        1.4,
        1,
        2,
        2.5,
        1,
        1,
        2.667,
        1,
        2.833,
        0,
        3,
        0,
        2,
        4.4,
        0,
        1,
        4.711,
        0,
        5.022,
        1,
        5.333,
        1,
        2,
        6,
        1
      ]
    },
    {
      "Target": "Parameter",
      "Id": "ParamEyeROpen",
      "Segments": [
        0,
        1,
        2,
        0.767,
        1,
        1,
        0.845,
        1,
        0.922,
        0,
        1,
        0,
        1,
        1.133,
        0,
        1.267,
        1,
        1.4,
        1,
        2,
        2.5,
        1,
        1,
        2.667,
        1,
        2.833,
        0,
        3,
        0,
        2,
        4.4,
        0,
        1,
        4.711,
        0,
        5.022,
        1,
        5.333,
        1,
        2,
        6,
        1
      ]
    },
    {
      "Target": "Parameter",
      "Id": "ParamEyeBallY",
      "Segments": [
        0,
        0,
        2,
        1,
        0,
        1,
        1.133,
        0,
        1.267,
        0.8,
        1.4,
        0.8,
        1,
        2.933,
        0.8,
        4.467,
        0,
        6,
        0
      ]
    },
    {
      "Target": "Parameter",
      "Id": "GGDONGHUA",
      "Segments": [
        0,
        0,
        1,
        0.111,
        0,
        0.222,
        1,
        0.333,
        1,
        1,
        0.444,
        1,
        0.556,
        0,
        0.667,
        0,
        1,
        0.778,
        0,
        0.889,
        1,
        1,
        1,
        1,
        1.111,
        1,
        1.222,
        0,
        1.333,
        0,
        1,
        1.444,
        0,
        1.556,
        1,
        1.667,
        1,
        1,
        1.778,
        1,
        1.889,
        0,
        2,
        0,
        1,
        2.111,
        0,
        2.222,
        1,
        2.333,
        1,
        1,
        2.444,
        1,
        2.556,
        0,
        2.667,
        0,
        1,
        2.778,
        0,
        2.889,
        1,
        3,
        1,
        1,
        3.111,
        1,
        3.222,
        0,
        3.333,
        0,
        1,
        3.444,
        0,
        3.556,
        1,
        3.667,
        1,
        1,
        3.778,
        1,
        3.889,
        0,
        4,
        0,
        1,
        4.111,
        0,
        4.222,
        1,
        4.333,
        1,
        1,
        4.444,
        1,
        4.556,
        0,
        4.667,
        0,
        1,
        4.778,
        0,
        4.889,
        1,
        5,
        1,
        1,
        5.111,
        1,
        5.222,
        0,
        5.333,
        0,
        1,
        5.444,
        0,
        5.556,
        1,
        5.667,
        1,
        1,
        5.778,
        1,
        5.889,
        0,
        6,
        0
      ]
    },
    {
      "Target": "Parameter",
      "Id": "gaoguangqiehuang",
      "Segments": [
        0,
        0,
        2,
        1,
        0,
        1,
        1.133,
        0,
        1.267,
        1,
        1.4,
        1,
        2,
        2.4,
        1,
        1,
        2.6,
        1,
        2.8,
        0,
        3,
        0,
        2,
        6,
        0
      ]
    },
    {
      "Target": "Parameter",
      "Id": "erhuanYB",
      "Segments": [
        0,
        0,
        1,
        0.222,
        0,
        0.445,
        -0.491,
        0.667,
        -0.491,
        1,
        0.911,
        -0.491,
        1.156,
        0,
        1.4,
        0,
        1,
        1.667,
        0,
        1.933,
        -0.7,
        2.2,
        -0.7,
        1,
        2.467,
        -0.7,
        2.733,
        0,
        3,
        0,
        1,
        3.267,
        0,
        3.533,
        -0.7,
        3.8,
        -0.7,
        1,
        4.067,
        -0.7,
        4.333,
        0,
        4.6,
        0,
        1,
        4.867,
        0,
        5.133,
        -0.7,
        5.4,
        -0.7,
        1,
        5.6,
        -0.7,
        5.8,
        0,
        6,
        0
      ]
    },
    {
      "Target": "Parameter",
      "Id": "ParamBrowLY",
      "Segments": [
        0,
        0,
        1,
        0.256,
        0,
        0.511,
        0.4,
        0.767,
        0.4,
        1,
        0.845,
        0.4,
        0.922,
        -1,
        1,
        -1,
        1,
        1.133,
        -1,
        1.267,
        0.212,
        1.4,
        0.4,
        1,
        1.767,
        0.916,
        2.133,
        1,
        2.5,
        1,
        1,
        2.667,
        1,
        2.833,
        -1,
        3,
        -1,
        2,
        4.4,
        -1,
        1,
        4.711,
        -1,
        5.022,
        1,
        5.333,
        1,
        1,
        5.555,
        1,
        5.778,
        0,
        6,
        0
      ]
    },
    {
      "Target": "Parameter",
      "Id": "ParamBrowRY",
      "Segments": [
        0,
        0,
        1,
        0.256,
        0,
        0.511,
        0.4,
        0.767,
        0.4,
        1,
        0.845,
        0.4,
        0.922,
        -1,
        1,
        -1,
        1,
        1.133,
        -1,
        1.267,
        0.212,
        1.4,
        0.4,
        1,
        1.767,
        0.916,
        2.133,
        1,
        2.5,
        1,
        1,
        2.667,
        1,
        2.833,
        -1,
        3,
        -1,
        2,
        4.4,
        -1,
        1,
        4.711,
        -1,
        5.022,
        1,
        5.333,
        1,
        1,
        5.555,
        1,
        5.778,
        0,
        6,
        0
      ]
    },
    {
      "Target": "Parameter",
      "Id": "ParamBrowLForm",
      "Segments": [
        0,
        0,
        1,
        0.611,
        0,
        1.222,
        -1,
        1.833,
        -1,
        1,
        2.666,
        -1,
        3.5,
        -0.98,
        4.333,
        -0.7,
        1,
        4.889,
        -0.513,
        5.444,
        0,
        6,
        0
      ]
    },
    {
      "Target": "Parameter",
      "Id": "ParamBrowRForm",
      "Segments": [
        0,
        0,
        1,
        0.611,
        0,
        1.222,
        -1,
        1.833,
        -1,
        1,
        2.666,
        -1,
        3.5,
        -0.98,
        4.333,
        -0.7,
        1,
        4.889,
        -0.513,
        5.444,
        0,
        6,
        0
      ]
    },
    {
      "Target": "Parameter",
      "Id": "ParamMouthForm",
      "Segments": [
        0,
        0,
        1,
        0.189,
        0,
        0.378,
        -1,
        0.567,
        -1,
        1,
        1.211,
        -1,
        1.856,
        1,
        2.5,
        1,
        1,
        3.667,
        1,
        4.833,
        0,
        6,
        0
      ]
    },
    {
      "Target": "Parameter",
      "Id": "ParamCheek",
      "Segments": [
        0,
        0,
        1,
        0.556,
        0,
        1.111,
        0.325,
        1.667,
        0.4,
        1,
        2.422,
        0.502,
        3.178,
        0.5,
        3.933,
        0.5,
        1,
        4.622,
        0.5,
        5.311,
        0,
        6,
        0
      ]
    },
    {
      "Target": "Parameter",
      "Id": "ParamBodyAngleX",
      "Segments": [
        0,
        0,
        2,
        1,
        0,
        1,
        1.222,
        0,
        1.445,
        -10,
        1.667,
        -10,
        1,
        1.945,
        -10,
        2.222,
        4.106,
        2.5,
        4.106,
        1,
        2.778,
        4.106,
        3.055,
        -2.374,
        3.333,
        -2.374,
        1,
        4.222,
        -2.374,
        5.111,
        0,
        6,
        0
      ]
    },
    {
      "Target": "Parameter",
      "Id": "ParamBodyAngleY1",
      "Segments": [
        0,
        0,
        1,
        0.333,
        0,
        0.667,
        -10,
        1,
        -10,
        1,
        1.222,
        -10,
        1.445,
        -9,
        1.667,
        -9,
        1,
        1.945,
        -9,
        2.222,
        -10,
        2.5,
        -10,
        1,
        3.667,
        -10,
        4.833,
        0,
        6,
        0
      ]
    },
    {
      "Target": "Parameter",
      "Id": "xiashenX",
      "Segments": [
        0,
        0,
        2,
        1,
        0,
        1,
        1.356,
        0,
        1.711,
        0.609,
        2.067,
        0.609,
        1,
        2.378,
        0.609,
        2.689,
        -0.479,
        3,
        -0.479,
        1,
        3.389,
        -0.479,
        3.778,
        0.609,
        4.167,
        0.609,
        1,
        4.522,
        0.609,
        4.878,
        -0.2,
        5.233,
        -0.2,
        1,
        5.489,
        -0.2,
        5.744,
        0,
        6,
        0
      ]
    },
    {
      "Target": "Parameter",
      "Id": "XIASHENY",
      "Segments": [
        0,
        0,
        1,
        0.244,
        0,
        0.489,
        -1,
        0.733,
        -1,
        1,
        0.966,
        -1,
        1.2,
        1,
        1.433,
        1,
        1,
        1.733,
        1,
        2.033,
        -1,
        2.333,
        -1,
        1,
        2.733,
        -1,
        3.133,
        1,
        3.533,
        1,
        1,
        3.989,
        1,
        4.444,
        -1,
        4.9,
        -1,
        1,
        5.267,
        -1,
        5.633,
        0,
        6,
        0
      ]
    },
    {
      "Target": "Parameter",
      "Id": "ParamBodyAngleZ",
      "Segments": [
        0,
        0,
        1,
        0.422,
        0,
        0.845,
        -10,
        1.267,
        -10,
        1,
        1.611,
        -10,
        1.956,
        -7.47,
        2.3,
        -7.47,
        1,
        3.033,
        -7.47,
        3.767,
        -10,
        4.5,
        -10,
        1,
        5,
        -10,
        5.5,
        0,
        6,
        0
      ]
    },
    {
      "Target": "Parameter",
      "Id": "XSX",
      "Segments": [
        0,
        0,
        0,
        6,
        0.018
      ]
    },
    {
      "Target": "Parameter",
      "Id": "XDYB",
      "Segments": [
        0,
        -0.002,
        1,
        0.222,
        -0.002,
        0.445,
        -0.439,
        0.667,
        -0.439,
        1,
        0.989,
        -0.439,
        1.311,
        0.258,
        1.633,
        0.258,
        1,
        1.978,
        0.258,
        2.322,
        -0.369,
        2.667,
        -0.369,
        1,
        3.022,
        -0.369,
        3.378,
        0.286,
        3.733,
        0.286,
        1,
        4.1,
        0.286,
        4.466,
        -0.296,
        4.833,
        -0.296,
        1,
        5.066,
        -0.296,
        5.3,
        0.211,
        5.533,
        0.211,
        1,
        5.689,
        0.211,
        5.844,
        -0.002,
        6,
        -0.002
      ]
    },
    {
      "Target": "Parameter",
      "Id": "XDBX",
      "Segments": [
        0,
        0,
        2,
        0.033,
        0,
        1,
        0.155,
        0,
        0.278,
        -0.255,
        0.4,
        -0.255,
        1,
        0.611,
        -0.255,
        0.822,
        -0.058,
        1.033,
        -0.058,
        1,
        1.111,
        -0.058,
        1.189,
        -1,
        1.267,
        -1,
        2,
        1.467,
        -1,
        1,
        1.567,
        -1,
        1.667,
        1,
        1.767,
        1,
        2,
        2.133,
        1,
        1,
        2.311,
        1,
        2.489,
        -0.954,
        2.667,
        -0.954,
        1,
        2.934,
        -0.954,
        3.2,
        0.309,
        3.467,
        0.309,
        1,
        3.589,
        0.309,
        3.711,
        -0.092,
        3.833,
        -0.092,
        1,
        3.966,
        -0.092,
        4.1,
        0.074,
        4.233,
        0.074,
        1,
        4.333,
        0.074,
        4.433,
        0.04,
        4.533,
        0.04,
        1,
        4.678,
        0.04,
        4.822,
        0.222,
        4.967,
        0.222,
        1,
        5.311,
        0.222,
        5.656,
        -0.063,
        6,
        -0.063
      ]
    },
    {
      "Target": "Parameter",
      "Id": "ZXZY",
      "Segments": [
        0,
        0,
        0,
        6,
        0.018
      ]
    },
    {
      "Target": "Parameter",
      "Id": "ZXSBX",
      "Segments": [
        0,
        0,
        1,
        0.256,
        0,
        0.511,
        1,
        0.767,
        1,
        1,
        1.011,
        1,
        1.256,
        0.682,
        1.5,
        0,
        1,
        1.733,
        -0.651,
        1.967,
        -1,
        2.2,
        -1,
        1,
        2.467,
        -1,
        2.733,
        -0.681,
        3,
        0,
        1,
        3.256,
        0.652,
        3.511,
        1,
        3.767,
        1,
        1,
        4.011,
        1,
        4.256,
        0.682,
        4.5,
        0,
        1,
        4.733,
        -0.651,
        4.967,
        -1,
        5.2,
        -1,
        1,
        5.467,
        -1,
        5.733,
        0,
        6,
        0
      ]
    },
    {
      "Target": "Parameter",
      "Id": "ZXSDX",
      "Segments": [
        0,
        0,
        1,
        0.256,
        0,
        0.511,
        -0.159,
        0.767,
        -0.5,
        1,
        1.011,
        -0.826,
        1.256,
        -1,
        1.5,
        -1,
        1,
        1.733,
        -1,
        1.967,
        -0.81,
        2.2,
        -0.5,
        1,
        2.467,
        -0.146,
        2.733,
        0,
        3,
        0,
        1,
        3.256,
        0,
        3.511,
        -0.159,
        3.767,
        -0.5,
        1,
        4.011,
        -0.826,
        4.256,
        -1,
        4.5,
        -1,
        1,
        4.733,
        -1,
        4.967,
        -0.81,
        5.2,
        -0.5,
        1,
        5.467,
        -0.146,
        5.733,
        0,
        6,
        0
      ]
    },
    {
      "Target": "Parameter",
      "Id": "YXZY",
      "Segments": [
        0,
        0,
        0,
        6,
        -0.009
      ]
    },
    {
      "Target": "Parameter",
      "Id": "YXSBX",
      "Segments": [
        0,
        0,
        1,
        0.256,
        0,
        0.511,
        0.6,
        0.767,
        0.6,
        1,
        1.011,
        0.6,
        1.256,
        0.505,
        1.5,
        0,
        1,
        1.733,
        -0.482,
        1.967,
        -1,
        2.2,
        -1,
        1,
        2.467,
        -1,
        2.733,
        -0.681,
        3,
        0,
        1,
        3.256,
        0.652,
        3.511,
        1,
        3.767,
        1,
        1,
        4.011,
        1,
        4.256,
        0.517,
        4.5,
        0,
        1,
        4.733,
        -0.494,
        4.967,
        -0.6,
        5.2,
        -0.6,
        1,
        5.467,
        -0.6,
        5.733,
        0,
        6,
        0
      ]
    },
    {
      "Target": "Parameter",
      "Id": "YXSDX",
      "Segments": [
        0,
        0,
        1,
        0.256,
        0,
        0.511,
        -0.317,
        0.767,
        -0.63,
        1,
        1.011,
        -0.929,
        1.256,
        -0.984,
        1.5,
        -0.984,
        1,
        1.733,
        -0.984,
        1.967,
        -0.805,
        2.2,
        -0.5,
        1,
        2.467,
        -0.151,
        2.733,
        0,
        3,
        0,
        1,
        3.256,
        0,
        3.511,
        -0.165,
        3.767,
        -0.5,
        1,
        4.011,
        -0.821,
        4.256,
        -0.984,
        4.5,
        -0.984,
        1,
        4.733,
        -0.984,
        4.967,
        -0.505,
        5.2,
        -0.274,
        1,
        5.467,
        -0.01,
        5.733,
        0,
        6,
        0
      ]
    },
    {
      "Target": "Parameter",
      "Id": "ParamBreath",
      "Segments": [
        0,
        0,
        1,
        0.333,
        0,
        0.667,
        1,
        1,
        1,
        1,
        1.667,
        1,
        2.333,
        0,
        3,
        0,
        1,
        3.333,
        0,
        3.667,
        1,
        4,
        1,
        1,
        4.667,
        1,
        5.333,
        0,
        6,
        0
      ]
    },
    {
      "Target": "Parameter",
      "Id": "ParamHairFront",
      "Segments": [
        0,
        0,
        2,
        0.033,
        0,
        1,
        0.155,
        0,
        0.278,
        -0.041,
        0.4,
        -0.041,
        1,
        0.711,
        -0.041,
        1.022,
        0.234,
        1.333,
        0.234,
        1,
        1.533,
        0.234,
        1.733,
        -0.307,
        1.933,
        -0.307,
        1,
        2.178,
        -0.307,
        2.422,
        0.182,
        2.667,
        0.182,
        1,
        2.934,
        0.182,
        3.2,
        -0.075,
        3.467,
        -0.075,
        1,
        3.622,
        -0.075,
        3.778,
        -0.003,
        3.933,
        -0.003,
        1,
        4.033,
        -0.003,
        4.133,
        -0.015,
        4.233,
        -0.015,
        1,
        4.389,
        -0.015,
        4.544,
        0.008,
        4.7,
        0.008,
        1,
        4.811,
        0.008,
        4.922,
        0.004,
        5.033,
        0.004,
        2,
        5.067,
        0.004,
        2,
        5.1,
        0.004,
        1,
        5.189,
        0.004,
        5.278,
        0.006,
        5.367,
        0.006,
        2,
        5.4,
        0.006,
        2,
        5.433,
        0.006,
        1,
        5.622,
        0.006,
        5.811,
        -0.003,
        6,
        -0.003
      ]
    },
    {
      "Target": "Parameter",
      "Id": "qianfaBX",
      "Segments": [
        0,
        0,
        2,
        0.033,
        0,
        1,
        0.144,
        0,
        0.256,
        -0.137,
        0.367,
        -0.137,
        1,
        0.678,
        -0.137,
        0.989,
        0.438,
        1.3,
        0.438,
        1,
        1.489,
        0.438,
        1.678,
        -0.529,
        1.867,
        -0.529,
        1,
        2.134,
        -0.529,
        2.4,
        0.328,
        2.667,
        0.328,
        1,
        2.934,
        0.328,
        3.2,
        -0.162,
        3.467,
        -0.162,
        1,
        3.6,
        -0.162,
        3.734,
        -0.027,
        3.867,
        -0.027,
        1,
        3.945,
        -0.027,
        4.022,
        -0.041,
        4.1,
        -0.041,
        1,
        4.267,
        -0.041,
        4.433,
        0.038,
        4.6,
        0.038,
        1,
        4.722,
        0.038,
        4.845,
        0.022,
        4.967,
        0.022,
        1,
        5.067,
        0.022,
        5.167,
        0.029,
        5.267,
        0.029,
        1,
        5.511,
        0.029,
        5.756,
        -0.015,
        6,
        -0.015
      ]
    },
    {
      "Target": "Parameter",
      "Id": "ParamHairSide",
      "Segments": [
        0,
        0,
        1,
        0.2,
        0,
        0.4,
        -0.255,
        0.6,
        -0.255,
        1,
        0.844,
        -0.255,
        1.089,
        0.335,
        1.333,
        0.335,
        1,
        1.566,
        0.335,
        1.8,
        -0.449,
        2.033,
        -0.449,
        1,
        2.322,
        -0.449,
        2.611,
        0.303,
        2.9,
        0.303,
        1,
        3.1,
        0.303,
        3.3,
        -0.282,
        3.5,
        -0.282,
        1,
        3.733,
        -0.282,
        3.967,
        0.229,
        4.2,
        0.229,
        1,
        4.444,
        0.229,
        4.689,
        -0.255,
        4.933,
        -0.255,
        1,
        5.122,
        -0.255,
        5.311,
        0.123,
        5.5,
        0.123,
        1,
        5.667,
        0.123,
        5.833,
        -0.004,
        6,
        -0.004
      ]
    },
    {
      "Target": "Parameter",
      "Id": "ParamHairBack",
      "Segments": [
        0,
        0,
        2,
        0.033,
        0,
        1,
        0.155,
        0,
        0.278,
        -0.025,
        0.4,
        -0.025,
        1,
        0.722,
        -0.025,
        1.045,
        0.12,
        1.367,
        0.12,
        1,
        1.556,
        0.12,
        1.744,
        -0.148,
        1.933,
        -0.148,
        1,
        2.178,
        -0.148,
        2.422,
        0.086,
        2.667,
        0.086,
        1,
        2.934,
        0.086,
        3.2,
        -0.035,
        3.467,
        -0.035,
        1,
        3.611,
        -0.035,
        3.756,
        0.002,
        3.9,
        0.002,
        1,
        4.022,
        0.002,
        4.145,
        -0.006,
        4.267,
        -0.006,
        1,
        4.422,
        -0.006,
        4.578,
        0.004,
        4.733,
        0.004,
        1,
        4.855,
        0.004,
        4.978,
        0.002,
        5.1,
        0.002,
        2,
        5.367,
        0.002,
        2,
        5.4,
        0.002,
        2,
        5.433,
        0.002,
        1,
        5.6,
        0.002,
        5.766,
        -0.001,
        5.933,
        -0.001,
        1,
        5.955,
        -0.001,
        5.978,
        0,
        6,
        0
      ]
    },
    {
      "Target": "Parameter",
      "Id": "ZSBX",
      "Segments": [
        0,
        0,
        1,
        0.256,
        0,
        0.511,
        -1,
        0.767,
        -1,
        2,
        2.2,
        -1,
        2,
        2.667,
        -1,
        1,
        2.945,
        -1,
        3.222,
        -0.934,
        3.5,
        -0.7,
        1,
        4,
        -0.278,
        4.5,
        0,
        5,
        0,
        2,
        6,
        0
      ]
    },
    {
      "Target": "Parameter",
      "Id": "ZXBXZ",
      "Segments": [
        0,
        0,
        1,
        0.256,
        0,
        0.511,
        -3.128,
        0.767,
        -3.66,
        1,
        0.978,
        -4.1,
        1.189,
        -4,
        1.4,
        -4,
        1,
        1.667,
        -4,
        1.933,
        -3.842,
        2.2,
        -3.22,
        1,
        2.356,
        -2.857,
        2.511,
        -2.025,
        2.667,
        -1.58,
        1,
        2.945,
        -0.785,
        3.222,
        -0.5,
        3.5,
        -0.5,
        1,
        3.722,
        -0.5,
        3.945,
        -3.48,
        4.167,
        -3.48,
        1,
        4.778,
        -3.48,
        5.389,
        0,
        6,
        0
      ]
    },
    {
      "Target": "Parameter",
      "Id": "zuobitc",
      "Segments": [
        0,
        0,
        2,
        1,
        0,
        1,
        1.044,
        0,
        1.089,
        1,
        1.133,
        1,
        2,
        2.2,
        1,
        2,
        3.5,
        1,
        2,
        3.9,
        1,
        1,
        3.911,
        1,
        3.922,
        0,
        3.933,
        0,
        2,
        6,
        0
      ]
    },
    {
      "Target": "Parameter",
      "Id": "ZXBX",
      "Segments": [
        0,
        0,
        1,
        0.733,
        0,
        1.467,
        -0.382,
        2.2,
        -0.9,
        1,
        2.356,
        -1.01,
        2.511,
        -1,
        2.667,
        -1,
        1,
        2.945,
        -1,
        3.222,
        -0.964,
        3.5,
        -0.8,
        1,
        4.333,
        -0.308,
        5.167,
        0,
        6,
        0
      ]
    },
    {
      "Target": "Parameter",
      "Id": "ZSXZ",
      "Segments": [
        0,
        0,
        1,
        0.256,
        0,
        0.511,
        0.3,
        0.767,
        0.3,
        1,
        0.978,
        0.3,
        1.189,
        -0.3,
        1.4,
        -0.3,
        1,
        1.667,
        -0.3,
        1.933,
        -0.285,
        2.2,
        -0.2,
        1,
        2.633,
        -0.062,
        3.067,
        0.165,
        3.5,
        0.3,
        1,
        4,
        0.455,
        4.5,
        0.5,
        5,
        0.5,
        1,
        5.333,
        0.5,
        5.667,
        0,
        6,
        0
      ]
    },
    {
      "Target": "Parameter",
      "Id": "ZSZ01",
      "Segments": [
        0,
        0,
        1,
        0.144,
        0,
        0.289,
        1,
        0.433,
        1,
        1,
        0.955,
        1,
        1.478,
        0,
        2,
        0,
        1,
        2.667,
        0,
        3.333,
        1,
        4,
        1,
        2,
        4.5,
        1,
        1,
        4.667,
        1,
        4.833,
        0.7,
        5,
        0.5,
        1,
        5.333,
        0.1,
        5.667,
        0,
        6,
        0
      ]
    },
    {
      "Target": "Parameter",
      "Id": "ZSZ02",
      "Segments": [
        0,
        0,
        1,
        0.156,
        0,
        0.311,
        1,
        0.467,
        1,
        1,
        0.978,
        1,
        1.489,
        0,
        2,
        0,
        1,
        2.667,
        0,
        3.333,
        0.108,
        4,
        0.5,
        1,
        4.167,
        0.598,
        4.333,
        1,
        4.5,
        1,
        1,
        4.667,
        1,
        4.833,
        0.7,
        5,
        0.5,
        1,
        5.333,
        0.1,
        5.667,
        0,
        6,
        0
      ]
    },
    {
      "Target": "Parameter",
      "Id": "ZSZ03",
      "Segments": [
        0,
        0,
        1,
        0.167,
        0,
        0.333,
        1,
        0.5,
        1,
        1,
        1,
        1,
        1.5,
        0.56,
        2,
        0,
        1,
        2.667,
        -0.747,
        3.333,
        -1,
        4,
        -1,
        1,
        4.167,
        -1,
        4.333,
        1,
        4.5,
        1,
        1,
        4.667,
        1,
        4.833,
        0.7,
        5,
        0.5,
        1,
        5.333,
        0.1,
        5.667,
        0,
        6,
        0
      ]
    },
    {
      "Target": "Parameter",
      "Id": "ZSZ04",
      "Segments": [
        0,
        0,
        1,
        0.178,
        0,
        0.355,
        0.5,
        0.533,
        0.5,
        1,
        1.022,
        0.5,
        1.511,
        0.408,
        2,
        0,
        1,
        2.667,
        -0.557,
        3.333,
        -1,
        4,
        -1,
        1,
        4.167,
        -1,
        4.333,
        0.375,
        4.5,
        0.5,
        1,
        4.667,
        0.625,
        4.833,
        0.6,
        5,
        0.6,
        1,
        5.333,
        0.6,
        5.667,
        0,
        6,
        0
      ]
    },
    {
      "Target": "Parameter",
      "Id": "YBXZ",
      "Segments": [
        0,
        0,
        1,
        0.256,
        0,
        0.511,
        5,
        0.767,
        5,
        1,
        1.245,
        5,
        1.722,
        3.335,
        2.2,
        1,
        1,
        2.467,
        -0.303,
        2.733,
        -0.6,
        3,
        -0.6,
        1,
        3.333,
        -0.6,
        3.667,
        6,
        4,
        6,
        1,
        4.333,
        6,
        4.667,
        6.108,
        5,
        5,
        1,
        5.333,
        3.892,
        5.667,
        0,
        6,
        0
      ]
    },
    {
      "Target": "Parameter",
      "Id": "YXBXZ",
      "Segments": [
        0,
        0,
        1,
        0.256,
        0,
        0.511,
        -0.271,
        0.767,
        1,
        1,
        1.245,
        3.376,
        1.722,
        8,
        2.2,
        8,
        1,
        2.467,
        8,
        2.733,
        7.905,
        3,
        7.4,
        1,
        3.333,
        6.768,
        3.667,
        6,
        4,
        5,
        1,
        4.333,
        4,
        4.667,
        1.889,
        5,
        1,
        1,
        5.333,
        0.111,
        5.667,
        0,
        6,
        0
      ]
    },
    {
      "Target": "Parameter",
      "Id": "YSXZ",
      "Segments": [
        0,
        0,
        1,
        0.733,
        0,
        1.467,
        -0.7,
        2.2,
        -0.7,
        1,
        2.467,
        -0.7,
        2.733,
        -0.695,
        3,
        -0.6,
        1,
        4,
        -0.245,
        5,
        0,
        6,
        0
      ]
    },
    {
      "Target": "Parameter",
      "Id": "YOUSHOUx",
      "Segments": [
        0,
        0,
        1,
        1,
        0,
        2,
        -1,
        3,
        -1,
        1,
        4,
        -1,
        5,
        0,
        6,
        0
      ]
    },
    {
      "Target": "Parameter",
      "Id": "youshouY",
      "Segments": [
        0,
        0,
        1,
        0.5,
        0,
        1,
        1,
        1.5,
        1,
        1,
        2.333,
        1,
        3.167,
        -1,
        4,
        -1,
        1,
        4.667,
        -1,
        5.333,
        0,
        6,
        0
      ]
    },
    {
      "Target": "Parameter",
      "Id": "YSZ1",
      "Segments": [
        0,
        0,
        1,
        0.333,
        0,
        0.667,
        1,
        1,
        1,
        1,
        1.167,
        1,
        1.333,
        -1,
        1.5,
        -1,
        1,
        2,
        -1,
        2.5,
        1,
        3,
        1,
        1,
        4,
        1,
        5,
        0,
        6,
        0
      ]
    },
    {
      "Target": "Parameter",
      "Id": "YSZ2",
      "Segments": [
        0,
        0,
        1,
        0.333,
        0,
        0.667,
        1,
        1,
        1,
        1,
        1.167,
        1,
        1.333,
        -1,
        1.5,
        -1,
        1,
        2,
        -1,
        2.5,
        1,
        3,
        1,
        1,
        4,
        1,
        5,
        0,
        6,
        0
      ]
    },
    {
      "Target": "Parameter",
      "Id": "YSZ3",
      "Segments": [
        0,
        0,
        1,
        0.333,
        0,
        0.667,
        1,
        1,
        1,
        1,
        1.167,
        1,
        1.333,
        -1,
        1.5,
        -1,
        1,
        2,
        -1,
        2.5,
        1,
        3,
        1,
        1,
        4,
        1,
        5,
        0,
        6,
        0
      ]
    },
    {
      "Target": "Parameter",
      "Id": "YSZ4",
      "Segments": [
        0,
        0,
        1,
        0.333,
        0,
        0.667,
        1,
        1,
        1,
        1,
        1.167,
        1,
        1.333,
        -1,
        1.5,
        -1,
        1,
        2,
        -1,
        2.5,
        1,
        3,
        1,
        1,
        3.333,
        1,
        3.667,
        0.778,
        4,
        0.6,
        1,
        4.333,
        0.422,
        4.667,
        0.333,
        5,
        0.2,
        1,
        5.333,
        0.067,
        5.667,
        0,
        6,
        0
      ]
    },
    {
      "Target": "Parameter",
      "Id": "YSZ5",
      "Segments": [
        0,
        0,
        1,
        0.167,
        0,
        0.333,
        -0.013,
        0.5,
        0.2,
        1,
        0.667,
        0.413,
        0.833,
        1,
        1,
        1,
        1,
        1.167,
        1,
        1.333,
        -1,
        1.5,
        -1,
        1,
        1.833,
        -1,
        2.167,
        -0.257,
        2.5,
        0.2,
        1,
        3,
        0.886,
        3.5,
        1,
        4,
        1,
        1,
        4.167,
        1,
        4.333,
        0.258,
        4.5,
        0.2,
        1,
        5,
        0.027,
        5.5,
        0,
        6,
        0
      ]
    },
    {
      "Target": "Parameter",
      "Id": "YSSZTC",
      "Segments": [
        0,
        0,
        2,
        3,
        0,
        1,
        3.011,
        0,
        3.022,
        1,
        3.033,
        1,
        2,
        5.167,
        1,
        1,
        5.445,
        1,
        5.722,
        0,
        6,
        0
      ]
    },
    {
      "Target": "Parameter",
      "Id": "YSZTC",
      "Segments": [
        0,
        0,
        2,
        3,
        0,
        1,
        3.011,
        0,
        3.022,
        1,
        3.033,
        1,
        2,
        5.167,
        1,
        1,
        5.445,
        1,
        5.722,
        0,
        6,
        0
      ]
    },
    {
      "Target": "Parameter",
      "Id": "ZTXZ",
      "Segments": [
        0,
        0,
        1,
        0.256,
        0,
        0.511,
        10,
        0.767,
        10,
        1,
        2.234,
        10,
        3.7,
        -3,
        5.167,
        -3,
        1,
        5.445,
        -3,
        5.722,
        0,
        6,
        0
      ]
    },
    {
      "Target": "Parameter",
      "Id": "ZXTXZ",
      "Segments": [
        0,
        0,
        1,
        0.256,
        0,
        0.511,
        -4,
        0.767,
        -4,
        1,
        2.511,
        -4,
        4.256,
        0,
        6,
        0
      ]
    },
    {
      "Target": "Parameter",
      "Id": "ZJXZ",
      "Segments": [
        0,
        0,
        1,
        0.456,
        0,
        0.911,
        -0.5,
        1.367,
        -0.5,
        1,
        1.767,
        -0.5,
        2.167,
        0,
        2.567,
        0,
        2,
        6,
        0
      ]
    },
    {
      "Target": "Parameter",
      "Id": "zuojiaoTX",
      "Segments": [
        0,
        1,
        1,
        0.167,
        1,
        0.333,
        0,
        0.5,
        0,
        1,
        0.833,
        0,
        1.167,
        1,
        1.5,
        1,
        1,
        2,
        1,
        2.5,
        0.4,
        3,
        0.4,
        1,
        3.5,
        0.4,
        4,
        1,
        4.5,
        1,
        2,
        6,
        1
      ]
    },
    {
      "Target": "Parameter",
      "Id": "YTXZ",
      "Segments": [
        0,
        0,
        1,
        0.256,
        0,
        0.511,
        6,
        0.767,
        6,
        1,
        2.234,
        6,
        3.7,
        5.787,
        5.167,
        5,
        1,
        5.445,
        4.851,
        5.722,
        0,
        6,
        0
      ]
    },
    {
      "Target": "Parameter",
      "Id": "YXTXZ",
      "Segments": [
        0,
        0,
        1,
        0.467,
        0,
        0.933,
        6,
        1.4,
        6,
        1,
        2.933,
        6,
        4.467,
        0,
        6,
        0
      ]
    },
    {
      "Target": "Parameter",
      "Id": "YJXZ",
      "Segments": [
        0,
        0,
        1,
        0.2,
        0,
        0.4,
        -0.5,
        0.6,
        -0.5,
        1,
        0.867,
        -0.5,
        1.133,
        0,
        1.4,
        0,
        2,
        6,
        0
      ]
    },
    {
      "Target": "Parameter",
      "Id": "shufanye",
      "Segments": [
        0,
        0,
        1,
        0.167,
        0,
        0.333,
        0.5,
        0.5,
        0.5,
        1,
        0.8,
        0.5,
        1.1,
        -1,
        1.4,
        -1,
        1,
        1.6,
        -1,
        1.8,
        -0.953,
        2,
        -0.953,
        1,
        2.333,
        -0.953,
        2.667,
        -1,
        3,
        -1,
        1,
        3.444,
        -1,
        3.889,
        -1.012,
        4.333,
        -0.685,
        1,
        4.722,
        -0.399,
        5.111,
        0.5,
        5.5,
        0.5,
        1,
        5.667,
        0.5,
        5.833,
        0,
        6,
        0
      ]
    },
    {
      "Target": "Parameter",
      "Id": "shuqianPD",
      "Segments": [
        0,
        0,
        1,
        0.333,
        0,
        0.667,
        -1,
        1,
        -1,
        1,
        1.333,
        -1,
        1.667,
        1,
        2,
        1,
        1,
        2.333,
        1,
        2.667,
        -0.581,
        3,
        -0.581,
        1,
        3.333,
        -0.581,
        3.667,
        1,
        4,
        1,
        1,
        4.333,
        1,
        4.667,
        -1,
        5,
        -1,
        1,
        5.333,
        -1,
        5.667,
        0,
        6,
        0
      ]
    },
    {
      "Target": "Parameter",
      "Id": "shiwuhe",
      "Segments": [
        0,
        0,
        1,
        0.333,
        0,
        0.667,
        -1,
        1,
        -1,
        1,
        1.667,
        -1,
        2.333,
        1,
        3,
        1,
        1,
        3.667,
        1,
        4.333,
        -1,
        5,
        -1,
        1,
        5.333,
        -1,
        5.667,
        0,
        6,
        0
      ]
    },
    {
      "Target": "Parameter",
      "Id": "SWHBZ",
      "Segments": [
        0,
        0,
        1,
        0.167,
        0,
        0.333,
        0.277,
        0.5,
        0.277,
        1,
        1,
        0.277,
        1.5,
        -0.381,
        2,
        -0.381,
        1,
        2.667,
        -0.381,
        3.333,
        0.237,
        4,
        0.237,
        1,
        4.5,
        0.237,
        5,
        -0.1,
        5.5,
        -0.1,
        1,
        5.667,
        -0.1,
        5.833,
        0,
        6,
        0
      ]
    },
    {
      "Target": "Parameter",
      "Id": "PCDYB",
      "Segments": [
        0,
        0,
        1,
        0.167,
        0,
        0.333,
        1,
        0.5,
        1,
        1,
        0.889,
        1,
        1.278,
        -1,
        1.667,
        -1,
        1,
        2.111,
        -1,
        2.556,
        1,
        3,
        1,
        1,
        3.444,
        1,
        3.889,
        -1,
        4.333,
        -1,
        1,
        4.722,
        -1,
        5.111,
        1,
        5.5,
        1,
        1,
        5.667,
        1,
        5.833,
        0,
        6,
        0
      ]
    },
    {
      "Target": "Parameter",
      "Id": "PGYYTMD",
      "Segments": [
        0,
        0,
        1,
        0.111,
        0,
        0.222,
        1,
        0.333,
        1,
        2,
        5.833,
        1,
        1,
        5.889,
        1,
        5.944,
        0,
        6,
        0
      ]
    },
    {
      "Target": "Parameter",
      "Id": "zongti",
      "Segments": [
        0,
        0,
        1,
        0.3,
        0,
        0.6,
        1,
        0.9,
        1,
        1,
        1.322,
        1,
        1.745,
        0,
        2.167,
        0,
        1,
        2.7,
        0,
        3.234,
        0.6,
        3.767,
        0.6,
        1,
        4.511,
        0.6,
        5.256,
        0,
        6,
        0
      ]
    },
    {
      "Target": "Parameter",
      "Id": "MZPDJD",
      "Segments": [
        0,
        0,
        2,
        0.8,
        0,
        1,
        1.1,
        0,
        1.4,
        -0.4,
        1.7,
        -0.4,
        1,
        1.978,
        -0.4,
        2.255,
        -0.305,
        2.533,
        0,
        1,
        2.789,
        0.281,
        3.044,
        0.5,
        3.3,
        0.5,
        1,
        3.6,
        0.5,
        3.9,
        0.29,
        4.2,
        0,
        1,
        4.511,
        -0.3,
        4.822,
        -0.4,
        5.133,
        -0.4,
        1,
        5.422,
        -0.4,
        5.711,
        0,
        6,
        0
      ]
    },
    {
      "Target": "Parameter",
      "Id": "MZPDBX",
      "Segments": [
        0,
        0,
        1,
        0.267,
        0,
        0.533,
        0.485,
        0.8,
        0.485,
        1,
        1.1,
        0.485,
        1.4,
        -0.686,
        1.7,
        -0.686,
        1,
        1.978,
        -0.686,
        2.255,
        -0.705,
        2.533,
        -0.352,
        1,
        2.789,
        -0.028,
        3.044,
        0.998,
        3.3,
        0.998,
        1,
        3.6,
        0.998,
        3.9,
        -0.1,
        4.2,
        -0.1,
        2,
        5.133,
        -0.1,
        1,
        5.422,
        -0.1,
        5.711,
        0,
        6,
        0
      ]
    },
    {
      "Target": "Parameter",
      "Id": "pancizhezou",
      "Segments": [
        0,
        0,
        1,
        0.356,
        0,
        0.711,
        -1,
        1.067,
        -1,
        1,
        1.611,
        -1,
        2.156,
        1,
        2.7,
        1,
        1,
        3.311,
        1,
        3.922,
        -1,
        4.533,
        -1,
        1,
        5.022,
        -1,
        5.511,
        0,
        6,
        0
      ]
    },
    {
      "Target": "Parameter",
      "Id": "toushizhezou",
      "Segments": [
        0,
        0,
        1,
        0.233,
        0,
        0.467,
        -0.686,
        0.7,
        -0.686,
        1,
        1.133,
        -0.686,
        1.567,
        0.642,
        2,
        0.642,
        1,
        2.489,
        0.642,
        2.978,
        -0.686,
        3.467,
        -0.686,
        1,
        3.911,
        -0.686,
        4.356,
        0.642,
        4.8,
        0.642,
        1,
        5.2,
        0.642,
        5.6,
        0,
        6,
        0
      ]
    },
    {
      "Target": "Parameter",
      "Id": "zongZY",
      "Segments": [
        0,
        0,
        1,
        0.544,
        0,
        1.089,
        -5,
        1.633,
        -5,
        1,
        2.378,
        -5,
        3.122,
        6,
        3.867,
        6,
        1,
        4.578,
        6,
        5.289,
        0,
        6,
        0
      ]
    },
    {
      "Target": "Parameter",
      "Id": "zongSX",
      "Segments": [
        0,
        0,
        1,
        0.289,
        0,
        0.578,
        -5,
        0.867,
        -5,
        1,
        1.934,
        -5,
        3,
        3,
        4.067,
        3,
        1,
        4.711,
        3,
        5.356,
        0,
        6,
        0
      ]
    },
    {
      "Target": "Parameter",
      "Id": "zongjiaodi",
      "Segments": [
        0,
        0,
        1,
        0.289,
        0,
        0.578,
        -0.5,
        0.867,
        -0.5,
        1,
        1.245,
        -0.5,
        1.622,
        0.6,
        2,
        0.6,
        1,
        2.622,
        0.6,
        3.245,
        -0.6,
        3.867,
        -0.6,
        1,
        4.578,
        -0.6,
        5.289,
        0,
        6,
        0
      ]
    },
    {
      "Target": "Parameter",
      "Id": "XSDSX",
      "Segments": [
        0,
        0,
        1,
        0.167,
        0,
        0.333,
        1,
        0.5,
        1,
        1,
        0.689,
        1,
        0.878,
        -1,
        1.067,
        -1,
        1,
        1.289,
        -1,
        1.511,
        1,
        1.733,
        1,
        1,
        1.955,
        1,
        2.178,
        -0.416,
        2.4,
        -0.416,
        1,
        2.667,
        -0.416,
        2.933,
        0.7,
        3.2,
        0.7,
        1,
        3.467,
        0.7,
        3.733,
        -0.6,
        4,
        -0.6,
        1,
        4.233,
        -0.6,
        4.467,
        1,
        4.7,
        1,
        1,
        4.922,
        1,
        5.145,
        -0.6,
        5.367,
        -0.6,
        1,
        5.578,
        -0.6,
        5.789,
        0,
        6,
        0
      ]
    },
    {
      "Target": "Parameter",
      "Id": "oupaijiya",
      "Segments": [
        0,
        0,
        1,
        0.156,
        0,
        0.311,
        -0.2,
        0.467,
        -0.2,
        1,
        0.856,
        -0.2,
        1.244,
        1,
        1.633,
        1,
        1,
        2.144,
        1,
        2.656,
        0,
        3.167,
        0,
        2,
        6,
        0
      ]
    },
    {
      "Target": "Parameter",
      "Id": "ZBXZ",
      "Segments": [
        0,
        0,
        1,
        0.256,
        0,
        0.511,
        -5,
        0.767,
        -5,
        1,
        0.978,
        -5,
        1.189,
        -4,
        1.4,
        -4,
        1,
        1.667,
        -4,
        1.933,
        -4.023,
        2.2,
        -4.331,
        1,
        2.356,
        -4.511,
        2.511,
        -5.577,
        2.667,
        -6,
        1,
        2.945,
        -6.756,
        3.222,
        -7,
        3.5,
        -7,
        1,
        3.833,
        -7,
        4.167,
        -7.209,
        4.5,
        -6,
        1,
        5,
        -4.186,
        5.5,
        0,
        6,
        0
      ]
    },
    {
      "Target": "Parameter",
      "Id": "jianweizi",
      "Segments": [
        0,
        0,
        2,
        1.4,
        0,
        1,
        1.822,
        0,
        2.245,
        0.5,
        2.667,
        0.5,
        2,
        3.733,
        0.5,
        1,
        4.1,
        0.5,
        4.466,
        1,
        4.833,
        1,
        1,
        5.222,
        1,
        5.611,
        0,
        6,
        0
      ]
    },
    {
      "Target": "Parameter",
      "Id": "yifujiaodu",
      "Segments": [
        0,
        0,
        1,
        0.2,
        0,
        0.4,
        0.4,
        0.6,
        0.4,
        1,
        1.044,
        0.4,
        1.489,
        -0.43,
        1.933,
        -0.43,
        1,
        2.389,
        -0.43,
        2.844,
        0.307,
        3.3,
        0.307,
        1,
        3.722,
        0.307,
        4.145,
        -0.268,
        4.567,
        -0.268,
        1,
        5.045,
        -0.268,
        5.522,
        0,
        6,
        0
      ]
    },
    {
      "Target": "Parameter",
      "Id": "yifubianxin",
      "Segments": [
        0,
        0,
        1,
        0.444,
        0,
        0.889,
        1,
        1.333,
        1,
        1,
        1.8,
        1,
        2.266,
        -1,
        2.733,
        -1,
        1,
        3.155,
        -1,
        3.578,
        1,
        4,
        1,
        1,
        4.422,
        1,
        4.845,
        0,
        5.267,
        0,
        2,
        6,
        0
      ]
    },
    {
      "Target": "Parameter",
      "Id": "piaodaijiaodu",
      "Segments": [
        0,
        0,
        1,
        0.167,
        0,
        0.333,
        -1,
        0.5,
        -1,
        1,
        0.722,
        -1,
        0.945,
        0.5,
        1.167,
        0.5,
        1,
        1.767,
        0.5,
        2.367,
        -1,
        2.967,
        -1,
        1,
        3.711,
        -1,
        4.456,
        1,
        5.2,
        1,
        1,
        5.467,
        1,
        5.733,
        0,
        6,
        0
      ]
    },
    {
      "Target": "Parameter",
      "Id": "piaodaibianxing",
      "Segments": [
        0,
        0,
        1,
        0.633,
        0,
        1.267,
        1,
        1.9,
        1,
        1,
        2.589,
        1,
        3.278,
        -1,
        3.967,
        -1,
        1,
        4.645,
        -1,
        5.322,
        0,
        6,
        0
      ]
    },
    {
      "Target": "Parameter",
      "Id": "houfa1jiaodu",
      "Segments": [
        0,
        0,
        1,
        0.456,
        0,
        0.911,
        0.3,
        1.367,
        0.3,
        1,
        1.822,
        0.3,
        2.278,
        0.116,
        2.733,
        0,
        1,
        3.266,
        -0.136,
        3.8,
        -0.15,
        4.333,
        -0.15,
        1,
        4.889,
        -0.15,
        5.444,
        0,
        6,
        0
      ]
    },
    {
      "Target": "Parameter",
      "Id": "houfa1bianxin",
      "Segments": [
        0,
        0,
        1,
        0.456,
        0,
        0.911,
        -0.2,
        1.367,
        -0.2,
        1,
        2.411,
        -0.2,
        3.456,
        0.213,
        4.5,
        0.213,
        1,
        5,
        0.213,
        5.5,
        0,
        6,
        0
      ]
    },
    {
      "Target": "Parameter",
      "Id": "houfa2jiaodu",
      "Segments": [
        0,
        0,
        1,
        0.678,
        0,
        1.355,
        -1,
        2.033,
        -1,
        1,
        2.478,
        -1,
        2.922,
        -0.617,
        3.367,
        0,
        1,
        3.878,
        0.71,
        4.389,
        1,
        4.9,
        1,
        1,
        5.267,
        1,
        5.633,
        0,
        6,
        0
      ]
    },
    {
      "Target": "Parameter",
      "Id": "houfa2bianxing",
      "Segments": [
        0,
        0,
        1,
        0.3,
        0,
        0.6,
        1,
        0.9,
        1,
        1,
        1.489,
        1,
        2.078,
        0.498,
        2.667,
        0,
        1,
        3.167,
        -0.423,
        3.667,
        -0.488,
        4.167,
        -0.488,
        1,
        4.778,
        -0.488,
        5.389,
        0,
        6,
        0
      ]
    },
    {
      "Target": "Parameter",
      "Id": "houfa3jiaodu",
      "Segments": [
        0,
        0,
        1,
        0.578,
        0,
        1.155,
        1,
        1.733,
        1,
        1,
        2.522,
        1,
        3.311,
        -0.484,
        4.1,
        -0.484,
        1,
        4.733,
        -0.484,
        5.367,
        0,
        6,
        0
      ]
    },
    {
      "Target": "Parameter",
      "Id": "houfa3bianxing",
      "Segments": [
        0,
        0,
        1,
        0.3,
        0,
        0.6,
        -1,
        0.9,
        -1,
        1,
        1.178,
        -1,
        1.455,
        -0.434,
        1.733,
        0,
        1,
        2.078,
        0.538,
        2.422,
        0.629,
        2.767,
        0.629,
        1,
        3.078,
        0.629,
        3.389,
        0.428,
        3.7,
        0,
        1,
        4.022,
        -0.444,
        4.345,
        -0.679,
        4.667,
        -0.679,
        1,
        5.111,
        -0.679,
        5.556,
        0,
        6,
        0
      ]
    },
    {
      "Target": "Parameter",
      "Id": "houfa4jiaodu",
      "Segments": [
        0,
        0,
        1,
        0.411,
        0,
        0.822,
        -1,
        1.233,
        -1,
        1,
        2.344,
        -1,
        3.456,
        0.533,
        4.567,
        0.533,
        1,
        5.045,
        0.533,
        5.522,
        0,
        6,
        0
      ]
    },
    {
      "Target": "Parameter",
      "Id": "houfa4bianxing",
      "Segments": [
        0,
        0,
        1,
        0.411,
        0,
        0.822,
        -1,
        1.233,
        -1,
        1,
        2.355,
        -1,
        3.478,
        0.582,
        4.6,
        0.582,
        1,
        5.067,
        0.582,
        5.533,
        0,
        6,
        0
      ]
    },
    {
      "Target": "Parameter",
      "Id": "houfa5jiaodu",
      "Segments": [
        0,
        0,
        1,
        0.467,
        0,
        0.933,
        0.548,
        1.4,
        0.548,
        1,
        2.044,
        0.548,
        2.689,
        -0.419,
        3.333,
        -0.419,
        1,
        3.844,
        -0.419,
        4.356,
        0.25,
        4.867,
        0.25,
        1,
        5.245,
        0.25,
        5.622,
        0,
        6,
        0
      ]
    },
    {
      "Target": "Parameter",
      "Id": "houfa5bianxing",
      "Segments": [
        0,
        0,
        1,
        0.522,
        0,
        1.045,
        1,
        1.567,
        1,
        1,
        2.167,
        1,
        2.767,
        -0.512,
        3.367,
        -0.512,
        1,
        3.856,
        -0.512,
        4.344,
        0.478,
        4.833,
        0.478,
        1,
        5.222,
        0.478,
        5.611,
        0,
        6,
        0
      ]
    },
    {
      "Target": "Parameter",
      "Id": "ParamEyeLSmile",
      "Segments": [
        0,
        0,
        0,
        6,
        0
      ]
    },
    {
      "Target": "Parameter",
      "Id": "ParamEyeRSmile",
      "Segments": [
        0,
        0,
        0,
        6,
        0
      ]
    },
    {
      "Target": "Parameter",
      "Id": "ParamEyeBallX",
      "Segments": [
        0,
        0,
        0,
        6,
        0
      ]
    },
    {
      "Target": "Parameter",
      "Id": "mudaxiao",
      "Segments": [
        0,
        0,
        0,
        6,
        0
      ]
    },
    {
      "Target": "Parameter",
      "Id": "TKDX",
      "Segments": [
        0,
        0,
        0,
        6,
        0
      ]
    },
    {
      "Target": "Parameter",
      "Id": "ParamBrowLAngle",
      "Segments": [
        0,
        0,
        0,
        6,
        0
      ]
    },
    {
      "Target": "Parameter",
      "Id": "ParamBrowRAngle",
      "Segments": [
        0,
        0,
        0,
        6,
        0
      ]
    },
    {
      "Target": "Parameter",
      "Id": "ParamMouthOpenY",
      "Segments": [
        0,
        0,
        0,
        6,
        0
      ]
    },
    {
      "Target": "Parameter",
      "Id": "koudaxiao",
      "Segments": [
        0,
        0,
        0,
        6,
        0
      ]
    },
    {
      "Target": "Parameter",
      "Id": "kouqiehuan",
      "Segments": [
        0,
        0,
        0,
        6,
        0
      ]
    },
    {
      "Target": "Parameter",
      "Id": "CZDH",
      "Segments": [
        0,
        0,
        0,
        6,
        0
      ]
    },
    {
      "Target": "Parameter",
      "Id": "ZSQH",
      "Segments": [
        0,
        0,
        0,
        6,
        0
      ]
    },
    {
      "Target": "Parameter",
      "Id": "zuoshou2",
      "Segments": [
        0,
        0,
        0,
        6,
        0
      ]
    },
    {
      "Target": "Parameter",
      "Id": "zuoshou3",
      "Segments": [
        0,
        0,
        0,
        6,
        0
      ]
    },
    {
      "Target": "Parameter",
      "Id": "zuoshou4",
      "Segments": [
        0,
        0,
        0,
        6,
        0
      ]
    },
    {
      "Target": "Parameter",
      "Id": "zuoshou5",
      "Segments": [
        0,
        0,
        0,
        6,
        0
      ]
    },
    {
      "Target": "Parameter",
      "Id": "ZBTS",
      "Segments": [
        0,
        0,
        0,
        6,
        0
      ]
    },
    {
      "Target": "Parameter",
      "Id": "zuoshouX",
      "Segments": [
        0,
        0,
        0,
        6,
        0
      ]
    },
    {
      "Target": "Parameter",
      "Id": "zuoshouY",
      "Segments": [
        0,
        0,
        0,
        6,
        0
      ]
    },
    {
      "Target": "Parameter",
      "Id": "zsz5",
      "Segments": [
        0,
        0,
        0,
        6,
        0
      ]
    },
    {
      "Target": "Parameter",
      "Id": "YXBQH",
      "Segments": [
        0,
        0,
        0,
        6,
        0
      ]
    },
    {
      "Target": "Parameter",
      "Id": "BTYBZY",
      "Segments": [
        0,
        0,
        0,
        6,
        0
      ]
    },
    {
      "Target": "Parameter",
      "Id": "BTYBSX",
      "Segments": [
        0,
        0,
        0,
        6,
        0
      ]
    },
    {
      "Target": "Parameter",
      "Id": "BTYBJD",
      "Segments": [
        0,
        0,
        0,
        6,
        0
      ]
    },
    {
      "Target": "Parameter",
      "Id": "YXBX",
      "Segments": [
        0,
        0,
        0,
        6,
        0
      ]
    },
    {
      "Target": "Parameter",
      "Id": "ZTXQM",
      "Segments": [
        0,
        0,
        0,
        6,
        0
      ]
    },
    {
      "Target": "Parameter",
      "Id": "zuotuoxieQH",
      "Segments": [
        0,
        0,
        0,
        6,
        0
      ]
    },
    {
      "Target": "Parameter",
      "Id": "ZTXX",
      "Segments": [
        0,
        0,
        0,
        6,
        0
      ]
    },
    {
      "Target": "Parameter",
      "Id": "ZTXY",
      "Segments": [
        0,
        0,
        0,
        6,
        0
      ]
    },
    {
      "Target": "Parameter",
      "Id": "ZTXJD",
      "Segments": [
        0,
        0,
        0,
        6,
        0
      ]
    },
    {
      "Target": "Parameter",
      "Id": "panciTDX",
      "Segments": [
        0,
        0,
        0,
        6,
        0
      ]
    },
    {
      "Target": "Parameter",
      "Id": "PANCITDY",
      "Segments": [
        0,
        0,
        0,
        6,
        0
      ]
    },
    {
      "Target": "Parameter",
      "Id": "pancirou",
      "Segments": [
        0,
        0,
        0,
        6,
        0
      ]
    },
    {
      "Target": "Parameter",
      "Id": "ZXtuodong",
      "Segments": [
        0,
        0,
        0,
        6,
        0
      ]
    },
    {
      "Target": "Parameter",
      "Id": "TTQDYK",
      "Segments": [
        0,
        0,
        0,
        6,
        0
      ]
    },
    {
      "Target": "Parameter",
      "Id": "TTQqiehuan",
      "Segments": [
        0,
        0,
        0,
        6,
        0
      ]
    },
    {
      "Target": "Parameter",
      "Id": "TTQZY",
      "Segments": [
        0,
        -10,
        0,
        6,
        -10
      ]
    },
    {
      "Target": "Parameter",
      "Id": "TTQSX",
      "Segments": [
        0,
        0,
        0,
        6,
        0
      ]
    },
    {
      "Target": "Parameter",
      "Id": "TTQJD",
      "Segments": [
        0,
        0,
        0,
        6,
        0
      ]
    },
    {
      "Target": "Parameter",
      "Id": "TTQYC",
      "Segments": [
        0,
        0,
        0,
        6,
        0
      ]
    },
    {
      "Target": "Parameter",
      "Id": "GYJS",
      "Segments": [
        0,
        0,
        0,
        6,
        0
      ]
    },
    {
      "Target": "Parameter",
      "Id": "GYHZ",
      "Segments": [
        0,
        0,
        0,
        6,
        0
      ]
    },
    {
      "Target": "Parameter",
      "Id": "GYDX",
      "Segments": [
        0,
        0,
        0,
        6,
        0
      ]
    },
    {
      "Target": "Parameter",
      "Id": "GYZUOYOU",
      "Segments": [
        0,
        0,
        0,
        6,
        0
      ]
    },
    {
      "Target": "Parameter",
      "Id": "GYSHANGXIA",
      "Segments": [
        0,
        0,
        0,
        6,
        0
      ]
    },
    {
      "Target": "Parameter",
      "Id": "guangyunZQ",
      "Segments": [
        0,
        0,
        0,
        6,
        0
      ]
    },
    {
      "Target": "Parameter",
      "Id": "GYTMD",
      "Segments": [
        0,
        0,
        0,
        6,
        0
      ]
    },
    {
      "Target": "Parameter",
      "Id": "ParamBodyAngleY",
      "Segments": [
        0,
        0,
        0,
        6,
        0
      ]
    },
    {
      "Target": "Parameter",
      "Id": "YYjiashen",
      "Segments": [
        0,
        0,
        0,
        6,
        0
      ]
    },
    {
      "Target": "Parameter",
      "Id": "TYYTMD",
      "Segments": [
        0,
        1,
        0,
        6,
        1
      ]
    },
    {
      "Target": "Parameter",
      "Id": "zongxie",
      "Segments": [
        0,
        0,
        0,
        6,
        0
      ]
    },
    {
      "Target": "Parameter",
      "Id": "fubu",
      "Segments": [
        0,
        0,
        0,
        6,
        0
      ]
    },
    {
      "Target": "Parameter",
      "Id": "zuodatuiBX",
      "Segments": [
        0,
        0,
        0,
        6,
        0
      ]
    },
    {
      "Target": "Parameter",
      "Id": "youdatuiBX",
      "Segments": [
        0,
        0,
        0,
        6,
        0
      ]
    },
    {
      "Target": "Parameter",
      "Id": "chizuiba",
      "Segments": [
        0,
        0,
        0,
        6,
        0
      ]
    },
    {
      "Target": "Parameter",
      "Id": "PGZY",
      "Segments": [
        0,
        0,
        0,
        6,
        0
      ]
    },
    {
      "Target": "2935860712",
      "Id": "2935860712",
      "Segments": [
        0,
        1,
        0,
        6,
        1
      ]
    }
  ],
  "UserData": [
    {
      "Time": 5.5,
      "Value": ""
    }
  ]
}