{
  "Version": 3,
  "Meta": {
    "Duration": 8.333,
    "Fps": 30.0,
    "Loop": false,
    "AreBeziersRestricted": true,
    "CurveCount": 153,
    "TotalSegmentCount": 755,
    "TotalPointCount": 2108,
    "UserDataCount": 1,
    "TotalUserDataSize": 0
  },
  "Curves": [
    {
      "Target": "Model",
      "Id": "LipSync",
      "Segments": [
        0,
        0,
        2,
        0.067,
        0,
        1,
        0.111,
        0,
        0.156,
        0.753,
        0.2,
        0.753,
        1,
        0.222,
        0.753,
        0.245,
        0.51,
        0.267,
        0.51,
        1,
        0.289,
        0.51,
        0.311,
        0.824,
        0.333,
        0.824,
        1,
        0.355,
        0.824,
        0.378,
        0.271,
        0.4,
        0.271,
        1,
        0.422,
        0.271,
        0.445,
        0.984,
        0.467,
        0.984,
        1,
        0.489,
        0.984,
        0.511,
        0.09,
        0.533,
        0.09,
        1,
        0.555,
        0.09,
        0.578,
        0.529,
        0.6,
        0.529,
        1,
        0.689,
        0.529,
        0.778,
        0,
        0.867,
        0,
        2,
        1.133,
        0,
        1,
        1.178,
        0,
        1.222,
        0.863,
        1.267,
        0.863,
        1,
        1.289,
        0.863,
        1.311,
        0.702,
        1.333,
        0.702,
        1,
        1.355,
        0.702,
        1.378,
        0.851,
        1.4,
        0.851,
        1,
        1.467,
        0.851,
        1.533,
        0.035,
        1.6,
        0.035,
        1,
        1.622,
        0.035,
        1.645,
        0.141,
        1.667,
        0.141,
        1,
        1.689,
        0.141,
        1.711,
        0.086,
        1.733,
        0.086,
        1,
        1.755,
        0.086,
        1.778,
        0.808,
        1.8,
        0.808,
        1,
        1.844,
        0.808,
        1.889,
        0.059,
        1.933,
        0.059,
        1,
        1.955,
        0.059,
        1.978,
        1,
        2,
        1,
        1,
        2.022,
        1,
        2.045,
        0.118,
        2.067,
        0.118,
        1,
        2.111,
        0.118,
        2.156,
        0.851,
        2.2,
        0.851,
        1,
        2.289,
        0.851,
        2.378,
        0,
        2.467,
        0,
        2,
        3.2,
        0,
        1,
        3.267,
        0,
        3.333,
        0.965,
        3.4,
        0.965,
        1,
        3.422,
        0.965,
        3.445,
        0.714,
        3.467,
        0.714,
        1,
        3.511,
        0.714,
        3.556,
        0.78,
        3.6,
        0.78,
        1,
        3.622,
        0.78,
        3.645,
        0.353,
        3.667,
        0.353,
        1,
        3.756,
        0.353,
        3.844,
        0.902,
        3.933,
        0.902,
        1,
        3.978,
        0.902,
        4.022,
        0,
        4.067,
        0,
        1,
        4.089,
        0,
        4.111,
        0.906,
        4.133,
        0.906,
        1,
        4.155,
        0.906,
        4.178,
        0.012,
        4.2,
        0.012,
        1,
        4.244,
        0.012,
        4.289,
        0.784,
        4.333,
        0.784,
        1,
        4.355,
        0.784,
        4.378,
        0.012,
        4.4,
        0.012,
        1,
        4.422,
        0.012,
        4.445,
        0.329,
        4.467,
        0.329,
        1,
        4.511,
        0.329,
        4.556,
        0.004,
        4.6,
        0.004,
        2,
        4.667,
        0.004,
        1,
        4.689,
        0.004,
        4.711,
        0.008,
        4.733,
        0.008,
        1,
        4.778,
        0.008,
        4.822,
        0,
        4.867,
        0,
        2,
        5.267,
        0,
        1,
        5.311,
        0,
        5.356,
        0.569,
        5.4,
        0.569,
        1,
        5.422,
        0.569,
        5.445,
        0.008,
        5.467,
        0.008,
        1,
        5.489,
        0.008,
        5.511,
        0.804,
        5.533,
        0.804,
        1,
        5.555,
        0.804,
        5.578,
        0.651,
        5.6,
        0.651,
        2,
        5.667,
        0.651,
        1,
        5.756,
        0.651,
        5.844,
        0.004,
        5.933,
        0.004,
        1,
        5.955,
        0.004,
        5.978,
        0.02,
        6,
        0.02,
        1,
        6.044,
        0.02,
        6.089,
        0,
        6.133,
        0,
        2,
        6.2,
        0,
        1,
        6.244,
        0,
        6.289,
        0.788,
        6.333,
        0.788,
        1,
        6.378,
        0.788,
        6.422,
        0.627,
        6.467,
        0.627,
        1,
        6.489,
        0.627,
        6.511,
        0.925,
        6.533,
        0.925,
        1,
        6.555,
        0.925,
        6.578,
        0.196,
        6.6,
        0.196,
        1,
        6.644,
        0.196,
        6.689,
        0.933,
        6.733,
        0.933,
        1,
        6.778,
        0.933,
        6.822,
        0.682,
        6.867,
        0.682,
        1,
        6.889,
        0.682,
        6.911,
        0.973,
        6.933,
        0.973,
        1,
        6.955,
        0.973,
        6.978,
        0.761,
        7,
        0.761,
        1,
        7.022,
        0.761,
        7.045,
        0.984,
        7.067,
        0.984,
        1,
        7.089,
        0.984,
        7.111,
        0.114,
        7.133,
        0.114,
        1,
        7.178,
        0.114,
        7.222,
        0.859,
        7.267,
        0.859,
        1,
        7.289,
        0.859,
        7.311,
        0.455,
        7.333,
        0.455,
        1,
        7.355,
        0.455,
        7.378,
        0.859,
        7.4,
        0.859,
        1,
        7.422,
        0.859,
        7.445,
        0.137,
        7.467,
        0.137,
        1,
        7.489,
        0.137,
        7.511,
        0.82,
        7.533,
        0.82,
        1,
        7.578,
        0.82,
        7.622,
        0.329,
        7.667,
        0.329,
        1,
        7.689,
        0.329,
        7.711,
        0.655,
        7.733,
        0.655,
        1,
        7.755,
        0.655,
        7.778,
        0.329,
        7.8,
        0.329,
        1,
        7.844,
        0.329,
        7.889,
        0.706,
        7.933,
        0.706,
        1,
        8.022,
        0.706,
        8.111,
        0,
        8.2,
        0,
        2,
        8.333,
        0
      ]
    },
    {
      "Target": "Parameter",
      "Id": "ParamAngleX",
      "Segments": [
        0,
        0,
        1,
        0.256,
        0,
        0.511,
        -6.641,
        0.767,
        -6.641,
        1,
        1.411,
        -6.641,
        2.056,
        30,
        2.7,
        30,
        1,
        3.8,
        30,
        4.9,
        0,
        6,
        0,
        1,
        6.311,
        0,
        6.622,
        10,
        6.933,
        10,
        1,
        7.4,
        10,
        7.866,
        0,
        8.333,
        0
      ]
    },
    {
      "Target": "Parameter",
      "Id": "ParamAngleY",
      "Segments": [
        0,
        0,
        1,
        0.411,
        0,
        0.822,
        -13,
        1.233,
        -13,
        1,
        1.444,
        -13,
        1.656,
        -8.354,
        1.867,
        -3.4,
        1,
        2.145,
        3.119,
        2.422,
        5,
        2.7,
        5,
        1,
        3.333,
        5,
        3.967,
        -15,
        4.6,
        -15,
        1,
        5.067,
        -15,
        5.533,
        0,
        6,
        0,
        1,
        6.311,
        0,
        6.622,
        -13,
        6.933,
        -13,
        1,
        7.4,
        -13,
        7.866,
        0,
        8.333,
        0
      ]
    },
    {
      "Target": "Parameter",
      "Id": "ParamAngleZ",
      "Segments": [
        0,
        0,
        1,
        0.411,
        0,
        0.822,
        -2,
        1.233,
        -2,
        1,
        1.444,
        -2,
        1.656,
        -2.055,
        1.867,
        -1.7,
        1,
        2.145,
        -1.234,
        2.422,
        0,
        2.7,
        0,
        2,
        6,
        0,
        1,
        6.489,
        0,
        6.978,
        -7,
        7.467,
        -7,
        1,
        7.756,
        -7,
        8.044,
        0,
        8.333,
        0
      ]
    },
    {
      "Target": "Parameter",
      "Id": "boziqumian",
      "Segments": [
        0,
        0,
        1,
        0.411,
        0,
        0.822,
        -1,
        1.233,
        -1,
        1,
        1.444,
        -1,
        1.656,
        -1.015,
        1.867,
        -0.8,
        1,
        2.145,
        -0.516,
        2.422,
        0,
        2.7,
        0,
        2,
        6,
        0,
        1,
        6.311,
        0,
        6.622,
        -3,
        6.933,
        -3,
        1,
        7.4,
        -3,
        7.866,
        0,
        8.333,
        0
      ]
    },
    {
      "Target": "Parameter",
      "Id": "ParamEyeLOpen",
      "Segments": [
        0,
        1,
        2,
        0.6,
        1,
        1,
        0.678,
        1,
        0.755,
        0,
        0.833,
        0,
        1,
        0.966,
        0,
        1.1,
        0.408,
        1.233,
        0.5,
        1,
        1.444,
        0.646,
        1.656,
        0.684,
        1.867,
        0.8,
        1,
        2.067,
        0.91,
        2.267,
        1,
        2.467,
        1,
        1,
        2.545,
        1,
        2.622,
        0,
        2.7,
        0,
        1,
        2.833,
        0,
        2.967,
        0.659,
        3.1,
        0.7,
        1,
        3.856,
        0.932,
        4.611,
        1,
        5.367,
        1,
        1,
        5.445,
        1,
        5.522,
        0,
        5.6,
        0,
        1,
        5.733,
        0,
        5.867,
        0.68,
        6,
        0.7,
        1,
        6.311,
        0.747,
        6.622,
        0.747,
        6.933,
        0.8,
        1,
        7.4,
        0.88,
        7.866,
        1,
        8.333,
        1
      ]
    },
    {
      "Target": "Parameter",
      "Id": "ParamEyeROpen",
      "Segments": [
        0,
        1,
        2,
        0.6,
        1,
        1,
        0.678,
        1,
        0.755,
        0,
        0.833,
        0,
        1,
        0.966,
        0,
        1.1,
        0.667,
        1.233,
        0.7,
        1,
        1.444,
        0.753,
        1.656,
        0.747,
        1.867,
        0.8,
        1,
        2.067,
        0.85,
        2.267,
        1,
        2.467,
        1,
        1,
        2.545,
        1,
        2.622,
        0,
        2.7,
        0,
        1,
        2.833,
        0,
        2.967,
        0.659,
        3.1,
        0.7,
        1,
        3.856,
        0.932,
        4.611,
        1,
        5.367,
        1,
        1,
        5.445,
        1,
        5.522,
        0,
        5.6,
        0,
        1,
        5.733,
        0,
        5.867,
        0.68,
        6,
        0.7,
        1,
        6.311,
        0.747,
        6.622,
        0.747,
        6.933,
        0.8,
        1,
        7.4,
        0.88,
        7.866,
        1,
        8.333,
        1
      ]
    },
    {
      "Target": "Parameter",
      "Id": "ParamEyeBallX",
      "Segments": [
        0,
        0,
        2,
        0.833,
        0,
        1,
        1.022,
        0,
        1.211,
        -1,
        1.4,
        -1,
        2,
        2.667,
        -1,
        1,
        2.978,
        -1,
        3.289,
        0.6,
        3.6,
        0.6,
        1,
        4.4,
        0.6,
        5.2,
        0,
        6,
        0,
        2,
        8.333,
        0
      ]
    },
    {
      "Target": "Parameter",
      "Id": "ParamEyeBallY",
      "Segments": [
        0,
        0,
        2,
        0.833,
        0,
        1,
        1.022,
        0,
        1.211,
        -0.9,
        1.4,
        -0.9,
        1,
        1.822,
        -0.9,
        2.245,
        0,
        2.667,
        0,
        1,
        2.978,
        0,
        3.289,
        -0.5,
        3.6,
        -0.5,
        1,
        4.4,
        -0.5,
        5.2,
        0,
        6,
        0,
        2,
        8.333,
        0
      ]
    },
    {
      "Target": "Parameter",
      "Id": "TKDX",
      "Segments": [
        0,
        0,
        2,
        0.6,
        0,
        1,
        0.678,
        0,
        0.755,
        1,
        0.833,
        1,
        1,
        0.966,
        1,
        1.1,
        -1,
        1.233,
        -1,
        1,
        1.355,
        -1,
        1.478,
        -0.34,
        1.6,
        0,
        1,
        1.889,
        0.804,
        2.178,
        1,
        2.467,
        1,
        2,
        2.7,
        1,
        1,
        2.833,
        1,
        2.967,
        -1,
        3.1,
        -1,
        1,
        3.267,
        -1,
        3.433,
        0.5,
        3.6,
        0.5,
        1,
        4.189,
        0.5,
        4.778,
        0,
        5.367,
        0,
        1,
        5.445,
        0,
        5.522,
        1,
        5.6,
        1,
        1,
        5.733,
        1,
        5.867,
        -1,
        6,
        -1,
        1,
        6.778,
        -1,
        7.555,
        0,
        8.333,
        0
      ]
    },
    {
      "Target": "Parameter",
      "Id": "GGDONGHUA",
      "Segments": [
        0,
        0,
        1,
        0.133,
        0,
        0.267,
        0.5,
        0.4,
        0.5,
        1,
        0.544,
        0.5,
        0.689,
        0,
        0.833,
        0,
        1,
        0.9,
        0,
        0.966,
        1,
        1.033,
        1,
        1,
        1.089,
        1,
        1.144,
        0,
        1.2,
        0,
        1,
        1.267,
        0,
        1.333,
        0.798,
        1.4,
        0.798,
        1,
        1.444,
        0.798,
        1.489,
        0,
        1.533,
        0,
        1,
        1.6,
        0,
        1.666,
        0.551,
        1.733,
        0.551,
        1,
        1.789,
        0.551,
        1.844,
        0,
        1.9,
        0,
        1,
        2.044,
        0,
        2.189,
        0.2,
        2.333,
        0.2,
        1,
        2.455,
        0.2,
        2.578,
        0,
        2.7,
        0,
        1,
        2.767,
        0,
        2.833,
        1,
        2.9,
        1,
        1,
        2.956,
        1,
        3.011,
        0,
        3.067,
        0,
        1,
        3.134,
        0,
        3.2,
        0.798,
        3.267,
        0.798,
        1,
        3.311,
        0.798,
        3.356,
        0,
        3.4,
        0,
        1,
        3.467,
        0,
        3.533,
        0.551,
        3.6,
        0.551,
        1,
        3.656,
        0.551,
        3.711,
        0,
        3.767,
        0,
        1,
        4.111,
        0,
        4.456,
        0.7,
        4.8,
        0.7,
        1,
        5.067,
        0.7,
        5.333,
        0,
        5.6,
        0,
        1,
        5.667,
        0,
        5.733,
        1,
        5.8,
        1,
        1,
        5.856,
        1,
        5.911,
        0,
        5.967,
        0,
        1,
        6.034,
        0,
        6.1,
        0.798,
        6.167,
        0.798,
        1,
        6.211,
        0.798,
        6.256,
        0,
        6.3,
        0,
        1,
        6.367,
        0,
        6.433,
        0.551,
        6.5,
        0.551,
        1,
        6.556,
        0.551,
        6.611,
        0,
        6.667,
        0,
        1,
        6.967,
        0,
        7.267,
        0.5,
        7.567,
        0.5,
        1,
        7.822,
        0.5,
        8.078,
        0,
        8.333,
        0
      ]
    },
    {
      "Target": "Parameter",
      "Id": "erhuanYB",
      "Segments": [
        0,
        0,
        1,
        0.378,
        0,
        0.755,
        -1,
        1.133,
        -1,
        1,
        1.633,
        -1,
        2.133,
        0.159,
        2.633,
        0.159,
        1,
        3.244,
        0.159,
        3.856,
        -1,
        4.467,
        -1,
        1,
        4.978,
        -1,
        5.489,
        0,
        6,
        0,
        2,
        8.333,
        0
      ]
    },
    {
      "Target": "Parameter",
      "Id": "ParamBrowLY",
      "Segments": [
        0,
        0,
        2,
        0.6,
        0,
        1,
        0.678,
        0,
        0.755,
        -1,
        0.833,
        -1,
        1,
        0.966,
        -1,
        1.1,
        -0.136,
        1.233,
        0,
        1,
        1.644,
        0.419,
        2.056,
        0.5,
        2.467,
        0.5,
        1,
        2.545,
        0.5,
        2.622,
        -1,
        2.7,
        -1,
        1,
        2.833,
        -1,
        2.967,
        -0.055,
        3.1,
        0,
        1,
        3.856,
        0.31,
        4.611,
        0.4,
        5.367,
        0.4,
        1,
        5.445,
        0.4,
        5.522,
        -1,
        5.6,
        -1,
        1,
        5.733,
        -1,
        5.867,
        0.4,
        6,
        0.4,
        1,
        6.389,
        0.4,
        6.778,
        -0.6,
        7.167,
        -0.6,
        1,
        7.556,
        -0.6,
        7.944,
        0,
        8.333,
        0
      ]
    },
    {
      "Target": "Parameter",
      "Id": "ParamBrowRY",
      "Segments": [
        0,
        0,
        2,
        0.6,
        0,
        1,
        0.678,
        0,
        0.755,
        -1,
        0.833,
        -1,
        1,
        0.966,
        -1,
        1.1,
        -0.136,
        1.233,
        0,
        1,
        1.644,
        0.419,
        2.056,
        0.5,
        2.467,
        0.5,
        1,
        2.545,
        0.5,
        2.622,
        -1,
        2.7,
        -1,
        1,
        2.833,
        -1,
        2.967,
        -0.055,
        3.1,
        0,
        1,
        3.856,
        0.31,
        4.611,
        0.4,
        5.367,
        0.4,
        1,
        5.445,
        0.4,
        5.522,
        -1,
        5.6,
        -1,
        1,
        5.733,
        -1,
        5.867,
        0.4,
        6,
        0.4,
        1,
        6.389,
        0.4,
        6.778,
        -0.6,
        7.167,
        -0.6,
        1,
        7.556,
        -0.6,
        7.944,
        0,
        8.333,
        0
      ]
    },
    {
      "Target": "Parameter",
      "Id": "ParamBrowLAngle",
      "Segments": [
        0,
        0,
        1,
        0.411,
        0,
        0.822,
        -0.2,
        1.233,
        -0.2,
        2,
        2.533,
        -0.2,
        1,
        3.233,
        -0.2,
        3.933,
        0,
        4.633,
        0,
        2,
        6,
        0,
        2,
        8.333,
        0
      ]
    },
    {
      "Target": "Parameter",
      "Id": "ParamBrowRAngle",
      "Segments": [
        0,
        0,
        1,
        0.411,
        0,
        0.822,
        -0.2,
        1.233,
        -0.2,
        2,
        2.533,
        -0.2,
        1,
        3.233,
        -0.2,
        3.933,
        0,
        4.633,
        0,
        2,
        6,
        0,
        2,
        8.333,
        0
      ]
    },
    {
      "Target": "Parameter",
      "Id": "ParamBrowLForm",
      "Segments": [
        0,
        0,
        1,
        0.411,
        0,
        0.822,
        -0.5,
        1.233,
        -0.5,
        2,
        2.533,
        -0.5,
        1,
        3.233,
        -0.5,
        3.933,
        0,
        4.633,
        0,
        1,
        5.089,
        0,
        5.544,
        -0.1,
        6,
        -0.1,
        1,
        6.778,
        -0.1,
        7.555,
        0,
        8.333,
        0
      ]
    },
    {
      "Target": "Parameter",
      "Id": "ParamBrowRForm",
      "Segments": [
        0,
        0,
        1,
        0.411,
        0,
        0.822,
        -0.5,
        1.233,
        -0.5,
        2,
        2.533,
        -0.5,
        1,
        3.233,
        -0.5,
        3.933,
        0,
        4.633,
        0,
        1,
        5.089,
        0,
        5.544,
        -0.1,
        6,
        -0.1,
        1,
        6.778,
        -0.1,
        7.555,
        0,
        8.333,
        0
      ]
    },
    {
      "Target": "Parameter",
      "Id": "ParamMouthForm",
      "Segments": [
        0,
        0,
        1,
        0.289,
        0,
        0.578,
        -0.6,
        0.867,
        -0.6,
        1,
        1.278,
        -0.6,
        1.689,
        1,
        2.1,
        1,
        2,
        3.6,
        1,
        1,
        3.956,
        1,
        4.311,
        0.682,
        4.667,
        0.5,
        1,
        5.111,
        0.273,
        5.556,
        0.232,
        6,
        0,
        1,
        6.267,
        -0.139,
        6.533,
        -0.6,
        6.8,
        -0.6,
        1,
        7.078,
        -0.6,
        7.355,
        1,
        7.633,
        1,
        1,
        7.866,
        1,
        8.1,
        0,
        8.333,
        0
      ]
    },
    {
      "Target": "Parameter",
      "Id": "ParamCheek",
      "Segments": [
        0,
        0,
        1,
        0.511,
        0,
        1.022,
        0.3,
        1.533,
        0.3,
        1,
        3.8,
        0.3,
        6.066,
        0,
        8.333,
        0
      ]
    },
    {
      "Target": "Parameter",
      "Id": "ParamBodyAngleX",
      "Segments": [
        0,
        0,
        1,
        0.256,
        0,
        0.511,
        -10,
        0.767,
        -10,
        1,
        1.4,
        -10,
        2.034,
        10,
        2.667,
        10,
        1,
        3.778,
        10,
        4.889,
        0,
        6,
        0,
        2,
        8.333,
        0
      ]
    },
    {
      "Target": "Parameter",
      "Id": "xiashenX",
      "Segments": [
        0,
        0,
        1,
        0.5,
        0,
        1,
        -1,
        1.5,
        -1,
        1,
        1.889,
        -1,
        2.278,
        1,
        2.667,
        1,
        1,
        3.278,
        1,
        3.889,
        -1,
        4.5,
        -1,
        1,
        5,
        -1,
        5.5,
        -0.649,
        6,
        0,
        1,
        6.167,
        0.216,
        6.333,
        0.3,
        6.5,
        0.3,
        1,
        6.833,
        0.3,
        7.167,
        -1,
        7.5,
        -1,
        1,
        7.778,
        -1,
        8.055,
        0,
        8.333,
        0
      ]
    },
    {
      "Target": "Parameter",
      "Id": "XIASHENY",
      "Segments": [
        0,
        0,
        1,
        0.4,
        0,
        0.8,
        -1,
        1.2,
        -1,
        1,
        1.833,
        -1,
        2.467,
        1,
        3.1,
        1,
        1,
        4.122,
        1,
        5.145,
        -0.838,
        6.167,
        -0.838,
        1,
        6.889,
        -0.838,
        7.611,
        0,
        8.333,
        0
      ]
    },
    {
      "Target": "Parameter",
      "Id": "ParamBodyAngleZ",
      "Segments": [
        0,
        0,
        1,
        0.256,
        0,
        0.511,
        -5,
        0.767,
        -5,
        1,
        2.511,
        -5,
        4.256,
        0,
        6,
        0,
        1,
        6.344,
        0,
        6.689,
        -1,
        7.033,
        -1,
        1,
        7.466,
        -1,
        7.9,
        0,
        8.333,
        0
      ]
    },
    {
      "Target": "Parameter",
      "Id": "XSX",
      "Segments": [
        0,
        0,
        0,
        8.333,
        0.008
      ]
    },
    {
      "Target": "Parameter",
      "Id": "XDYB",
      "Segments": [
        0,
        -0.002,
        1,
        0.222,
        -0.002,
        0.445,
        -0.439,
        0.667,
        -0.439,
        1,
        0.989,
        -0.439,
        1.311,
        0.258,
        1.633,
        0.258,
        1,
        1.978,
        0.258,
        2.322,
        -0.369,
        2.667,
        -0.369,
        1,
        3.022,
        -0.369,
        3.378,
        0.286,
        3.733,
        0.286,
        1,
        4.1,
        0.286,
        4.466,
        -0.296,
        4.833,
        -0.296,
        1,
        5.066,
        -0.296,
        5.3,
        0.211,
        5.533,
        0.211,
        1,
        5.689,
        0.211,
        5.844,
        -0.002,
        6,
        -0.002,
        2,
        8.333,
        -0.002
      ]
    },
    {
      "Target": "Parameter",
      "Id": "XDBX",
      "Segments": [
        0,
        0,
        2,
        0.033,
        0,
        1,
        0.111,
        0,
        0.189,
        -1,
        0.267,
        -1,
        2,
        0.5,
        -1,
        1,
        0.633,
        -1,
        0.767,
        1,
        0.9,
        1,
        1,
        1.022,
        1,
        1.145,
        0.268,
        1.267,
        0.268,
        1,
        1.4,
        0.268,
        1.534,
        0.601,
        1.667,
        0.601,
        1,
        2.034,
        0.601,
        2.4,
        -0.23,
        2.767,
        -0.23,
        1,
        2.889,
        -0.23,
        3.011,
        -0.005,
        3.133,
        -0.005,
        1,
        3.278,
        -0.005,
        3.422,
        -0.128,
        3.567,
        -0.128,
        1,
        3.678,
        -0.128,
        3.789,
        -0.109,
        3.9,
        -0.109,
        1,
        4.033,
        -0.109,
        4.167,
        -0.124,
        4.3,
        -0.124,
        1,
        4.889,
        -0.124,
        5.478,
        0.039,
        6.067,
        0.039,
        1,
        6.2,
        0.039,
        6.334,
        -0.046,
        6.467,
        -0.046,
        1,
        6.745,
        -0.046,
        7.022,
        0.02,
        7.3,
        0.02,
        1,
        7.644,
        0.02,
        7.989,
        -0.026,
        8.333,
        -0.026
      ]
    },
    {
      "Target": "Parameter",
      "Id": "ZXSBX",
      "Segments": [
        0,
        0,
        1,
        0.256,
        0,
        0.511,
        1,
        0.767,
        1,
        1,
        1.011,
        1,
        1.256,
        0.682,
        1.5,
        0,
        1,
        1.733,
        -0.651,
        1.967,
        -1,
        2.2,
        -1,
        1,
        2.467,
        -1,
        2.733,
        -0.681,
        3,
        0,
        1,
        3.256,
        0.652,
        3.511,
        1,
        3.767,
        1,
        1,
        4.011,
        1,
        4.256,
        0.682,
        4.5,
        0,
        1,
        4.733,
        -0.651,
        4.967,
        -1,
        5.2,
        -1,
        1,
        5.467,
        -1,
        5.733,
        -0.485,
        6,
        0,
        1,
        6.278,
        0.505,
        6.555,
        0.6,
        6.833,
        0.6,
        1,
        7.111,
        0.6,
        7.389,
        0,
        7.667,
        0,
        2,
        8.333,
        0
      ]
    },
    {
      "Target": "Parameter",
      "Id": "ZXSDX",
      "Segments": [
        0,
        0,
        1,
        0.256,
        0,
        0.511,
        -0.159,
        0.767,
        -0.5,
        1,
        1.011,
        -0.826,
        1.256,
        -1,
        1.5,
        -1,
        1,
        1.733,
        -1,
        1.967,
        -0.81,
        2.2,
        -0.5,
        1,
        2.467,
        -0.146,
        2.733,
        0,
        3,
        0,
        1,
        3.256,
        0,
        3.511,
        -0.159,
        3.767,
        -0.5,
        1,
        4.011,
        -0.826,
        4.256,
        -1,
        4.5,
        -1,
        1,
        4.733,
        -1,
        4.967,
        -0.948,
        5.2,
        -0.5,
        1,
        5.467,
        0.012,
        5.733,
        0.6,
        6,
        0.6,
        1,
        6.278,
        0.6,
        6.555,
        0.5,
        6.833,
        0,
        1,
        7.111,
        -0.5,
        7.389,
        -1,
        7.667,
        -1,
        1,
        7.889,
        -1,
        8.111,
        0,
        8.333,
        0
      ]
    },
    {
      "Target": "Parameter",
      "Id": "YXSBX",
      "Segments": [
        0,
        0,
        1,
        0.256,
        0,
        0.511,
        0.6,
        0.767,
        0.6,
        1,
        1.011,
        0.6,
        1.256,
        0.505,
        1.5,
        0,
        1,
        1.733,
        -0.482,
        1.967,
        -1,
        2.2,
        -1,
        1,
        2.467,
        -1,
        2.733,
        -0.681,
        3,
        0,
        1,
        3.256,
        0.652,
        3.511,
        1,
        3.767,
        1,
        1,
        4.011,
        1,
        4.256,
        0.517,
        4.5,
        0,
        1,
        4.733,
        -0.494,
        4.967,
        -0.6,
        5.2,
        -0.6,
        1,
        5.467,
        -0.6,
        5.733,
        -0.392,
        6,
        0,
        1,
        6.278,
        0.408,
        6.555,
        0.6,
        6.833,
        0.6,
        1,
        7.111,
        0.6,
        7.389,
        0,
        7.667,
        0,
        2,
        8.333,
        0
      ]
    },
    {
      "Target": "Parameter",
      "Id": "YXSDX",
      "Segments": [
        0,
        0,
        1,
        0.256,
        0,
        0.511,
        -0.317,
        0.767,
        -0.63,
        1,
        1.011,
        -0.929,
        1.256,
        -0.984,
        1.5,
        -0.984,
        1,
        1.733,
        -0.984,
        1.967,
        -0.805,
        2.2,
        -0.5,
        1,
        2.467,
        -0.151,
        2.733,
        0,
        3,
        0,
        1,
        3.256,
        0,
        3.511,
        -0.165,
        3.767,
        -0.5,
        1,
        4.011,
        -0.821,
        4.256,
        -0.984,
        4.5,
        -0.984,
        1,
        4.733,
        -0.984,
        4.967,
        -0.766,
        5.2,
        -0.274,
        1,
        5.467,
        0.288,
        5.733,
        0.6,
        6,
        0.6,
        1,
        6.278,
        0.6,
        6.555,
        0.425,
        6.833,
        -0.1,
        1,
        7.111,
        -0.625,
        7.389,
        -1,
        7.667,
        -1,
        1,
        7.889,
        -1,
        8.111,
        0,
        8.333,
        0
      ]
    },
    {
      "Target": "Parameter",
      "Id": "ParamBreath",
      "Segments": [
        0,
        0,
        1,
        0.333,
        0,
        0.667,
        1,
        1,
        1,
        1,
        1.667,
        1,
        2.333,
        0,
        3,
        0,
        1,
        3.333,
        0,
        3.667,
        1,
        4,
        1,
        1,
        4.667,
        1,
        5.333,
        0,
        6,
        0,
        1,
        6.378,
        0,
        6.755,
        1,
        7.133,
        1,
        1,
        7.533,
        1,
        7.933,
        0,
        8.333,
        0
      ]
    },
    {
      "Target": "Parameter",
      "Id": "ParamHairFront",
      "Segments": [
        0,
        0,
        2,
        0.033,
        0,
        1,
        0.155,
        0,
        0.278,
        0.198,
        0.4,
        0.198,
        1,
        0.589,
        0.198,
        0.778,
        -0.145,
        0.967,
        -0.145,
        1,
        1.1,
        -0.145,
        1.234,
        -0.059,
        1.367,
        -0.059,
        1,
        1.5,
        -0.059,
        1.634,
        -0.103,
        1.767,
        -0.103,
        1,
        2.111,
        -0.103,
        2.456,
        0.036,
        2.8,
        0.036,
        1,
        2.933,
        0.036,
        3.067,
        0.005,
        3.2,
        0.005,
        1,
        3.367,
        0.005,
        3.533,
        0.027,
        3.7,
        0.027,
        1,
        3.811,
        0.027,
        3.922,
        0.023,
        4.033,
        0.023,
        1,
        4.155,
        0.023,
        4.278,
        0.025,
        4.4,
        0.025,
        1,
        5.056,
        0.025,
        5.711,
        -0.031,
        6.367,
        -0.031,
        1,
        6.611,
        -0.031,
        6.856,
        0.042,
        7.1,
        0.042,
        1,
        7.344,
        0.042,
        7.589,
        -0.023,
        7.833,
        -0.023,
        1,
        8,
        -0.023,
        8.166,
        0.003,
        8.333,
        0.003
      ]
    },
    {
      "Target": "Parameter",
      "Id": "qianfaBX",
      "Segments": [
        0,
        0,
        2,
        0.033,
        0,
        1,
        0.155,
        0,
        0.278,
        0.347,
        0.4,
        0.347,
        1,
        0.578,
        0.347,
        0.755,
        -0.232,
        0.933,
        -0.232,
        1,
        1.044,
        -0.232,
        1.156,
        -0.096,
        1.267,
        -0.096,
        1,
        1.422,
        -0.096,
        1.578,
        -0.19,
        1.733,
        -0.19,
        1,
        2.089,
        -0.19,
        2.444,
        0.059,
        2.8,
        0.059,
        1,
        2.911,
        0.059,
        3.022,
        0.004,
        3.133,
        0.004,
        1,
        3.3,
        0.004,
        3.466,
        0.046,
        3.633,
        0.046,
        1,
        3.733,
        0.046,
        3.833,
        0.041,
        3.933,
        0.041,
        1,
        4.066,
        0.041,
        4.2,
        0.047,
        4.333,
        0.047,
        1,
        5.011,
        0.047,
        5.689,
        -0.039,
        6.367,
        -0.039,
        1,
        6.611,
        -0.039,
        6.856,
        0.021,
        7.1,
        0.021,
        1,
        7.222,
        0.021,
        7.345,
        0.012,
        7.467,
        0.012,
        1,
        7.545,
        0.012,
        7.622,
        0.014,
        7.7,
        0.014,
        1,
        7.911,
        0.014,
        8.122,
        -0.008,
        8.333,
        -0.008
      ]
    },
    {
      "Target": "Parameter",
      "Id": "ParamHairSide",
      "Segments": [
        0,
        0.002,
        1,
        0.144,
        0.002,
        0.289,
        -0.334,
        0.433,
        -0.334,
        1,
        0.644,
        -0.334,
        0.856,
        0.238,
        1.067,
        0.238,
        1,
        1.3,
        0.238,
        1.534,
        -0.254,
        1.767,
        -0.254,
        1,
        2,
        -0.254,
        2.234,
        0.296,
        2.467,
        0.296,
        1,
        2.789,
        0.296,
        3.111,
        -0.44,
        3.433,
        -0.44,
        1,
        3.733,
        -0.44,
        4.033,
        0.419,
        4.333,
        0.419,
        1,
        4.7,
        0.419,
        5.066,
        -0.502,
        5.433,
        -0.502,
        1,
        5.711,
        -0.502,
        5.989,
        0.419,
        6.267,
        0.419,
        1,
        6.578,
        0.419,
        6.889,
        -0.502,
        7.2,
        -0.502,
        1,
        7.444,
        -0.502,
        7.689,
        0.349,
        7.933,
        0.349,
        1,
        8.066,
        0.349,
        8.2,
        0.002,
        8.333,
        0.002
      ]
    },
    {
      "Target": "Parameter",
      "Id": "ParamHairBack",
      "Segments": [
        0,
        0,
        2,
        0.033,
        0,
        1,
        0.155,
        0,
        0.278,
        0.098,
        0.4,
        0.098,
        1,
        0.589,
        0.098,
        0.778,
        -0.073,
        0.967,
        -0.073,
        1,
        1.1,
        -0.073,
        1.234,
        -0.029,
        1.367,
        -0.029,
        1,
        1.5,
        -0.029,
        1.634,
        -0.05,
        1.767,
        -0.05,
        1,
        2.111,
        -0.05,
        2.456,
        0.019,
        2.8,
        0.019,
        1,
        2.933,
        0.019,
        3.067,
        0.003,
        3.2,
        0.003,
        1,
        3.367,
        0.003,
        3.533,
        0.013,
        3.7,
        0.013,
        1,
        3.811,
        0.013,
        3.922,
        0.011,
        4.033,
        0.011,
        1,
        4.155,
        0.011,
        4.278,
        0.012,
        4.4,
        0.012,
        1,
        5.056,
        0.012,
        5.711,
        -0.011,
        6.367,
        -0.011,
        1,
        6.611,
        -0.011,
        6.856,
        0.014,
        7.1,
        0.014,
        1,
        7.344,
        0.014,
        7.589,
        -0.008,
        7.833,
        -0.008,
        1,
        8,
        -0.008,
        8.166,
        0.001,
        8.333,
        0.001
      ]
    },
    {
      "Target": "Parameter",
      "Id": "ZSBX",
      "Segments": [
        0,
        0,
        1,
        0.256,
        0,
        0.511,
        -1,
        0.767,
        -1,
        1,
        2.511,
        -1,
        4.256,
        0,
        6,
        0,
        2,
        8.333,
        0
      ]
    },
    {
      "Target": "Parameter",
      "Id": "ZXBXZ",
      "Segments": [
        0,
        0,
        1,
        0.256,
        0,
        0.511,
        -5,
        0.767,
        -5,
        1,
        1.245,
        -5,
        1.722,
        -4.898,
        2.2,
        -4,
        1,
        2.467,
        -3.499,
        2.733,
        -2,
        3,
        -2,
        2,
        3.7,
        -2,
        1,
        3.867,
        -2,
        4.033,
        -1.22,
        4.2,
        -1,
        1,
        4.8,
        -0.209,
        5.4,
        0,
        6,
        0,
        2,
        8.333,
        0
      ]
    },
    {
      "Target": "Parameter",
      "Id": "ZXBX",
      "Segments": [
        0,
        0,
        2,
        0.767,
        0,
        1,
        1.667,
        0,
        2.567,
        -0.2,
        3.467,
        -0.2,
        1,
        3.656,
        -0.2,
        3.844,
        0.3,
        4.033,
        0.3,
        1,
        4.689,
        0.3,
        5.344,
        0,
        6,
        0,
        2,
        8.333,
        0
      ]
    },
    {
      "Target": "Parameter",
      "Id": "ZSXZ",
      "Segments": [
        0,
        0,
        1,
        0.256,
        0,
        0.511,
        0.5,
        0.767,
        0.5,
        1,
        1.511,
        0.5,
        2.256,
        1,
        3,
        1,
        1,
        3.233,
        1,
        3.467,
        0.617,
        3.7,
        0.4,
        1,
        4.078,
        -0.025,
        4.455,
        -0.1,
        4.833,
        -0.1,
        1,
        5.222,
        -0.1,
        5.611,
        0,
        6,
        0,
        2,
        8.333,
        0
      ]
    },
    {
      "Target": "Parameter",
      "Id": "zuoshouX",
      "Segments": [
        0,
        0,
        1,
        0.256,
        0,
        0.511,
        -1,
        0.767,
        -1,
        2,
        3.467,
        -1,
        1,
        3.545,
        -1,
        3.622,
        -0.159,
        3.7,
        0,
        1,
        4.078,
        0.771,
        4.455,
        1,
        4.833,
        1,
        1,
        5.222,
        1,
        5.611,
        0,
        6,
        0,
        2,
        8.333,
        0
      ]
    },
    {
      "Target": "Parameter",
      "Id": "zuoshouY",
      "Segments": [
        0,
        0,
        1,
        0.256,
        0,
        0.511,
        -1,
        0.767,
        -1,
        2,
        3.467,
        -1,
        1,
        3.545,
        -1,
        3.622,
        -0.081,
        3.7,
        0,
        1,
        4.078,
        0.393,
        4.455,
        0.5,
        4.833,
        0.5,
        1,
        5.222,
        0.5,
        5.611,
        0,
        6,
        0,
        2,
        8.333,
        0
      ]
    },
    {
      "Target": "Parameter",
      "Id": "ZSZ01",
      "Segments": [
        0,
        0,
        1,
        0.256,
        0,
        0.511,
        1,
        0.767,
        1,
        1,
        0.9,
        1,
        1.034,
        0.5,
        1.167,
        0.5,
        1,
        1.934,
        0.5,
        2.7,
        1,
        3.467,
        1,
        2,
        3.7,
        1,
        1,
        4.467,
        1,
        5.233,
        0,
        6,
        0,
        2,
        8.333,
        0
      ]
    },
    {
      "Target": "Parameter",
      "Id": "ZSZ02",
      "Segments": [
        0,
        0,
        1,
        0.256,
        0,
        0.511,
        1,
        0.767,
        1,
        1,
        0.9,
        1,
        1.034,
        0.5,
        1.167,
        0.5,
        1,
        1.934,
        0.5,
        2.7,
        1,
        3.467,
        1,
        2,
        3.7,
        1,
        1,
        4.467,
        1,
        5.233,
        0,
        6,
        0,
        2,
        8.333,
        0
      ]
    },
    {
      "Target": "Parameter",
      "Id": "ZSZ03",
      "Segments": [
        0,
        0,
        1,
        0.256,
        0,
        0.511,
        1,
        0.767,
        1,
        1,
        0.9,
        1,
        1.034,
        0,
        1.167,
        0,
        2,
        3.467,
        0,
        1,
        3.545,
        0,
        3.622,
        0.004,
        3.7,
        1,
        1,
        4.467,
        1,
        5.233,
        0,
        6,
        0,
        2,
        8.333,
        0
      ]
    },
    {
      "Target": "Parameter",
      "Id": "ZSZ04",
      "Segments": [
        0,
        0,
        1,
        0.256,
        0,
        0.511,
        1,
        0.767,
        1,
        1,
        0.9,
        1,
        1.034,
        0,
        1.167,
        0,
        2,
        3.467,
        0,
        1,
        3.545,
        0,
        3.622,
        0.014,
        3.7,
        1,
        1,
        4.467,
        1,
        5.233,
        0,
        6,
        0,
        2,
        8.333,
        0
      ]
    },
    {
      "Target": "Parameter",
      "Id": "YXBXZ",
      "Segments": [
        0,
        0,
        1,
        0.5,
        0,
        1,
        -1,
        1.5,
        -1,
        1,
        2.233,
        -1,
        2.967,
        3,
        3.7,
        3,
        1,
        4.467,
        3,
        5.233,
        0,
        6,
        0,
        2,
        6.5,
        0,
        1,
        6.722,
        0,
        6.945,
        -1.04,
        7.167,
        -1.04,
        1,
        7.556,
        -1.04,
        7.944,
        0,
        8.333,
        0
      ]
    },
    {
      "Target": "Parameter",
      "Id": "YSXZ",
      "Segments": [
        0,
        0,
        1,
        0.256,
        0,
        0.511,
        0.7,
        0.767,
        0.7,
        1,
        1.345,
        0.7,
        1.922,
        -0.6,
        2.5,
        -0.6,
        1,
        3.278,
        -0.6,
        4.055,
        0.6,
        4.833,
        0.6,
        1,
        5.222,
        0.6,
        5.611,
        0,
        6,
        0,
        1,
        6.256,
        0,
        6.511,
        0.5,
        6.767,
        0.5,
        1,
        7.034,
        0.5,
        7.3,
        -0.5,
        7.567,
        -0.5,
        1,
        7.822,
        -0.5,
        8.078,
        0,
        8.333,
        0
      ]
    },
    {
      "Target": "Parameter",
      "Id": "YOUSHOUx",
      "Segments": [
        0,
        0,
        1,
        1,
        0,
        2,
        -1,
        3,
        -1,
        1,
        4,
        -1,
        5,
        0,
        6,
        0,
        2,
        8.333,
        0
      ]
    },
    {
      "Target": "Parameter",
      "Id": "youshouY",
      "Segments": [
        0,
        0,
        1,
        0.5,
        0,
        1,
        1,
        1.5,
        1,
        1,
        2.333,
        1,
        3.167,
        -1,
        4,
        -1,
        1,
        4.667,
        -1,
        5.333,
        0,
        6,
        0,
        2,
        8.333,
        0
      ]
    },
    {
      "Target": "Parameter",
      "Id": "YSZ1",
      "Segments": [
        0,
        0,
        1,
        0.5,
        0,
        1,
        -1,
        1.5,
        -1,
        1,
        3,
        -1,
        4.5,
        0,
        6,
        0,
        2,
        8.333,
        0
      ]
    },
    {
      "Target": "Parameter",
      "Id": "YSZ2",
      "Segments": [
        0,
        0,
        1,
        0.5,
        0,
        1,
        -1,
        1.5,
        -1,
        1,
        3,
        -1,
        4.5,
        0,
        6,
        0,
        2,
        8.333,
        0
      ]
    },
    {
      "Target": "Parameter",
      "Id": "YSZ3",
      "Segments": [
        0,
        0,
        1,
        0.5,
        0,
        1,
        -1,
        1.5,
        -1,
        1,
        3,
        -1,
        4.5,
        0,
        6,
        0,
        2,
        8.333,
        0
      ]
    },
    {
      "Target": "Parameter",
      "Id": "YSZ4",
      "Segments": [
        0,
        0,
        1,
        0.333,
        0,
        0.667,
        0.2,
        1,
        0.2,
        1,
        1.167,
        0.2,
        1.333,
        -1,
        1.5,
        -1,
        1,
        2,
        -1,
        2.5,
        -0.371,
        3,
        0.2,
        1,
        3.333,
        0.581,
        3.667,
        0.6,
        4,
        0.6,
        1,
        4.333,
        0.6,
        4.667,
        0.378,
        5,
        0.2,
        1,
        5.333,
        0.022,
        5.667,
        0,
        6,
        0,
        2,
        8.333,
        0
      ]
    },
    {
      "Target": "Parameter",
      "Id": "YSZ5",
      "Segments": [
        0,
        0,
        1,
        0.167,
        0,
        0.333,
        0.2,
        0.5,
        0.2,
        1,
        0.833,
        0.2,
        1.167,
        -1,
        1.5,
        -1,
        1,
        1.833,
        -1,
        2.167,
        -0.257,
        2.5,
        0.2,
        1,
        3,
        0.886,
        3.5,
        1,
        4,
        1,
        1,
        4.167,
        1,
        4.333,
        0.258,
        4.5,
        0.2,
        1,
        5,
        0.027,
        5.5,
        0,
        6,
        0,
        2,
        8.333,
        0
      ]
    },
    {
      "Target": "Parameter",
      "Id": "YSSZTC",
      "Segments": [
        0,
        0,
        1,
        0.5,
        0,
        1,
        -1,
        1.5,
        -1,
        1,
        3,
        -1,
        4.5,
        0,
        6,
        0,
        2,
        8.333,
        0
      ]
    },
    {
      "Target": "Parameter",
      "Id": "ZTXZ",
      "Segments": [
        0,
        0,
        1,
        0.256,
        0,
        0.511,
        6,
        0.767,
        6,
        1,
        1.511,
        -3.733,
        2.256,
        -5,
        3,
        -5,
        1,
        4,
        -5,
        5,
        0,
        6,
        0,
        2,
        6.733,
        0,
        1,
        7.033,
        0,
        7.333,
        -1,
        7.633,
        -1,
        1,
        7.866,
        -1,
        8.1,
        0,
        8.333,
        0
      ]
    },
    {
      "Target": "Parameter",
      "Id": "ZJXZ",
      "Segments": [
        0,
        0,
        1,
        0.733,
        0,
        1.467,
        -0.5,
        2.2,
        -0.5,
        1,
        2.756,
        -0.5,
        3.311,
        0,
        3.867,
        0,
        1,
        4.434,
        0,
        5,
        -0.4,
        5.567,
        -0.4,
        1,
        6.011,
        -0.4,
        6.456,
        0,
        6.9,
        0,
        1,
        7.167,
        0,
        7.433,
        -0.25,
        7.7,
        -0.25,
        1,
        7.911,
        -0.25,
        8.122,
        0,
        8.333,
        0
      ]
    },
    {
      "Target": "Parameter",
      "Id": "YTXZ",
      "Segments": [
        0,
        0,
        1,
        0.256,
        0,
        0.511,
        5,
        0.767,
        5,
        1,
        1.511,
        -4.44,
        2.256,
        -5,
        3,
        -5,
        1,
        4,
        -5,
        5,
        0,
        6,
        0,
        1,
        6.244,
        0,
        6.489,
        -1.02,
        6.733,
        -1.02,
        1,
        7.266,
        -1.02,
        7.8,
        0,
        8.333,
        0
      ]
    },
    {
      "Target": "Parameter",
      "Id": "YJXZ",
      "Segments": [
        0,
        0,
        1,
        0.789,
        0,
        1.578,
        -0.7,
        2.367,
        -0.7,
        1,
        3.578,
        -0.7,
        4.789,
        0,
        6,
        0,
        1,
        6.333,
        0,
        6.667,
        -0.7,
        7,
        -0.7,
        1,
        7.444,
        -0.7,
        7.889,
        0,
        8.333,
        0
      ]
    },
    {
      "Target": "Parameter",
      "Id": "shufanye",
      "Segments": [
        0,
        0,
        1,
        0.133,
        0,
        0.267,
        0.5,
        0.4,
        0.5,
        1,
        0.8,
        0.5,
        1.2,
        0,
        1.6,
        0,
        1,
        1.867,
        0,
        2.133,
        0.3,
        2.4,
        0.3,
        1,
        2.933,
        0.3,
        3.467,
        0,
        4,
        0,
        1,
        4.244,
        0,
        4.489,
        0.5,
        4.733,
        0.5,
        1,
        5.133,
        0.5,
        5.533,
        0,
        5.933,
        0,
        1,
        6.2,
        0,
        6.466,
        0.3,
        6.733,
        0.3,
        1,
        7.266,
        0.3,
        7.8,
        0,
        8.333,
        0
      ]
    },
    {
      "Target": "Parameter",
      "Id": "shuqianPD",
      "Segments": [
        0,
        0,
        1,
        0.333,
        0,
        0.667,
        -1,
        1,
        -1,
        1,
        1.333,
        -1,
        1.667,
        1,
        2,
        1,
        1,
        2.333,
        1,
        2.667,
        -0.581,
        3,
        -0.581,
        1,
        3.333,
        -0.581,
        3.667,
        1,
        4,
        1,
        1,
        4.333,
        1,
        4.667,
        -1,
        5,
        -1,
        1,
        5.333,
        -1,
        5.667,
        0,
        6,
        0,
        2,
        8.333,
        0
      ]
    },
    {
      "Target": "Parameter",
      "Id": "shiwuhe",
      "Segments": [
        0,
        0,
        1,
        0.333,
        0,
        0.667,
        -1,
        1,
        -1,
        1,
        1.667,
        -1,
        2.333,
        1,
        3,
        1,
        1,
        3.667,
        1,
        4.333,
        -1,
        5,
        -1,
        1,
        5.333,
        -1,
        5.667,
        0,
        6,
        0,
        2,
        8.333,
        0
      ]
    },
    {
      "Target": "Parameter",
      "Id": "SWHBZ",
      "Segments": [
        0,
        0,
        1,
        0.167,
        0,
        0.333,
        0.277,
        0.5,
        0.277,
        1,
        1,
        0.277,
        1.5,
        -0.381,
        2,
        -0.381,
        1,
        2.667,
        -0.381,
        3.333,
        0.237,
        4,
        0.237,
        1,
        4.5,
        0.237,
        5,
        -0.1,
        5.5,
        -0.1,
        1,
        5.667,
        -0.1,
        5.833,
        0,
        6,
        0,
        2,
        8.333,
        0
      ]
    },
    {
      "Target": "Parameter",
      "Id": "PCDYB",
      "Segments": [
        0,
        0,
        1,
        0.167,
        0,
        0.333,
        1,
        0.5,
        1,
        1,
        0.833,
        1,
        1.167,
        -1,
        1.5,
        -1,
        1,
        1.822,
        -1,
        2.145,
        1,
        2.467,
        1,
        1,
        2.756,
        1,
        3.044,
        -1,
        3.333,
        -1,
        1,
        3.455,
        -1,
        3.578,
        0.3,
        3.7,
        0.3,
        1,
        3.767,
        0.3,
        3.833,
        -0.6,
        3.9,
        -0.6,
        1,
        3.967,
        -0.6,
        4.033,
        0.6,
        4.1,
        0.6,
        1,
        4.211,
        0.6,
        4.322,
        -0.5,
        4.433,
        -0.5,
        1,
        4.678,
        -0.5,
        4.922,
        1,
        5.167,
        1,
        1,
        5.445,
        1,
        5.722,
        0,
        6,
        0,
        2,
        8.333,
        0
      ]
    },
    {
      "Target": "Parameter",
      "Id": "panciTDX",
      "Segments": [
        0,
        0,
        2,
        1,
        0,
        1,
        1.167,
        0,
        1.333,
        0.133,
        1.5,
        0.4,
        1,
        1.667,
        0.667,
        1.833,
        0.8,
        2,
        0.8,
        1,
        2.511,
        0.8,
        3.022,
        0.578,
        3.533,
        0.1,
        1,
        3.589,
        0.048,
        3.644,
        0,
        3.7,
        0,
        1,
        3.744,
        0,
        3.789,
        0.1,
        3.833,
        0.1,
        1,
        3.878,
        0.1,
        3.922,
        0,
        3.967,
        0,
        2,
        6,
        0,
        2,
        8.333,
        0
      ]
    },
    {
      "Target": "Parameter",
      "Id": "PANCITDY",
      "Segments": [
        0,
        0,
        2,
        1,
        0,
        2,
        1.5,
        0,
        2,
        2,
        0,
        1,
        2.156,
        0,
        2.311,
        -0.205,
        2.467,
        -0.4,
        1,
        2.822,
        -0.847,
        3.178,
        -1,
        3.533,
        -1,
        1,
        3.589,
        -1,
        3.644,
        0,
        3.7,
        0,
        2,
        6,
        0,
        2,
        8.333,
        0
      ]
    },
    {
      "Target": "Parameter",
      "Id": "pancirou",
      "Segments": [
        0,
        0,
        2,
        1.5,
        0,
        1,
        1.822,
        0,
        2.145,
        1,
        2.467,
        1,
        2,
        3.633,
        1,
        1,
        3.689,
        1,
        3.744,
        0,
        3.8,
        0,
        2,
        6,
        0,
        2,
        8.333,
        0
      ]
    },
    {
      "Target": "Parameter",
      "Id": "PGYYTMD",
      "Segments": [
        0,
        0,
        1,
        0.111,
        0,
        0.222,
        1,
        0.333,
        1,
        2,
        7.833,
        1,
        1,
        8,
        1,
        8.166,
        0,
        8.333,
        0
      ]
    },
    {
      "Target": "Parameter",
      "Id": "zongxie",
      "Segments": [
        0,
        0,
        2,
        6,
        0,
        1,
        6.244,
        0,
        6.489,
        0.5,
        6.733,
        0.5,
        1,
        7.022,
        0.5,
        7.311,
        -0.5,
        7.6,
        -0.5,
        1,
        7.844,
        -0.5,
        8.089,
        0,
        8.333,
        0
      ]
    },
    {
      "Target": "Parameter",
      "Id": "fubu",
      "Segments": [
        0,
        0,
        1,
        0.4,
        0,
        0.8,
        1,
        1.2,
        1,
        1,
        1.8,
        1,
        2.4,
        -1,
        3,
        -1,
        1,
        4,
        -1,
        5,
        0,
        6,
        0,
        2,
        8.333,
        0
      ]
    },
    {
      "Target": "Parameter",
      "Id": "MZPDJD",
      "Segments": [
        0,
        0,
        2,
        0.9,
        0,
        1,
        1.233,
        -0.235,
        1.567,
        -0.4,
        1.9,
        -0.4,
        1,
        2.211,
        -0.4,
        2.522,
        -0.304,
        2.833,
        0,
        1,
        3.122,
        0.283,
        3.411,
        0.5,
        3.7,
        0.5,
        1,
        4.033,
        0.5,
        4.367,
        0.366,
        4.7,
        0,
        1,
        4.967,
        -0.293,
        5.233,
        -0.5,
        5.5,
        -0.5,
        1,
        5.667,
        -0.5,
        5.833,
        0,
        6,
        0,
        2,
        8.333,
        0
      ]
    },
    {
      "Target": "Parameter",
      "Id": "MZPDBX",
      "Segments": [
        0,
        0,
        1,
        0.3,
        0,
        0.6,
        0.5,
        0.9,
        0.5,
        1,
        1.233,
        0.5,
        1.567,
        0.449,
        1.9,
        0,
        1,
        2.211,
        -0.419,
        2.522,
        -1,
        2.833,
        -1,
        1,
        3.122,
        -1,
        3.411,
        -0.719,
        3.7,
        -0.1,
        1,
        4.033,
        0.614,
        4.367,
        1,
        4.7,
        1,
        1,
        4.967,
        1,
        5.233,
        -0.1,
        5.5,
        -0.1,
        1,
        5.667,
        -0.1,
        5.833,
        0,
        6,
        0,
        2,
        8.333,
        0
      ]
    },
    {
      "Target": "Parameter",
      "Id": "pancizhezou",
      "Segments": [
        0,
        0,
        1,
        0.356,
        0,
        0.711,
        -1,
        1.067,
        -1,
        1,
        1.611,
        -1,
        2.156,
        1,
        2.7,
        1,
        1,
        3.311,
        1,
        3.922,
        -1,
        4.533,
        -1,
        1,
        5.078,
        -1,
        5.622,
        1,
        6.167,
        1,
        1,
        6.6,
        1,
        7.034,
        -0.4,
        7.467,
        -0.4,
        1,
        7.756,
        -0.4,
        8.044,
        0,
        8.333,
        0
      ]
    },
    {
      "Target": "Parameter",
      "Id": "toushizhezou",
      "Segments": [
        0,
        0,
        1,
        0.233,
        0,
        0.467,
        -0.686,
        0.7,
        -0.686,
        1,
        1.133,
        -0.686,
        1.567,
        0.642,
        2,
        0.642,
        1,
        2.489,
        0.642,
        2.978,
        -0.686,
        3.467,
        -0.686,
        1,
        3.911,
        -0.686,
        4.356,
        0.642,
        4.8,
        0.642,
        1,
        5.289,
        0.642,
        5.778,
        -0.686,
        6.267,
        -0.686,
        1,
        6.622,
        -0.686,
        6.978,
        0.642,
        7.333,
        0.642,
        1,
        7.666,
        0.642,
        8,
        0,
        8.333,
        0
      ]
    },
    {
      "Target": "Parameter",
      "Id": "zongZY",
      "Segments": [
        0,
        0,
        1,
        0.422,
        0,
        0.845,
        4,
        1.267,
        4,
        1,
        2.445,
        4,
        3.622,
        -5,
        4.8,
        -5,
        1,
        5.978,
        -5,
        7.155,
        0,
        8.333,
        0
      ]
    },
    {
      "Target": "Parameter",
      "Id": "zongSX",
      "Segments": [
        0,
        0,
        1,
        0.756,
        0,
        1.511,
        -9,
        2.267,
        -9,
        1,
        3.889,
        -9,
        5.511,
        5,
        7.133,
        5,
        1,
        7.533,
        5,
        7.933,
        0,
        8.333,
        0
      ]
    },
    {
      "Target": "Parameter",
      "Id": "zongjiaodi",
      "Segments": [
        0,
        0,
        1,
        0.422,
        0,
        0.845,
        0.7,
        1.267,
        0.7,
        1,
        2.011,
        0.7,
        2.756,
        -0.7,
        3.5,
        -0.7,
        1,
        4.444,
        -0.7,
        5.389,
        0.5,
        6.333,
        0.5,
        1,
        7,
        0.5,
        7.666,
        0,
        8.333,
        0
      ]
    },
    {
      "Target": "Parameter",
      "Id": "PGZY",
      "Segments": [
        0,
        0,
        1,
        0.567,
        0,
        1.133,
        -0.3,
        1.7,
        -0.3,
        1,
        2.289,
        -0.3,
        2.878,
        0,
        3.467,
        0,
        2,
        8.333,
        0
      ]
    },
    {
      "Target": "Parameter",
      "Id": "XSDSX",
      "Segments": [
        0,
        0,
        1,
        0.167,
        0,
        0.333,
        -1,
        0.5,
        -1,
        1,
        0.689,
        -1,
        0.878,
        1,
        1.067,
        1,
        1,
        1.378,
        1,
        1.689,
        -1,
        2,
        -1,
        1,
        2.267,
        -1,
        2.533,
        0.535,
        2.8,
        0.535,
        1,
        3.067,
        0.535,
        3.333,
        -0.415,
        3.6,
        -0.415,
        1,
        3.822,
        -0.415,
        4.045,
        0.433,
        4.267,
        0.433,
        1,
        4.456,
        0.433,
        4.644,
        -0.304,
        4.833,
        -0.304,
        1,
        5.022,
        -0.304,
        5.211,
        0.323,
        5.4,
        0.323,
        1,
        5.722,
        0.323,
        6.045,
        -0.774,
        6.367,
        -0.774,
        1,
        6.634,
        -0.774,
        6.9,
        1,
        7.167,
        1,
        1,
        7.411,
        1,
        7.656,
        -1,
        7.9,
        -1,
        1,
        8.044,
        -1,
        8.189,
        0,
        8.333,
        0
      ]
    },
    {
      "Target": "Parameter",
      "Id": "ZBXZ",
      "Segments": [
        0,
        0,
        1,
        0.256,
        0,
        0.511,
        3.603,
        0.767,
        5,
        1,
        1.245,
        7.611,
        1.722,
        8,
        2.2,
        8,
        1,
        2.467,
        8,
        2.733,
        4.4,
        3,
        4.4,
        2,
        3.7,
        4.4,
        1,
        3.867,
        4.4,
        4.033,
        2.474,
        4.2,
        2.025,
        1,
        4.8,
        0.408,
        5.4,
        0,
        6,
        0,
        2,
        8.333,
        0
      ]
    },
    {
      "Target": "Parameter",
      "Id": "jianweizi",
      "Segments": [
        0,
        0,
        1,
        0.333,
        0,
        0.667,
        0.3,
        1,
        0.3,
        1,
        1.667,
        0.3,
        2.333,
        0,
        3,
        0,
        2,
        6,
        0,
        2,
        8.333,
        0
      ]
    },
    {
      "Target": "Parameter",
      "Id": "yifujiaodu",
      "Segments": [
        0,
        0,
        1,
        0.2,
        0,
        0.4,
        0.4,
        0.6,
        0.4,
        1,
        1.044,
        0.4,
        1.489,
        -0.43,
        1.933,
        -0.43,
        1,
        2.389,
        -0.43,
        2.844,
        0.307,
        3.3,
        0.307,
        1,
        3.722,
        0.307,
        4.145,
        -0.268,
        4.567,
        -0.268,
        1,
        4.989,
        -0.268,
        5.411,
        0,
        5.833,
        0,
        1,
        6.211,
        0,
        6.589,
        -0.368,
        6.967,
        -0.368,
        1,
        7.422,
        -0.368,
        7.878,
        0,
        8.333,
        0
      ]
    },
    {
      "Target": "Parameter",
      "Id": "yifubianxin",
      "Segments": [
        0,
        0,
        1,
        0.444,
        0,
        0.889,
        1,
        1.333,
        1,
        1,
        1.8,
        1,
        2.266,
        -1,
        2.733,
        -1,
        1,
        3.155,
        -1,
        3.578,
        1,
        4,
        1,
        1,
        4.422,
        1,
        4.845,
        0,
        5.267,
        0,
        1,
        5.656,
        0,
        6.044,
        0.9,
        6.433,
        0.9,
        1,
        6.866,
        0.9,
        7.3,
        0,
        7.733,
        0,
        2,
        8.333,
        0
      ]
    },
    {
      "Target": "Parameter",
      "Id": "piaodaijiaodu",
      "Segments": [
        0,
        0,
        1,
        0.167,
        0,
        0.333,
        -1,
        0.5,
        -1,
        1,
        0.722,
        -1,
        0.945,
        0.5,
        1.167,
        0.5,
        1,
        1.767,
        0.5,
        2.367,
        -1,
        2.967,
        -1,
        1,
        3.711,
        -1,
        4.456,
        1,
        5.2,
        1,
        1,
        5.9,
        1,
        6.6,
        -1,
        7.3,
        -1,
        1,
        7.644,
        -1,
        7.989,
        0,
        8.333,
        0
      ]
    },
    {
      "Target": "Parameter",
      "Id": "piaodaibianxing",
      "Segments": [
        0,
        0,
        1,
        0.633,
        0,
        1.267,
        1,
        1.9,
        1,
        1,
        2.589,
        1,
        3.278,
        -1,
        3.967,
        -1,
        1,
        4.756,
        -1,
        5.544,
        1,
        6.333,
        1,
        1,
        7,
        1,
        7.666,
        0,
        8.333,
        0
      ]
    },
    {
      "Target": "Parameter",
      "Id": "houfa1jiaodu",
      "Segments": [
        0,
        0,
        1,
        0.456,
        0,
        0.911,
        0.3,
        1.367,
        0.3,
        1,
        2.267,
        0.3,
        3.167,
        -0.3,
        4.067,
        -0.3,
        1,
        5.111,
        -0.3,
        6.156,
        0.106,
        7.2,
        0.106,
        1,
        7.578,
        0.106,
        7.955,
        0,
        8.333,
        0
      ]
    },
    {
      "Target": "Parameter",
      "Id": "houfa1bianxin",
      "Segments": [
        0,
        0,
        1,
        0.456,
        0,
        0.911,
        -0.2,
        1.367,
        -0.2,
        1,
        1.822,
        -0.2,
        2.278,
        0.4,
        2.733,
        0.4,
        1,
        3.689,
        0.4,
        4.644,
        -0.405,
        5.6,
        -0.405,
        1,
        6.511,
        -0.405,
        7.422,
        0,
        8.333,
        0
      ]
    },
    {
      "Target": "Parameter",
      "Id": "houfa2jiaodu",
      "Segments": [
        0,
        0,
        1,
        0.689,
        0,
        1.378,
        -0.729,
        2.067,
        -0.729,
        1,
        3.011,
        -0.729,
        3.956,
        0.424,
        4.9,
        0.424,
        1,
        6.044,
        0.424,
        7.189,
        0,
        8.333,
        0
      ]
    },
    {
      "Target": "Parameter",
      "Id": "houfa2bianxing",
      "Segments": [
        0,
        0,
        1,
        0.278,
        0,
        0.555,
        0.419,
        0.833,
        0.419,
        1,
        1.678,
        0.419,
        2.522,
        -0.721,
        3.367,
        -0.721,
        1,
        4.4,
        -0.721,
        5.434,
        0.266,
        6.467,
        0.266,
        1,
        7.089,
        0.266,
        7.711,
        0,
        8.333,
        0
      ]
    },
    {
      "Target": "Parameter",
      "Id": "houfa3jiaodu",
      "Segments": [
        0,
        0,
        1,
        0.578,
        0,
        1.155,
        0.841,
        1.733,
        0.841,
        1,
        2.389,
        0.841,
        3.044,
        -0.719,
        3.7,
        -0.719,
        1,
        4.367,
        -0.719,
        5.033,
        0.511,
        5.7,
        0.511,
        1,
        6.578,
        0.511,
        7.455,
        0,
        8.333,
        0
      ]
    },
    {
      "Target": "Parameter",
      "Id": "houfa3bianxing",
      "Segments": [
        0,
        0,
        1,
        0.311,
        0,
        0.622,
        -0.75,
        0.933,
        -0.75,
        1,
        1.544,
        -0.75,
        2.156,
        0.807,
        2.767,
        0.807,
        1,
        3.411,
        0.807,
        4.056,
        -0.517,
        4.7,
        -0.517,
        1,
        5.367,
        -0.517,
        6.033,
        0.545,
        6.7,
        0.545,
        1,
        7.244,
        0.545,
        7.789,
        0,
        8.333,
        0
      ]
    },
    {
      "Target": "Parameter",
      "Id": "houfa4jiaodu",
      "Segments": [
        0,
        0,
        1,
        0.4,
        0,
        0.8,
        -0.51,
        1.2,
        -0.51,
        1,
        1.778,
        -0.51,
        2.355,
        0.296,
        2.933,
        0.296,
        1,
        3.889,
        0.296,
        4.844,
        -0.244,
        5.8,
        -0.244,
        1,
        6.644,
        -0.244,
        7.489,
        0,
        8.333,
        0
      ]
    },
    {
      "Target": "Parameter",
      "Id": "houfa4bianxing",
      "Segments": [
        0,
        0,
        1,
        0.444,
        0,
        0.889,
        -0.312,
        1.333,
        -0.312,
        1,
        2.178,
        -0.312,
        3.022,
        0.287,
        3.867,
        0.287,
        1,
        5.045,
        0.287,
        6.222,
        -0.146,
        7.4,
        -0.146,
        1,
        7.711,
        -0.146,
        8.022,
        0,
        8.333,
        0
      ]
    },
    {
      "Target": "Parameter",
      "Id": "houfa5jiaodu",
      "Segments": [
        0,
        0,
        1,
        0.456,
        0,
        0.911,
        0.645,
        1.367,
        0.645,
        1,
        2.045,
        0.645,
        2.722,
        -0.755,
        3.4,
        -0.755,
        1,
        4.011,
        -0.755,
        4.622,
        0.839,
        5.233,
        0.839,
        1,
        5.878,
        0.839,
        6.522,
        -0.452,
        7.167,
        -0.452,
        1,
        7.556,
        -0.452,
        7.944,
        0,
        8.333,
        0
      ]
    },
    {
      "Target": "Parameter",
      "Id": "houfa5bianxing",
      "Segments": [
        0,
        0,
        1,
        0.278,
        0,
        0.555,
        0.829,
        0.833,
        0.829,
        1,
        1.4,
        0.829,
        1.966,
        -0.874,
        2.533,
        -0.874,
        1,
        3.178,
        -0.874,
        3.822,
        0.628,
        4.467,
        0.628,
        1,
        5,
        0.628,
        5.534,
        -1,
        6.067,
        -1,
        1,
        6.822,
        -1,
        7.578,
        0,
        8.333,
        0
      ]
    },
    {
      "Target": "Parameter",
      "Id": "ParamEyeLSmile",
      "Segments": [
        0,
        0,
        0,
        8.333,
        0
      ]
    },
    {
      "Target": "Parameter",
      "Id": "ParamEyeRSmile",
      "Segments": [
        0,
        0,
        0,
        8.333,
        0
      ]
    },
    {
      "Target": "Parameter",
      "Id": "mudaxiao",
      "Segments": [
        0,
        0,
        0,
        8.333,
        0
      ]
    },
    {
      "Target": "Parameter",
      "Id": "gaoguangqiehuang",
      "Segments": [
        0,
        0,
        0,
        8.333,
        0
      ]
    },
    {
      "Target": "Parameter",
      "Id": "ParamMouthOpenY",
      "Segments": [
        0,
        0,
        0,
        8.333,
        0
      ]
    },
    {
      "Target": "Parameter",
      "Id": "koudaxiao",
      "Segments": [
        0,
        0,
        0,
        8.333,
        0
      ]
    },
    {
      "Target": "Parameter",
      "Id": "kouqiehuan",
      "Segments": [
        0,
        0,
        0,
        8.333,
        0
      ]
    },
    {
      "Target": "Parameter",
      "Id": "CZDH",
      "Segments": [
        0,
        0,
        0,
        8.333,
        0
      ]
    },
    {
      "Target": "Parameter",
      "Id": "ParamBodyAngleY1",
      "Segments": [
        0,
        0,
        0,
        8.333,
        0
      ]
    },
    {
      "Target": "Parameter",
      "Id": "ZXZY",
      "Segments": [
        0,
        0,
        0,
        8.333,
        0
      ]
    },
    {
      "Target": "Parameter",
      "Id": "YXZY",
      "Segments": [
        0,
        0,
        0,
        8.333,
        0
      ]
    },
    {
      "Target": "Parameter",
      "Id": "zuobitc",
      "Segments": [
        0,
        0,
        0,
        8.333,
        0
      ]
    },
    {
      "Target": "Parameter",
      "Id": "ZSQH",
      "Segments": [
        0,
        0,
        0,
        8.333,
        0
      ]
    },
    {
      "Target": "Parameter",
      "Id": "zuoshou2",
      "Segments": [
        0,
        0,
        0,
        8.333,
        0
      ]
    },
    {
      "Target": "Parameter",
      "Id": "zuoshou3",
      "Segments": [
        0,
        0,
        0,
        8.333,
        0
      ]
    },
    {
      "Target": "Parameter",
      "Id": "zuoshou4",
      "Segments": [
        0,
        0,
        0,
        8.333,
        0
      ]
    },
    {
      "Target": "Parameter",
      "Id": "zuoshou5",
      "Segments": [
        0,
        0,
        0,
        8.333,
        0
      ]
    },
    {
      "Target": "Parameter",
      "Id": "ZBTS",
      "Segments": [
        0,
        0,
        0,
        8.333,
        0
      ]
    },
    {
      "Target": "Parameter",
      "Id": "zsz5",
      "Segments": [
        0,
        0,
        0,
        8.333,
        0
      ]
    },
    {
      "Target": "Parameter",
      "Id": "YBXZ",
      "Segments": [
        0,
        0,
        0,
        8.333,
        0
      ]
    },
    {
      "Target": "Parameter",
      "Id": "YXBQH",
      "Segments": [
        0,
        0,
        0,
        8.333,
        0
      ]
    },
    {
      "Target": "Parameter",
      "Id": "BTYBZY",
      "Segments": [
        0,
        0,
        0,
        8.333,
        0
      ]
    },
    {
      "Target": "Parameter",
      "Id": "BTYBSX",
      "Segments": [
        0,
        0,
        0,
        8.333,
        0
      ]
    },
    {
      "Target": "Parameter",
      "Id": "BTYBJD",
      "Segments": [
        0,
        0,
        0,
        8.333,
        0
      ]
    },
    {
      "Target": "Parameter",
      "Id": "YXBX",
      "Segments": [
        0,
        0,
        0,
        8.333,
        0
      ]
    },
    {
      "Target": "Parameter",
      "Id": "YSZTC",
      "Segments": [
        0,
        0,
        0,
        8.333,
        0
      ]
    },
    {
      "Target": "Parameter",
      "Id": "ZXTXZ",
      "Segments": [
        0,
        0,
        0,
        8.333,
        0
      ]
    },
    {
      "Target": "Parameter",
      "Id": "ZTXQM",
      "Segments": [
        0,
        0,
        0,
        8.333,
        0
      ]
    },
    {
      "Target": "Parameter",
      "Id": "zuojiaoTX",
      "Segments": [
        0,
        1,
        0,
        8.333,
        1
      ]
    },
    {
      "Target": "Parameter",
      "Id": "zuotuoxieQH",
      "Segments": [
        0,
        0,
        0,
        8.333,
        0
      ]
    },
    {
      "Target": "Parameter",
      "Id": "ZTXX",
      "Segments": [
        0,
        0,
        0,
        8.333,
        0
      ]
    },
    {
      "Target": "Parameter",
      "Id": "ZTXY",
      "Segments": [
        0,
        0,
        0,
        8.333,
        0
      ]
    },
    {
      "Target": "Parameter",
      "Id": "ZTXJD",
      "Segments": [
        0,
        0,
        0,
        8.333,
        0
      ]
    },
    {
      "Target": "Parameter",
      "Id": "YXTXZ",
      "Segments": [
        0,
        0,
        0,
        8.333,
        0
      ]
    },
    {
      "Target": "Parameter",
      "Id": "ZXtuodong",
      "Segments": [
        0,
        0,
        0,
        8.333,
        0
      ]
    },
    {
      "Target": "Parameter",
      "Id": "TTQDYK",
      "Segments": [
        0,
        0,
        0,
        8.333,
        0
      ]
    },
    {
      "Target": "Parameter",
      "Id": "TTQqiehuan",
      "Segments": [
        0,
        0,
        0,
        8.333,
        0
      ]
    },
    {
      "Target": "Parameter",
      "Id": "TTQZY",
      "Segments": [
        0,
        -10,
        0,
        8.333,
        -10
      ]
    },
    {
      "Target": "Parameter",
      "Id": "TTQSX",
      "Segments": [
        0,
        0,
        0,
        8.333,
        0
      ]
    },
    {
      "Target": "Parameter",
      "Id": "TTQJD",
      "Segments": [
        0,
        0,
        0,
        8.333,
        0
      ]
    },
    {
      "Target": "Parameter",
      "Id": "TTQYC",
      "Segments": [
        0,
        0,
        0,
        8.333,
        0
      ]
    },
    {
      "Target": "Parameter",
      "Id": "GYJS",
      "Segments": [
        0,
        0,
        0,
        8.333,
        0
      ]
    },
    {
      "Target": "Parameter",
      "Id": "GYHZ",
      "Segments": [
        0,
        0,
        0,
        8.333,
        0
      ]
    },
    {
      "Target": "Parameter",
      "Id": "GYDX",
      "Segments": [
        0,
        0,
        0,
        8.333,
        0
      ]
    },
    {
      "Target": "Parameter",
      "Id": "GYZUOYOU",
      "Segments": [
        0,
        0,
        0,
        8.333,
        0
      ]
    },
    {
      "Target": "Parameter",
      "Id": "GYSHANGXIA",
      "Segments": [
        0,
        0,
        0,
        8.333,
        0
      ]
    },
    {
      "Target": "Parameter",
      "Id": "guangyunZQ",
      "Segments": [
        0,
        0,
        0,
        8.333,
        0
      ]
    },
    {
      "Target": "Parameter",
      "Id": "GYTMD",
      "Segments": [
        0,
        0,
        0,
        8.333,
        0
      ]
    },
    {
      "Target": "Parameter",
      "Id": "ParamBodyAngleY",
      "Segments": [
        0,
        0,
        0,
        8.333,
        0
      ]
    },
    {
      "Target": "Parameter",
      "Id": "YYjiashen",
      "Segments": [
        0,
        0,
        0,
        8.333,
        0
      ]
    },
    {
      "Target": "Parameter",
      "Id": "TYYTMD",
      "Segments": [
        0,
        1,
        0,
        8.333,
        1
      ]
    },
    {
      "Target": "Parameter",
      "Id": "zongti",
      "Segments": [
        0,
        0,
        0,
        8.333,
        0
      ]
    },
    {
      "Target": "Parameter",
      "Id": "zuodatuiBX",
      "Segments": [
        0,
        0,
        0,
        8.333,
        0
      ]
    },
    {
      "Target": "Parameter",
      "Id": "youdatuiBX",
      "Segments": [
        0,
        0,
        0,
        8.333,
        0
      ]
    },
    {
      "Target": "Parameter",
      "Id": "chizuiba",
      "Segments": [
        0,
        0,
        0,
        8.333,
        0
      ]
    },
    {
      "Target": "Parameter",
      "Id": "oupaijiya",
      "Segments": [
        0,
        0,
        0,
        8.333,
        0
      ]
    },
    {
      "Target": "2935860712",
      "Id": "2935860712",
      "Segments": [
        0,
        1,
        0,
        8.333,
        1
      ]
    }
  ],
  "UserData": [
    {
      "Time": 7.833,
      "Value": ""
    }
  ]
}