{
  "Version": 3,
  "Meta": {
    "Duration": 6.0,
    "Fps": 30.0,
    "Loop": false,
    "AreBeziersRestricted": true,
    "CurveCount": 153,
    "TotalSegmentCount": 586,
    "TotalPointCount": 1629,
    "UserDataCount": 1,
    "TotalUserDataSize": 0
  },
  "Curves": [
    {
      "Target": "Model",
      "Id": "LipSync",
      "Segments": [
        0,
        0,
        2,
        0.067,
        0,
        1,
        0.089,
        0,
        0.111,
        0.69,
        0.133,
        0.69,
        1,
        0.155,
        0.69,
        0.178,
        0.188,
        0.2,
        0.188,
        1,
        0.289,
        0.188,
        0.378,
        0.918,
        0.467,
        0.918,
        1,
        0.489,
        0.918,
        0.511,
        0.11,
        0.533,
        0.11,
        1,
        0.555,
        0.11,
        0.578,
        0.988,
        0.6,
        0.988,
        1,
        0.622,
        0.988,
        0.645,
        0.051,
        0.667,
        0.051,
        1,
        0.734,
        0.051,
        0.8,
        0.89,
        0.867,
        0.89,
        1,
        0.889,
        0.89,
        0.911,
        0.792,
        0.933,
        0.792,
        1,
        0.955,
        0.792,
        0.978,
        0.996,
        1,
        0.996,
        1,
        1.044,
        0.996,
        1.089,
        0.51,
        1.133,
        0.51,
        1,
        1.178,
        0.51,
        1.222,
        0.792,
        1.267,
        0.792,
        1,
        1.289,
        0.792,
        1.311,
        0.012,
        1.333,
        0.012,
        1,
        1.355,
        0.012,
        1.378,
        0.984,
        1.4,
        0.984,
        1,
        1.467,
        0.984,
        1.533,
        0.114,
        1.6,
        0.114,
        1,
        1.622,
        0.114,
        1.645,
        0.98,
        1.667,
        0.98,
        1,
        1.689,
        0.98,
        1.711,
        0.192,
        1.733,
        0.192,
        1,
        1.822,
        0.192,
        1.911,
        0.773,
        2,
        0.773,
        1,
        2.089,
        0.773,
        2.178,
        0,
        2.267,
        0,
        2,
        3,
        0,
        1,
        3.044,
        0,
        3.089,
        0.898,
        3.133,
        0.898,
        1,
        3.155,
        0.898,
        3.178,
        0.075,
        3.2,
        0.075,
        1,
        3.222,
        0.075,
        3.245,
        0.937,
        3.267,
        0.937,
        1,
        3.289,
        0.937,
        3.311,
        0.855,
        3.333,
        0.855,
        1,
        3.355,
        0.855,
        3.378,
        0.933,
        3.4,
        0.933,
        1,
        3.422,
        0.933,
        3.445,
        0.196,
        3.467,
        0.196,
        1,
        3.489,
        0.196,
        3.511,
        0.741,
        3.533,
        0.741,
        1,
        3.622,
        0.741,
        3.711,
        0.176,
        3.8,
        0.176,
        1,
        3.822,
        0.176,
        3.845,
        0.518,
        3.867,
        0.518,
        1,
        3.889,
        0.518,
        3.911,
        0.008,
        3.933,
        0.008,
        1,
        3.955,
        0.008,
        3.978,
        0.831,
        4,
        0.831,
        1,
        4.022,
        0.831,
        4.045,
        0.427,
        4.067,
        0.427,
        1,
        4.089,
        0.427,
        4.111,
        0.796,
        4.133,
        0.796,
        1,
        4.311,
        0.796,
        4.489,
        0,
        4.667,
        0,
        2,
        5.333,
        0,
        2,
        6,
        0
      ]
    },
    {
      "Target": "Parameter",
      "Id": "ParamAngleX",
      "Segments": [
        0,
        0,
        2,
        0.633,
        0,
        1,
        0.755,
        0,
        0.878,
        -7.893,
        1,
        -9,
        1,
        1.211,
        -10.912,
        1.422,
        -11,
        1.633,
        -11,
        1,
        1.922,
        -11,
        2.211,
        -5,
        2.5,
        -5,
        1,
        2.822,
        -5,
        3.145,
        -8.1,
        3.467,
        -8.1,
        1,
        3.978,
        -8.1,
        4.489,
        0,
        5,
        0,
        2,
        6,
        0
      ]
    },
    {
      "Target": "Parameter",
      "Id": "ParamAngleY",
      "Segments": [
        0,
        0,
        1,
        0.333,
        0,
        0.667,
        -16,
        1,
        -16,
        1,
        1.822,
        -16,
        2.645,
        -16.052,
        3.467,
        -14.4,
        1,
        3.978,
        -13.373,
        4.489,
        0,
        5,
        0,
        2,
        6,
        0
      ]
    },
    {
      "Target": "Parameter",
      "Id": "ParamAngleZ",
      "Segments": [
        0,
        0,
        1,
        0.333,
        0,
        0.667,
        -16,
        1,
        -16,
        1,
        2.667,
        -16,
        4.333,
        0,
        6,
        0
      ]
    },
    {
      "Target": "Parameter",
      "Id": "boziqumian",
      "Segments": [
        0,
        0,
        1,
        0.333,
        0,
        0.667,
        -7,
        1,
        -7,
        1,
        2.667,
        -7,
        4.333,
        0,
        6,
        0
      ]
    },
    {
      "Target": "Parameter",
      "Id": "ParamEyeLOpen",
      "Segments": [
        0,
        1,
        2,
        0.767,
        1,
        1,
        0.845,
        1,
        0.922,
        0,
        1,
        0,
        1,
        1.1,
        0,
        1.2,
        0.5,
        1.3,
        0.5,
        2,
        1.667,
        0.5,
        1,
        1.734,
        0.5,
        1.8,
        0,
        1.867,
        0,
        1,
        1.978,
        0,
        2.089,
        0.5,
        2.2,
        0.5,
        2,
        3.567,
        0.5,
        1,
        3.634,
        0.5,
        3.7,
        0,
        3.767,
        0,
        1,
        3.878,
        0,
        3.989,
        1,
        4.1,
        1,
        2,
        6,
        1
      ]
    },
    {
      "Target": "Parameter",
      "Id": "ParamEyeROpen",
      "Segments": [
        0,
        1,
        2,
        0.767,
        1,
        1,
        0.845,
        1,
        0.922,
        0,
        1,
        0,
        1,
        1.1,
        0,
        1.2,
        0.5,
        1.3,
        0.5,
        2,
        1.667,
        0.5,
        1,
        1.734,
        0.5,
        1.8,
        0,
        1.867,
        0,
        1,
        1.978,
        0,
        2.089,
        0.5,
        2.2,
        0.5,
        2,
        3.567,
        0.5,
        1,
        3.634,
        0.5,
        3.7,
        0,
        3.767,
        0,
        1,
        3.878,
        0,
        3.989,
        1,
        4.1,
        1,
        2,
        6,
        1
      ]
    },
    {
      "Target": "Parameter",
      "Id": "ParamEyeBallX",
      "Segments": [
        0,
        0,
        2,
        1,
        0,
        1,
        1.1,
        0,
        1.2,
        -1,
        1.3,
        -1,
        2,
        1.867,
        -1,
        1,
        1.978,
        -1,
        2.089,
        1,
        2.2,
        1,
        2,
        3.767,
        1,
        1,
        3.878,
        1,
        3.989,
        0,
        4.1,
        0,
        2,
        6,
        0
      ]
    },
    {
      "Target": "Parameter",
      "Id": "ParamEyeBallY",
      "Segments": [
        0,
        0,
        1,
        0.433,
        0,
        0.867,
        -0.582,
        1.3,
        -0.9,
        1,
        1.489,
        -1.039,
        1.678,
        -1,
        1.867,
        -1,
        2,
        2.2,
        -1,
        2,
        3.767,
        -1,
        1,
        3.878,
        -1,
        3.989,
        0,
        4.1,
        0,
        2,
        6,
        0
      ]
    },
    {
      "Target": "Parameter",
      "Id": "TKDX",
      "Segments": [
        0,
        0,
        2,
        0.767,
        0,
        1,
        0.845,
        0,
        0.922,
        1,
        1,
        1,
        1,
        1.1,
        1,
        1.2,
        -1,
        1.3,
        -1,
        1,
        1.489,
        -1,
        1.678,
        1,
        1.867,
        1,
        1,
        1.978,
        1,
        2.089,
        -1,
        2.2,
        -1,
        1,
        2.289,
        -1,
        2.378,
        0.303,
        2.467,
        0.4,
        1,
        2.9,
        0.873,
        3.334,
        1,
        3.767,
        1,
        1,
        3.878,
        1,
        3.989,
        -1,
        4.1,
        -1,
        1,
        4.178,
        -1,
        4.255,
        0.3,
        4.333,
        0.3,
        1,
        4.422,
        0.3,
        4.511,
        0,
        4.6,
        0,
        2,
        6,
        0
      ]
    },
    {
      "Target": "Parameter",
      "Id": "GGDONGHUA",
      "Segments": [
        0,
        0,
        1,
        0.167,
        0,
        0.333,
        1,
        0.5,
        1,
        1,
        0.667,
        1,
        0.833,
        0,
        1,
        0,
        1,
        1.067,
        0,
        1.133,
        1,
        1.2,
        1,
        1,
        1.256,
        1,
        1.311,
        0,
        1.367,
        0,
        1,
        1.434,
        0,
        1.5,
        0.798,
        1.567,
        0.798,
        1,
        1.611,
        0.798,
        1.656,
        0,
        1.7,
        0,
        1,
        1.767,
        0,
        1.833,
        0.551,
        1.9,
        0.551,
        1,
        1.956,
        0.551,
        2.011,
        0,
        2.067,
        0,
        2,
        2.2,
        0,
        1,
        2.267,
        0,
        2.333,
        1,
        2.4,
        1,
        1,
        2.456,
        1,
        2.511,
        0,
        2.567,
        0,
        1,
        2.634,
        0,
        2.7,
        0.798,
        2.767,
        0.798,
        1,
        2.811,
        0.798,
        2.856,
        0,
        2.9,
        0,
        1,
        2.967,
        0,
        3.033,
        0.551,
        3.1,
        0.551,
        1,
        3.156,
        0.551,
        3.211,
        0,
        3.267,
        0,
        2,
        3.767,
        0,
        1,
        3.834,
        0,
        3.9,
        1,
        3.967,
        1,
        1,
        4.022,
        1,
        4.078,
        0,
        4.133,
        0,
        1,
        4.2,
        0,
        4.266,
        0.798,
        4.333,
        0.798,
        1,
        4.378,
        0.798,
        4.422,
        0,
        4.467,
        0,
        1,
        4.534,
        0,
        4.6,
        0.551,
        4.667,
        0.551,
        1,
        4.722,
        0.551,
        4.778,
        0,
        4.833,
        0,
        1,
        5.044,
        0,
        5.256,
        1,
        5.467,
        1,
        1,
        5.645,
        1,
        5.822,
        0,
        6,
        0
      ]
    },
    {
      "Target": "Parameter",
      "Id": "erhuanYB",
      "Segments": [
        0,
        0,
        1,
        0.244,
        0,
        0.489,
        -0.8,
        0.733,
        -0.8,
        1,
        0.978,
        -0.8,
        1.222,
        -0.6,
        1.467,
        -0.6,
        1,
        1.734,
        -0.6,
        2,
        -0.9,
        2.267,
        -0.9,
        1,
        2.534,
        -0.9,
        2.8,
        -0.3,
        3.067,
        -0.3,
        1,
        3.334,
        -0.3,
        3.6,
        -0.6,
        3.867,
        -0.6,
        1,
        4.134,
        -0.6,
        4.4,
        0,
        4.667,
        0,
        1,
        4.922,
        0,
        5.178,
        -0.2,
        5.433,
        -0.2,
        1,
        5.622,
        -0.2,
        5.811,
        0,
        6,
        0
      ]
    },
    {
      "Target": "Parameter",
      "Id": "ParamBrowLY",
      "Segments": [
        0,
        0,
        1,
        0.256,
        0,
        0.511,
        0.2,
        0.767,
        0.2,
        1,
        0.845,
        0.2,
        0.922,
        -1,
        1,
        -1,
        1,
        1.1,
        -1,
        1.2,
        0,
        1.3,
        0,
        2,
        1.667,
        0,
        1,
        1.734,
        0,
        1.8,
        -1,
        1.867,
        -1,
        1,
        1.978,
        -1,
        2.089,
        0,
        2.2,
        0,
        2,
        3.567,
        0,
        1,
        3.634,
        0,
        3.7,
        -1,
        3.767,
        -1,
        1,
        3.878,
        -1,
        3.989,
        0.6,
        4.1,
        0.6,
        1,
        4.289,
        0.6,
        4.478,
        0,
        4.667,
        0,
        2,
        6,
        0
      ]
    },
    {
      "Target": "Parameter",
      "Id": "ParamBrowRY",
      "Segments": [
        0,
        0,
        1,
        0.256,
        0,
        0.511,
        0.2,
        0.767,
        0.2,
        1,
        0.845,
        0.2,
        0.922,
        -1,
        1,
        -1,
        1,
        1.1,
        -1,
        1.2,
        0,
        1.3,
        0,
        2,
        1.667,
        0,
        1,
        1.734,
        0,
        1.8,
        -1,
        1.867,
        -1,
        1,
        1.978,
        -1,
        2.089,
        0,
        2.2,
        0,
        2,
        3.567,
        0,
        1,
        3.634,
        0,
        3.7,
        -1,
        3.767,
        -1,
        1,
        3.878,
        -1,
        3.989,
        0.6,
        4.1,
        0.6,
        1,
        4.289,
        0.6,
        4.478,
        0,
        4.667,
        0,
        2,
        6,
        0
      ]
    },
    {
      "Target": "Parameter",
      "Id": "xiashenX",
      "Segments": [
        0,
        0,
        1,
        0.289,
        0,
        0.578,
        1,
        0.867,
        1,
        1,
        1.389,
        1,
        1.911,
        -1,
        2.433,
        -1,
        1,
        3.233,
        -1,
        4.033,
        1,
        4.833,
        1,
        1,
        5.222,
        1,
        5.611,
        0,
        6,
        0
      ]
    },
    {
      "Target": "Parameter",
      "Id": "XIASHENY",
      "Segments": [
        0,
        0,
        1,
        0.333,
        0,
        0.667,
        -1,
        1,
        -1,
        1,
        1.444,
        -1,
        1.889,
        1,
        2.333,
        1,
        1,
        2.789,
        1,
        3.244,
        -0.1,
        3.7,
        -0.1,
        1,
        4.078,
        -0.1,
        4.455,
        0.4,
        4.833,
        0.4,
        1,
        5.222,
        0.4,
        5.611,
        0,
        6,
        0
      ]
    },
    {
      "Target": "Parameter",
      "Id": "ParamBodyAngleZ",
      "Segments": [
        0,
        0,
        2,
        0.5,
        0,
        1,
        0.878,
        0,
        1.255,
        5,
        1.633,
        5,
        1,
        2.344,
        5,
        3.056,
        -2,
        3.767,
        -2,
        1,
        4.511,
        -2,
        5.256,
        0,
        6,
        0
      ]
    },
    {
      "Target": "Parameter",
      "Id": "XSX",
      "Segments": [
        0,
        0,
        0,
        6,
        0.008
      ]
    },
    {
      "Target": "Parameter",
      "Id": "XDYB",
      "Segments": [
        0,
        -0.002,
        1,
        0.222,
        -0.002,
        0.445,
        -0.439,
        0.667,
        -0.439,
        1,
        0.989,
        -0.439,
        1.311,
        0.258,
        1.633,
        0.258,
        1,
        1.978,
        0.258,
        2.322,
        -0.369,
        2.667,
        -0.369,
        1,
        3.022,
        -0.369,
        3.378,
        0.286,
        3.733,
        0.286,
        1,
        4.1,
        0.286,
        4.466,
        -0.296,
        4.833,
        -0.296,
        1,
        5.066,
        -0.296,
        5.3,
        0.211,
        5.533,
        0.211,
        1,
        5.689,
        0.211,
        5.844,
        -0.002,
        6,
        -0.002
      ]
    },
    {
      "Target": "Parameter",
      "Id": "XDBX",
      "Segments": [
        0,
        0,
        2,
        0.533,
        0,
        1,
        0.644,
        0,
        0.756,
        0.19,
        0.867,
        0.19,
        1,
        1.189,
        0.19,
        1.511,
        -0.075,
        1.833,
        -0.075,
        1,
        1.933,
        -0.075,
        2.033,
        -0.05,
        2.133,
        -0.05,
        1,
        2.266,
        -0.05,
        2.4,
        -0.072,
        2.533,
        -0.072,
        1,
        2.989,
        -0.072,
        3.444,
        0.03,
        3.9,
        0.03,
        1,
        4.011,
        0.03,
        4.122,
        0.009,
        4.233,
        0.009,
        1,
        4.378,
        0.009,
        4.522,
        0.021,
        4.667,
        0.021,
        1,
        5.111,
        0.021,
        5.556,
        -0.027,
        6,
        -0.027
      ]
    },
    {
      "Target": "Parameter",
      "Id": "ZXZY",
      "Segments": [
        0,
        0,
        0,
        6,
        0.008
      ]
    },
    {
      "Target": "Parameter",
      "Id": "ZXSBX",
      "Segments": [
        0,
        0,
        1,
        0.256,
        0,
        0.511,
        1,
        0.767,
        1,
        1,
        1.011,
        1,
        1.256,
        0.682,
        1.5,
        0,
        1,
        1.733,
        -0.651,
        1.967,
        -1,
        2.2,
        -1,
        1,
        2.467,
        -1,
        2.733,
        -0.681,
        3,
        0,
        1,
        3.256,
        0.652,
        3.511,
        1,
        3.767,
        1,
        1,
        4.011,
        1,
        4.256,
        0.682,
        4.5,
        0,
        1,
        4.733,
        -0.651,
        4.967,
        -1,
        5.2,
        -1,
        1,
        5.467,
        -1,
        5.733,
        0,
        6,
        0
      ]
    },
    {
      "Target": "Parameter",
      "Id": "ZXSDX",
      "Segments": [
        0,
        0,
        1,
        0.256,
        0,
        0.511,
        -0.159,
        0.767,
        -0.5,
        1,
        1.011,
        -0.826,
        1.256,
        -1,
        1.5,
        -1,
        1,
        1.733,
        -1,
        1.967,
        -0.81,
        2.2,
        -0.5,
        1,
        2.467,
        -0.146,
        2.733,
        0,
        3,
        0,
        1,
        3.256,
        0,
        3.511,
        -0.159,
        3.767,
        -0.5,
        1,
        4.011,
        -0.826,
        4.256,
        -1,
        4.5,
        -1,
        1,
        4.733,
        -1,
        4.967,
        -0.81,
        5.2,
        -0.5,
        1,
        5.467,
        -0.146,
        5.733,
        0,
        6,
        0
      ]
    },
    {
      "Target": "Parameter",
      "Id": "YXZY",
      "Segments": [
        0,
        0,
        0,
        6,
        -0.004
      ]
    },
    {
      "Target": "Parameter",
      "Id": "YXSBX",
      "Segments": [
        0,
        0,
        1,
        0.256,
        0,
        0.511,
        0.6,
        0.767,
        0.6,
        1,
        1.011,
        0.6,
        1.256,
        0.505,
        1.5,
        0,
        1,
        1.733,
        -0.482,
        1.967,
        -1,
        2.2,
        -1,
        1,
        2.467,
        -1,
        2.733,
        -0.681,
        3,
        0,
        1,
        3.256,
        0.652,
        3.511,
        1,
        3.767,
        1,
        1,
        4.011,
        1,
        4.256,
        0.517,
        4.5,
        0,
        1,
        4.733,
        -0.494,
        4.967,
        -0.6,
        5.2,
        -0.6,
        1,
        5.467,
        -0.6,
        5.733,
        0,
        6,
        0
      ]
    },
    {
      "Target": "Parameter",
      "Id": "YXSDX",
      "Segments": [
        0,
        0,
        1,
        0.256,
        0,
        0.511,
        -0.317,
        0.767,
        -0.63,
        1,
        1.011,
        -0.929,
        1.256,
        -0.984,
        1.5,
        -0.984,
        1,
        1.733,
        -0.984,
        1.967,
        -0.805,
        2.2,
        -0.5,
        1,
        2.467,
        -0.151,
        2.733,
        0,
        3,
        0,
        1,
        3.256,
        0,
        3.511,
        -0.165,
        3.767,
        -0.5,
        1,
        4.011,
        -0.821,
        4.256,
        -0.984,
        4.5,
        -0.984,
        1,
        4.733,
        -0.984,
        4.967,
        -0.505,
        5.2,
        -0.274,
        1,
        5.467,
        -0.01,
        5.733,
        0,
        6,
        0
      ]
    },
    {
      "Target": "Parameter",
      "Id": "ParamBreath",
      "Segments": [
        0,
        0,
        1,
        0.333,
        0,
        0.667,
        1,
        1,
        1,
        1,
        1.667,
        1,
        2.333,
        0,
        3,
        0,
        1,
        3.333,
        0,
        3.667,
        1,
        4,
        1,
        1,
        4.667,
        1,
        5.333,
        0,
        6,
        0
      ]
    },
    {
      "Target": "Parameter",
      "Id": "ParamHairFront",
      "Segments": [
        0,
        0,
        2,
        0.033,
        0,
        1,
        0.178,
        0,
        0.322,
        0.022,
        0.467,
        0.022,
        1,
        0.545,
        0.022,
        0.622,
        0.013,
        0.7,
        0.013,
        1,
        0.778,
        0.013,
        0.855,
        0.03,
        0.933,
        0.03,
        1,
        1.066,
        0.03,
        1.2,
        -0.005,
        1.333,
        -0.005,
        1,
        1.444,
        -0.005,
        1.556,
        0.004,
        1.667,
        0.004,
        1,
        1.845,
        0.004,
        2.022,
        -0.016,
        2.2,
        -0.016,
        1,
        2.356,
        -0.016,
        2.511,
        -0.008,
        2.667,
        -0.008,
        1,
        2.811,
        -0.008,
        2.956,
        -0.013,
        3.1,
        -0.013,
        1,
        3.256,
        -0.013,
        3.411,
        -0.012,
        3.567,
        -0.012,
        2,
        3.6,
        -0.012,
        1,
        4.089,
        -0.012,
        4.578,
        0.012,
        5.067,
        0.012,
        1,
        5.378,
        0.012,
        5.689,
        -0.005,
        6,
        -0.005
      ]
    },
    {
      "Target": "Parameter",
      "Id": "qianfaBX",
      "Segments": [
        0,
        0,
        2,
        0.667,
        0,
        1,
        0.756,
        0,
        0.844,
        0.095,
        0.933,
        0.095,
        1,
        1.044,
        0.095,
        1.156,
        -0.05,
        1.267,
        -0.05,
        1,
        1.4,
        -0.05,
        1.534,
        0.015,
        1.667,
        0.015,
        1,
        1.789,
        0.015,
        1.911,
        -0.028,
        2.033,
        -0.028,
        1,
        2.233,
        -0.028,
        2.433,
        0.016,
        2.633,
        0.016,
        1,
        3.044,
        0.016,
        3.456,
        -0.012,
        3.867,
        -0.012,
        1,
        4.278,
        -0.012,
        4.689,
        0.008,
        5.1,
        0.008,
        1,
        5.211,
        0.008,
        5.322,
        -0.008,
        5.433,
        -0.008,
        1,
        5.544,
        -0.008,
        5.656,
        0.009,
        5.767,
        0.009,
        1,
        5.834,
        0.009,
        5.9,
        0,
        5.967,
        0,
        2,
        6,
        0
      ]
    },
    {
      "Target": "Parameter",
      "Id": "ParamHairSide",
      "Segments": [
        0,
        0,
        1,
        0.033,
        0,
        0.067,
        0.003,
        0.1,
        0.003,
        1,
        0.244,
        0.003,
        0.389,
        -0.017,
        0.533,
        -0.017,
        1,
        0.7,
        -0.017,
        0.866,
        0.034,
        1.033,
        0.034,
        1,
        1.211,
        0.034,
        1.389,
        0.014,
        1.567,
        0.014,
        1,
        1.622,
        0.014,
        1.678,
        0.015,
        1.733,
        0.015,
        1,
        1.989,
        0.015,
        2.244,
        -0.002,
        2.5,
        -0.002,
        2,
        2.533,
        -0.002,
        1,
        2.889,
        -0.002,
        3.244,
        -0.027,
        3.6,
        -0.027,
        1,
        4.278,
        -0.027,
        4.955,
        0.042,
        5.633,
        0.042,
        1,
        5.755,
        0.042,
        5.878,
        -0.001,
        6,
        -0.001
      ]
    },
    {
      "Target": "Parameter",
      "Id": "ParamHairBack",
      "Segments": [
        0,
        0,
        2,
        0.033,
        0,
        1,
        0.166,
        0,
        0.3,
        -0.012,
        0.433,
        -0.012,
        1,
        0.611,
        -0.012,
        0.789,
        0.014,
        0.967,
        0.014,
        1,
        1.089,
        0.014,
        1.211,
        0.003,
        1.333,
        0.003,
        1,
        1.455,
        0.003,
        1.578,
        0.007,
        1.7,
        0.007,
        1,
        1.9,
        0.007,
        2.1,
        -0.001,
        2.3,
        -0.001,
        1,
        2.378,
        -0.001,
        2.455,
        0,
        2.533,
        0,
        1,
        2.922,
        0,
        3.311,
        -0.009,
        3.7,
        -0.009,
        1,
        4.333,
        -0.009,
        4.967,
        0.015,
        5.6,
        0.015,
        1,
        5.733,
        0.015,
        5.867,
        -0.004,
        6,
        -0.004
      ]
    },
    {
      "Target": "Parameter",
      "Id": "ZSBX",
      "Segments": [
        0,
        0,
        1,
        0.344,
        0,
        0.689,
        -0.4,
        1.033,
        -0.4,
        2,
        4.333,
        -0.4,
        1,
        4.778,
        -0.4,
        5.222,
        0,
        5.667,
        0,
        2,
        6,
        0
      ]
    },
    {
      "Target": "Parameter",
      "Id": "ZXBXZ",
      "Segments": [
        0,
        0,
        1,
        0.344,
        0,
        0.689,
        -7.68,
        1.033,
        -7.68,
        1,
        1.189,
        -7.68,
        1.344,
        -7.395,
        1.5,
        -7.132,
        1,
        1.667,
        -6.85,
        1.833,
        -6.471,
        2,
        -6.46,
        1,
        2.333,
        -6.439,
        2.667,
        -6.44,
        3,
        -6.417,
        1,
        3.244,
        -6.4,
        3.489,
        -6.25,
        3.733,
        -6.25,
        1,
        3.933,
        -6.25,
        4.133,
        -6.4,
        4.333,
        -6.4,
        1,
        4.611,
        -6.4,
        4.889,
        0,
        5.167,
        0,
        2,
        6,
        0
      ]
    },
    {
      "Target": "Parameter",
      "Id": "ZXBX",
      "Segments": [
        0,
        0,
        1,
        0.344,
        0,
        0.689,
        -1,
        1.033,
        -1,
        2,
        4.333,
        -1,
        1,
        4.778,
        -1,
        5.222,
        0,
        5.667,
        0,
        2,
        6,
        0
      ]
    },
    {
      "Target": "Parameter",
      "Id": "ZSXZ",
      "Segments": [
        0,
        0,
        1,
        0.344,
        0,
        0.689,
        0.021,
        1.033,
        0.14,
        1,
        1.189,
        0.194,
        1.344,
        0.357,
        1.5,
        0.541,
        1,
        1.667,
        0.739,
        1.833,
        1,
        2,
        1,
        2,
        3.733,
        1,
        2,
        4.333,
        1,
        1,
        4.389,
        1,
        4.444,
        0.73,
        4.5,
        0.6,
        1,
        4.578,
        0.418,
        4.655,
        0.239,
        4.733,
        0.2,
        1,
        5.044,
        0.043,
        5.356,
        0,
        5.667,
        0,
        2,
        6,
        0
      ]
    },
    {
      "Target": "Parameter",
      "Id": "ZSQH",
      "Segments": [
        0,
        0,
        2,
        0.733,
        0,
        1,
        0.744,
        0,
        0.756,
        1,
        0.767,
        1,
        2,
        4.667,
        1,
        1,
        4.689,
        1,
        4.711,
        0,
        4.733,
        0,
        2,
        5.667,
        0,
        2,
        6,
        0
      ]
    },
    {
      "Target": "Parameter",
      "Id": "zuoshou4",
      "Segments": [
        0,
        0,
        2,
        0.733,
        0,
        1,
        0.744,
        0,
        0.756,
        1,
        0.767,
        1,
        2,
        4.667,
        1,
        1,
        4.689,
        1,
        4.711,
        0,
        4.733,
        0,
        2,
        6,
        0
      ]
    },
    {
      "Target": "Parameter",
      "Id": "ZSZ01",
      "Segments": [
        0,
        0,
        1,
        0.344,
        0,
        0.689,
        -1,
        1.033,
        -1,
        1,
        1.133,
        -1,
        1.233,
        0.593,
        1.333,
        0.6,
        1,
        2.333,
        0.673,
        3.333,
        0.7,
        4.333,
        0.7,
        1,
        4.366,
        0.7,
        4.4,
        -1,
        4.433,
        -1,
        2,
        5.167,
        -1,
        1,
        5.334,
        -1,
        5.5,
        0,
        5.667,
        0,
        2,
        6,
        0
      ]
    },
    {
      "Target": "Parameter",
      "Id": "ZSZ02",
      "Segments": [
        0,
        0,
        1,
        0.344,
        0,
        0.689,
        -1,
        1.033,
        -1,
        1,
        1.133,
        -1,
        1.233,
        0.8,
        1.333,
        0.8,
        1,
        2.333,
        0.8,
        3.333,
        0.769,
        4.333,
        0.7,
        1,
        4.366,
        0.698,
        4.4,
        -1,
        4.433,
        -1,
        2,
        5.167,
        -1,
        1,
        5.334,
        -1,
        5.5,
        0,
        5.667,
        0,
        2,
        6,
        0
      ]
    },
    {
      "Target": "Parameter",
      "Id": "ZSZ03",
      "Segments": [
        0,
        0,
        1,
        0.344,
        0,
        0.689,
        -1,
        1.033,
        -1,
        1,
        1.133,
        -1,
        1.233,
        0.462,
        1.333,
        0.5,
        1,
        1.766,
        0.663,
        2.2,
        0.7,
        2.633,
        0.7,
        1,
        3.2,
        0.7,
        3.766,
        0.641,
        4.333,
        0.5,
        1,
        4.366,
        0.492,
        4.4,
        -1,
        4.433,
        -1,
        2,
        5.167,
        -1,
        1,
        5.334,
        -1,
        5.5,
        0,
        5.667,
        0,
        2,
        6,
        0
      ]
    },
    {
      "Target": "Parameter",
      "Id": "ZSZ04",
      "Segments": [
        0,
        0,
        1,
        0.344,
        0,
        0.689,
        -1,
        1.033,
        -1,
        1,
        1.133,
        -1,
        1.233,
        0.681,
        1.333,
        0.7,
        1,
        1.766,
        0.782,
        2.2,
        0.8,
        2.633,
        0.8,
        1,
        3.2,
        0.8,
        3.766,
        0.714,
        4.333,
        0.508,
        1,
        4.366,
        0.496,
        4.4,
        -1,
        4.433,
        -1,
        2,
        5.167,
        -1,
        1,
        5.334,
        -1,
        5.5,
        0,
        5.667,
        0,
        2,
        6,
        0
      ]
    },
    {
      "Target": "Parameter",
      "Id": "zsz5",
      "Segments": [
        0,
        0,
        1,
        0.344,
        0,
        0.689,
        1,
        1.033,
        1,
        1,
        1.133,
        1,
        1.233,
        0,
        1.333,
        0,
        2,
        6,
        0
      ]
    },
    {
      "Target": "Parameter",
      "Id": "YBXZ",
      "Segments": [
        0,
        0,
        1,
        0.344,
        0,
        0.689,
        5,
        1.033,
        5,
        1,
        2.689,
        5,
        4.344,
        0,
        6,
        0
      ]
    },
    {
      "Target": "Parameter",
      "Id": "YXBXZ",
      "Segments": [
        0,
        0,
        1,
        0.667,
        0,
        1.333,
        -2,
        2,
        -2,
        1,
        3.333,
        -2,
        4.667,
        0,
        6,
        0
      ]
    },
    {
      "Target": "Parameter",
      "Id": "YOUSHOUx",
      "Segments": [
        0,
        0,
        1,
        1,
        0,
        2,
        -1,
        3,
        -1,
        1,
        4,
        -1,
        5,
        0,
        6,
        0
      ]
    },
    {
      "Target": "Parameter",
      "Id": "youshouY",
      "Segments": [
        0,
        0,
        1,
        0.5,
        0,
        1,
        1,
        1.5,
        1,
        1,
        2.333,
        1,
        3.167,
        -1,
        4,
        -1,
        1,
        4.667,
        -1,
        5.333,
        0,
        6,
        0
      ]
    },
    {
      "Target": "Parameter",
      "Id": "YSZ1",
      "Segments": [
        0,
        0,
        1,
        0.5,
        0,
        1,
        -1,
        1.5,
        -1,
        1,
        3,
        -1,
        4.5,
        0,
        6,
        0
      ]
    },
    {
      "Target": "Parameter",
      "Id": "YSZ2",
      "Segments": [
        0,
        0,
        1,
        0.5,
        0,
        1,
        -1,
        1.5,
        -1,
        1,
        3,
        -1,
        4.5,
        0,
        6,
        0
      ]
    },
    {
      "Target": "Parameter",
      "Id": "YSZ3",
      "Segments": [
        0,
        0,
        1,
        0.5,
        0,
        1,
        -1,
        1.5,
        -1,
        1,
        3,
        -1,
        4.5,
        0,
        6,
        0
      ]
    },
    {
      "Target": "Parameter",
      "Id": "YSZ4",
      "Segments": [
        0,
        0,
        1,
        0.333,
        0,
        0.667,
        0.2,
        1,
        0.2,
        1,
        1.167,
        0.2,
        1.333,
        -1,
        1.5,
        -1,
        1,
        2,
        -1,
        2.5,
        -0.371,
        3,
        0.2,
        1,
        3.333,
        0.581,
        3.667,
        0.6,
        4,
        0.6,
        1,
        4.333,
        0.6,
        4.667,
        0.378,
        5,
        0.2,
        1,
        5.333,
        0.022,
        5.667,
        0,
        6,
        0
      ]
    },
    {
      "Target": "Parameter",
      "Id": "YSZ5",
      "Segments": [
        0,
        0,
        1,
        0.167,
        0,
        0.333,
        0.2,
        0.5,
        0.2,
        1,
        0.833,
        0.2,
        1.167,
        -1,
        1.5,
        -1,
        1,
        1.833,
        -1,
        2.167,
        -0.257,
        2.5,
        0.2,
        1,
        3,
        0.886,
        3.5,
        1,
        4,
        1,
        1,
        4.167,
        1,
        4.333,
        0.258,
        4.5,
        0.2,
        1,
        5,
        0.027,
        5.5,
        0,
        6,
        0
      ]
    },
    {
      "Target": "Parameter",
      "Id": "YSSZTC",
      "Segments": [
        0,
        0,
        1,
        0.5,
        0,
        1,
        -1,
        1.5,
        -1,
        1,
        3,
        -1,
        4.5,
        0,
        6,
        0
      ]
    },
    {
      "Target": "Parameter",
      "Id": "ZXTXZ",
      "Segments": [
        0,
        0,
        2,
        1.4,
        0,
        1,
        1.889,
        0,
        2.378,
        5,
        2.867,
        5,
        1,
        3.911,
        5,
        4.956,
        0,
        6,
        0
      ]
    },
    {
      "Target": "Parameter",
      "Id": "ZJXZ",
      "Segments": [
        0,
        0,
        1,
        0.244,
        0,
        0.489,
        -0.4,
        0.733,
        -0.4,
        1,
        1.233,
        -0.4,
        1.733,
        0,
        2.233,
        0,
        1,
        2.944,
        0,
        3.656,
        -0.3,
        4.367,
        -0.3,
        1,
        4.911,
        -0.3,
        5.456,
        0,
        6,
        0
      ]
    },
    {
      "Target": "Parameter",
      "Id": "YJXZ",
      "Segments": [
        0,
        0,
        1,
        0.256,
        0,
        0.511,
        -0.3,
        0.767,
        -0.3,
        1,
        1.5,
        -0.3,
        2.234,
        0,
        2.967,
        0,
        1,
        3.578,
        0,
        4.189,
        -0.4,
        4.8,
        -0.4,
        1,
        5.2,
        -0.4,
        5.6,
        0,
        6,
        0
      ]
    },
    {
      "Target": "Parameter",
      "Id": "shufanye",
      "Segments": [
        0,
        0,
        1,
        0.167,
        0,
        0.333,
        0.5,
        0.5,
        0.5,
        1,
        1.333,
        0.5,
        2.167,
        0,
        3,
        0,
        1,
        3.333,
        0,
        3.667,
        0.3,
        4,
        0.3,
        1,
        4.667,
        0.3,
        5.333,
        0,
        6,
        0
      ]
    },
    {
      "Target": "Parameter",
      "Id": "shuqianPD",
      "Segments": [
        0,
        0,
        1,
        0.333,
        0,
        0.667,
        -1,
        1,
        -1,
        1,
        1.333,
        -1,
        1.667,
        1,
        2,
        1,
        1,
        2.333,
        1,
        2.667,
        -0.581,
        3,
        -0.581,
        1,
        3.333,
        -0.581,
        3.667,
        1,
        4,
        1,
        1,
        4.333,
        1,
        4.667,
        -1,
        5,
        -1,
        1,
        5.333,
        -1,
        5.667,
        0,
        6,
        0
      ]
    },
    {
      "Target": "Parameter",
      "Id": "shiwuhe",
      "Segments": [
        0,
        0,
        1,
        0.333,
        0,
        0.667,
        -1,
        1,
        -1,
        1,
        1.667,
        -1,
        2.333,
        1,
        3,
        1,
        1,
        3.667,
        1,
        4.333,
        -1,
        5,
        -1,
        1,
        5.333,
        -1,
        5.667,
        0,
        6,
        0
      ]
    },
    {
      "Target": "Parameter",
      "Id": "SWHBZ",
      "Segments": [
        0,
        0,
        1,
        0.167,
        0,
        0.333,
        0.277,
        0.5,
        0.277,
        1,
        1,
        0.277,
        1.5,
        -0.381,
        2,
        -0.381,
        1,
        2.667,
        -0.381,
        3.333,
        0.237,
        4,
        0.237,
        1,
        4.5,
        0.237,
        5,
        -0.1,
        5.5,
        -0.1,
        1,
        5.667,
        -0.1,
        5.833,
        0,
        6,
        0
      ]
    },
    {
      "Target": "Parameter",
      "Id": "PCDYB",
      "Segments": [
        0,
        0,
        1,
        0.333,
        0,
        0.667,
        -1,
        1,
        -1,
        1,
        1.333,
        -1,
        1.667,
        1,
        2,
        1,
        1,
        2.511,
        1,
        3.022,
        -1,
        3.533,
        -1,
        1,
        4.078,
        -1,
        4.622,
        1,
        5.167,
        1,
        1,
        5.445,
        1,
        5.722,
        0,
        6,
        0
      ]
    },
    {
      "Target": "Parameter",
      "Id": "PGYYTMD",
      "Segments": [
        0,
        0,
        1,
        0.111,
        0,
        0.222,
        1,
        0.333,
        1,
        2,
        5,
        1,
        1,
        5.333,
        1,
        5.667,
        0,
        6,
        0
      ]
    },
    {
      "Target": "Parameter",
      "Id": "ZXtuodong",
      "Segments": [
        0,
        0,
        2,
        1.333,
        0,
        1,
        1.555,
        0,
        1.778,
        0.507,
        2,
        0.6,
        1,
        2.778,
        0.925,
        3.555,
        1,
        4.333,
        1,
        1,
        4.389,
        1,
        4.444,
        0,
        4.5,
        0,
        1,
        4.556,
        0,
        4.611,
        0.4,
        4.667,
        0.4,
        1,
        4.789,
        0.4,
        4.911,
        0,
        5.033,
        0,
        2,
        6,
        0
      ]
    },
    {
      "Target": "Parameter",
      "Id": "zongxie",
      "Segments": [
        0,
        0,
        1,
        0.633,
        0,
        1.267,
        -1,
        1.9,
        -1,
        1,
        2.711,
        -1,
        3.522,
        1,
        4.333,
        1,
        1,
        4.889,
        1,
        5.444,
        0,
        6,
        0
      ]
    },
    {
      "Target": "Parameter",
      "Id": "zongti",
      "Segments": [
        0,
        0,
        1,
        0.333,
        0,
        0.667,
        1,
        1,
        1,
        1,
        1.667,
        1,
        2.333,
        -1,
        3,
        -1,
        1,
        3.744,
        -1,
        4.489,
        1,
        5.233,
        1,
        1,
        5.489,
        1,
        5.744,
        0,
        6,
        0
      ]
    },
    {
      "Target": "Parameter",
      "Id": "fubu",
      "Segments": [
        0,
        0,
        1,
        0.544,
        0,
        1.089,
        -1,
        1.633,
        -1,
        1,
        2.4,
        -1,
        3.166,
        1,
        3.933,
        1,
        1,
        4.622,
        1,
        5.311,
        0,
        6,
        0
      ]
    },
    {
      "Target": "Parameter",
      "Id": "zuodatuiBX",
      "Segments": [
        0,
        0,
        1,
        0.444,
        0,
        0.889,
        1,
        1.333,
        1,
        1,
        1.844,
        1,
        2.356,
        -1,
        2.867,
        -1,
        1,
        3.389,
        -1,
        3.911,
        1,
        4.433,
        1,
        1,
        4.955,
        1,
        5.478,
        0,
        6,
        0
      ]
    },
    {
      "Target": "Parameter",
      "Id": "youdatuiBX",
      "Segments": [
        0,
        0,
        1,
        0.444,
        0,
        0.889,
        1,
        1.333,
        1,
        1,
        1.844,
        1,
        2.356,
        -1,
        2.867,
        -1,
        1,
        3.389,
        -1,
        3.911,
        1,
        4.433,
        1,
        1,
        4.955,
        1,
        5.478,
        0,
        6,
        0
      ]
    },
    {
      "Target": "Parameter",
      "Id": "MZPDJD",
      "Segments": [
        0,
        0,
        2,
        0.9,
        0,
        1,
        1.233,
        -0.235,
        1.567,
        -0.4,
        1.9,
        -0.4,
        1,
        2.211,
        -0.4,
        2.522,
        -0.304,
        2.833,
        0,
        1,
        3.122,
        0.283,
        3.411,
        0.5,
        3.7,
        0.5,
        1,
        4.033,
        0.5,
        4.367,
        0,
        4.7,
        0,
        2,
        6,
        0
      ]
    },
    {
      "Target": "Parameter",
      "Id": "MZPDBX",
      "Segments": [
        0,
        0,
        1,
        0.3,
        0,
        0.6,
        0.5,
        0.9,
        0.5,
        1,
        1.233,
        0.5,
        1.567,
        0.449,
        1.9,
        0,
        1,
        2.211,
        -0.419,
        2.522,
        -1,
        2.833,
        -1,
        1,
        3.122,
        -1,
        3.411,
        -0.719,
        3.7,
        -0.1,
        1,
        4.033,
        0.614,
        4.367,
        1,
        4.7,
        1,
        1,
        5.133,
        1,
        5.567,
        0,
        6,
        0
      ]
    },
    {
      "Target": "Parameter",
      "Id": "pancizhezou",
      "Segments": [
        0,
        0,
        1,
        0.356,
        0,
        0.711,
        -1,
        1.067,
        -1,
        1,
        1.611,
        -1,
        2.156,
        1,
        2.7,
        1,
        1,
        3.311,
        1,
        3.922,
        -1,
        4.533,
        -1,
        1,
        5.022,
        -1,
        5.511,
        0,
        6,
        0
      ]
    },
    {
      "Target": "Parameter",
      "Id": "toushizhezou",
      "Segments": [
        0,
        0,
        1,
        0.233,
        0,
        0.467,
        -0.686,
        0.7,
        -0.686,
        1,
        1.133,
        -0.686,
        1.567,
        0.642,
        2,
        0.642,
        1,
        2.489,
        0.642,
        2.978,
        -0.686,
        3.467,
        -0.686,
        1,
        3.911,
        -0.686,
        4.356,
        0.642,
        4.8,
        0.642,
        1,
        5.2,
        0.642,
        5.6,
        0,
        6,
        0
      ]
    },
    {
      "Target": "Parameter",
      "Id": "chizuiba",
      "Segments": [
        0,
        0.1,
        0,
        6,
        0
      ]
    },
    {
      "Target": "Parameter",
      "Id": "zongjiaodi",
      "Segments": [
        0,
        0,
        1,
        0.478,
        0,
        0.955,
        -0.129,
        1.433,
        -0.129,
        1,
        2.455,
        -0.129,
        3.478,
        0.105,
        4.5,
        0.105,
        1,
        5,
        0.105,
        5.5,
        0,
        6,
        0
      ]
    },
    {
      "Target": "Parameter",
      "Id": "XSDSX",
      "Segments": [
        0,
        0.001,
        1,
        0.156,
        0.001,
        0.311,
        -0.847,
        0.467,
        -0.847,
        1,
        0.734,
        -0.847,
        1,
        1,
        1.267,
        1,
        1,
        1.511,
        1,
        1.756,
        -0.286,
        2,
        -0.286,
        1,
        2.189,
        -0.286,
        2.378,
        0.564,
        2.567,
        0.564,
        1,
        2.811,
        0.564,
        3.056,
        -0.656,
        3.3,
        -0.656,
        1,
        3.611,
        -0.656,
        3.922,
        0.564,
        4.233,
        0.564,
        1,
        4.378,
        0.564,
        4.522,
        -0.656,
        4.667,
        -0.656,
        1,
        4.778,
        -0.656,
        4.889,
        0.398,
        5,
        0.398,
        1,
        5.1,
        0.398,
        5.2,
        -0.528,
        5.3,
        -0.528,
        1,
        5.533,
        -0.528,
        5.767,
        0,
        6,
        0
      ]
    },
    {
      "Target": "Parameter",
      "Id": "ZBXZ",
      "Segments": [
        0,
        0,
        1,
        0.344,
        0,
        0.689,
        0.16,
        1.033,
        3.012,
        1,
        1.355,
        3.012,
        1.678,
        1.3,
        2,
        1.3,
        2,
        4.333,
        1.3,
        1,
        4.611,
        1.3,
        4.889,
        0,
        5.167,
        0,
        2,
        6,
        0
      ]
    },
    {
      "Target": "Parameter",
      "Id": "jianweizi",
      "Segments": [
        0,
        0,
        1,
        0.333,
        0,
        0.667,
        1,
        1,
        1,
        1,
        1.667,
        0.968,
        2.333,
        0.953,
        3,
        1,
        1,
        4,
        1,
        5,
        0,
        6,
        0
      ]
    },
    {
      "Target": "Parameter",
      "Id": "yifujiaodu",
      "Segments": [
        0,
        0,
        1,
        0.2,
        0,
        0.4,
        0.4,
        0.6,
        0.4,
        1,
        1.044,
        0.4,
        1.489,
        -0.43,
        1.933,
        -0.43,
        1,
        2.389,
        -0.43,
        2.844,
        0.307,
        3.3,
        0.307,
        1,
        3.722,
        0.307,
        4.145,
        -0.268,
        4.567,
        -0.268,
        1,
        5.045,
        -0.268,
        5.522,
        0,
        6,
        0
      ]
    },
    {
      "Target": "Parameter",
      "Id": "yifubianxin",
      "Segments": [
        0,
        0,
        1,
        0.444,
        0,
        0.889,
        1,
        1.333,
        1,
        1,
        1.8,
        1,
        2.266,
        -1,
        2.733,
        -1,
        1,
        3.155,
        -1,
        3.578,
        1,
        4,
        1,
        1,
        4.422,
        1,
        4.845,
        0,
        5.267,
        0,
        2,
        6,
        0
      ]
    },
    {
      "Target": "Parameter",
      "Id": "piaodaijiaodu",
      "Segments": [
        0,
        0,
        1,
        0.167,
        0,
        0.333,
        -1,
        0.5,
        -1,
        1,
        0.756,
        -1,
        1.011,
        0.495,
        1.267,
        0.495,
        1,
        1.978,
        0.495,
        2.689,
        -0.488,
        3.4,
        -0.488,
        1,
        4,
        -0.488,
        4.6,
        1,
        5.2,
        1,
        1,
        5.467,
        1,
        5.733,
        0,
        6,
        0
      ]
    },
    {
      "Target": "Parameter",
      "Id": "piaodaibianxing",
      "Segments": [
        0,
        0,
        1,
        0.567,
        0,
        1.133,
        0.567,
        1.7,
        0.567,
        1,
        2.422,
        0.567,
        3.145,
        -0.671,
        3.867,
        -0.671,
        1,
        4.578,
        -0.671,
        5.289,
        0,
        6,
        0
      ]
    },
    {
      "Target": "Parameter",
      "Id": "houfa1jiaodu",
      "Segments": [
        0,
        0,
        1,
        0.456,
        0,
        0.911,
        0.3,
        1.367,
        0.3,
        1,
        1.822,
        0.3,
        2.278,
        0.116,
        2.733,
        0,
        1,
        3.266,
        -0.136,
        3.8,
        -0.15,
        4.333,
        -0.15,
        1,
        4.889,
        -0.15,
        5.444,
        0,
        6,
        0
      ]
    },
    {
      "Target": "Parameter",
      "Id": "houfa1bianxin",
      "Segments": [
        0,
        0,
        1,
        0.456,
        0,
        0.911,
        -0.2,
        1.367,
        -0.2,
        1,
        2.411,
        -0.2,
        3.456,
        0.213,
        4.5,
        0.213,
        1,
        5,
        0.213,
        5.5,
        0,
        6,
        0
      ]
    },
    {
      "Target": "Parameter",
      "Id": "houfa2jiaodu",
      "Segments": [
        0,
        0,
        1,
        0.678,
        0,
        1.355,
        -1,
        2.033,
        -1,
        1,
        2.478,
        -1,
        2.922,
        -0.099,
        3.367,
        0,
        1,
        3.9,
        0.119,
        4.434,
        0.104,
        4.967,
        0.104,
        1,
        5.311,
        0.104,
        5.656,
        0,
        6,
        0
      ]
    },
    {
      "Target": "Parameter",
      "Id": "houfa2bianxing",
      "Segments": [
        0,
        0,
        1,
        0.3,
        0,
        0.6,
        1,
        0.9,
        1,
        1,
        1.489,
        1,
        2.078,
        0.498,
        2.667,
        0,
        1,
        3.167,
        -0.423,
        3.667,
        -0.488,
        4.167,
        -0.488,
        1,
        4.778,
        -0.488,
        5.389,
        0,
        6,
        0
      ]
    },
    {
      "Target": "Parameter",
      "Id": "houfa3jiaodu",
      "Segments": [
        0,
        0,
        1,
        0.578,
        0,
        1.155,
        1,
        1.733,
        1,
        1,
        2.522,
        1,
        3.311,
        -0.484,
        4.1,
        -0.484,
        1,
        4.733,
        -0.484,
        5.367,
        0,
        6,
        0
      ]
    },
    {
      "Target": "Parameter",
      "Id": "houfa3bianxing",
      "Segments": [
        0,
        0,
        1,
        0.3,
        0,
        0.6,
        -1,
        0.9,
        -1,
        1,
        1.178,
        -1,
        1.455,
        -0.434,
        1.733,
        0,
        1,
        2.078,
        0.538,
        2.422,
        0.629,
        2.767,
        0.629,
        1,
        3.078,
        0.629,
        3.389,
        0.428,
        3.7,
        0,
        1,
        4.022,
        -0.444,
        4.345,
        -0.679,
        4.667,
        -0.679,
        1,
        5.111,
        -0.679,
        5.556,
        0,
        6,
        0
      ]
    },
    {
      "Target": "Parameter",
      "Id": "houfa4jiaodu",
      "Segments": [
        0,
        0,
        1,
        0.411,
        0,
        0.822,
        -1,
        1.233,
        -1,
        1,
        2.344,
        -1,
        3.456,
        0.533,
        4.567,
        0.533,
        1,
        5.045,
        0.533,
        5.522,
        0,
        6,
        0
      ]
    },
    {
      "Target": "Parameter",
      "Id": "houfa4bianxing",
      "Segments": [
        0,
        0,
        1,
        0.411,
        0,
        0.822,
        -1,
        1.233,
        -1,
        1,
        2.355,
        -1,
        3.478,
        0.582,
        4.6,
        0.582,
        1,
        5.067,
        0.582,
        5.533,
        0,
        6,
        0
      ]
    },
    {
      "Target": "Parameter",
      "Id": "houfa5jiaodu",
      "Segments": [
        0,
        0,
        1,
        0.467,
        0,
        0.933,
        0.548,
        1.4,
        0.548,
        1,
        2.044,
        0.548,
        2.689,
        -0.419,
        3.333,
        -0.419,
        1,
        3.844,
        -0.419,
        4.356,
        0.25,
        4.867,
        0.25,
        1,
        5.245,
        0.25,
        5.622,
        0,
        6,
        0
      ]
    },
    {
      "Target": "Parameter",
      "Id": "houfa5bianxing",
      "Segments": [
        0,
        0,
        1,
        0.522,
        0,
        1.045,
        1,
        1.567,
        1,
        1,
        2.167,
        1,
        2.767,
        -0.512,
        3.367,
        -0.512,
        1,
        3.856,
        -0.512,
        4.344,
        0.478,
        4.833,
        0.478,
        1,
        5.222,
        0.478,
        5.611,
        0,
        6,
        0
      ]
    },
    {
      "Target": "Parameter",
      "Id": "ParamEyeLSmile",
      "Segments": [
        0,
        0,
        0,
        6,
        0
      ]
    },
    {
      "Target": "Parameter",
      "Id": "ParamEyeRSmile",
      "Segments": [
        0,
        0,
        0,
        6,
        0
      ]
    },
    {
      "Target": "Parameter",
      "Id": "mudaxiao",
      "Segments": [
        0,
        0,
        0,
        6,
        0
      ]
    },
    {
      "Target": "Parameter",
      "Id": "gaoguangqiehuang",
      "Segments": [
        0,
        0,
        0,
        6,
        0
      ]
    },
    {
      "Target": "Parameter",
      "Id": "ParamBrowLAngle",
      "Segments": [
        0,
        0,
        0,
        6,
        0
      ]
    },
    {
      "Target": "Parameter",
      "Id": "ParamBrowRAngle",
      "Segments": [
        0,
        0,
        0,
        6,
        0
      ]
    },
    {
      "Target": "Parameter",
      "Id": "ParamBrowLForm",
      "Segments": [
        0,
        0,
        0,
        6,
        0
      ]
    },
    {
      "Target": "Parameter",
      "Id": "ParamBrowRForm",
      "Segments": [
        0,
        0,
        0,
        6,
        0
      ]
    },
    {
      "Target": "Parameter",
      "Id": "ParamMouthForm",
      "Segments": [
        0,
        0,
        0,
        6,
        0
      ]
    },
    {
      "Target": "Parameter",
      "Id": "ParamMouthOpenY",
      "Segments": [
        0,
        0,
        0,
        6,
        0
      ]
    },
    {
      "Target": "Parameter",
      "Id": "koudaxiao",
      "Segments": [
        0,
        0,
        0,
        6,
        0
      ]
    },
    {
      "Target": "Parameter",
      "Id": "kouqiehuan",
      "Segments": [
        0,
        0,
        0,
        6,
        0
      ]
    },
    {
      "Target": "Parameter",
      "Id": "CZDH",
      "Segments": [
        0,
        0,
        0,
        6,
        0
      ]
    },
    {
      "Target": "Parameter",
      "Id": "ParamCheek",
      "Segments": [
        0,
        0,
        0,
        6,
        0
      ]
    },
    {
      "Target": "Parameter",
      "Id": "ParamBodyAngleX",
      "Segments": [
        0,
        0,
        0,
        6,
        0
      ]
    },
    {
      "Target": "Parameter",
      "Id": "ParamBodyAngleY1",
      "Segments": [
        0,
        0,
        0,
        6,
        0
      ]
    },
    {
      "Target": "Parameter",
      "Id": "zuobitc",
      "Segments": [
        0,
        0,
        0,
        6,
        0
      ]
    },
    {
      "Target": "Parameter",
      "Id": "zuoshou2",
      "Segments": [
        0,
        0,
        0,
        6,
        0
      ]
    },
    {
      "Target": "Parameter",
      "Id": "zuoshou3",
      "Segments": [
        0,
        0,
        0,
        6,
        0
      ]
    },
    {
      "Target": "Parameter",
      "Id": "zuoshou5",
      "Segments": [
        0,
        0,
        0,
        6,
        0
      ]
    },
    {
      "Target": "Parameter",
      "Id": "ZBTS",
      "Segments": [
        0,
        0,
        0,
        6,
        0
      ]
    },
    {
      "Target": "Parameter",
      "Id": "zuoshouX",
      "Segments": [
        0,
        0,
        0,
        6,
        0
      ]
    },
    {
      "Target": "Parameter",
      "Id": "zuoshouY",
      "Segments": [
        0,
        0,
        0,
        6,
        0
      ]
    },
    {
      "Target": "Parameter",
      "Id": "YXBQH",
      "Segments": [
        0,
        0,
        0,
        6,
        0
      ]
    },
    {
      "Target": "Parameter",
      "Id": "BTYBZY",
      "Segments": [
        0,
        0,
        0,
        6,
        0
      ]
    },
    {
      "Target": "Parameter",
      "Id": "BTYBSX",
      "Segments": [
        0,
        0,
        0,
        6,
        0
      ]
    },
    {
      "Target": "Parameter",
      "Id": "BTYBJD",
      "Segments": [
        0,
        0,
        0,
        6,
        0
      ]
    },
    {
      "Target": "Parameter",
      "Id": "YXBX",
      "Segments": [
        0,
        0,
        0,
        6,
        0
      ]
    },
    {
      "Target": "Parameter",
      "Id": "YSXZ",
      "Segments": [
        0,
        0,
        0,
        6,
        0
      ]
    },
    {
      "Target": "Parameter",
      "Id": "YSZTC",
      "Segments": [
        0,
        0,
        0,
        6,
        0
      ]
    },
    {
      "Target": "Parameter",
      "Id": "ZTXZ",
      "Segments": [
        0,
        0,
        0,
        6,
        0
      ]
    },
    {
      "Target": "Parameter",
      "Id": "ZTXQM",
      "Segments": [
        0,
        0,
        0,
        6,
        0
      ]
    },
    {
      "Target": "Parameter",
      "Id": "zuojiaoTX",
      "Segments": [
        0,
        1,
        0,
        6,
        1
      ]
    },
    {
      "Target": "Parameter",
      "Id": "zuotuoxieQH",
      "Segments": [
        0,
        0,
        0,
        6,
        0
      ]
    },
    {
      "Target": "Parameter",
      "Id": "ZTXX",
      "Segments": [
        0,
        0,
        0,
        6,
        0
      ]
    },
    {
      "Target": "Parameter",
      "Id": "ZTXY",
      "Segments": [
        0,
        0,
        0,
        6,
        0
      ]
    },
    {
      "Target": "Parameter",
      "Id": "ZTXJD",
      "Segments": [
        0,
        0,
        0,
        6,
        0
      ]
    },
    {
      "Target": "Parameter",
      "Id": "YTXZ",
      "Segments": [
        0,
        0,
        0,
        6,
        0
      ]
    },
    {
      "Target": "Parameter",
      "Id": "YXTXZ",
      "Segments": [
        0,
        0,
        0,
        6,
        0
      ]
    },
    {
      "Target": "Parameter",
      "Id": "panciTDX",
      "Segments": [
        0,
        0,
        0,
        6,
        0
      ]
    },
    {
      "Target": "Parameter",
      "Id": "PANCITDY",
      "Segments": [
        0,
        0,
        0,
        6,
        0
      ]
    },
    {
      "Target": "Parameter",
      "Id": "pancirou",
      "Segments": [
        0,
        0,
        0,
        6,
        0
      ]
    },
    {
      "Target": "Parameter",
      "Id": "TTQDYK",
      "Segments": [
        0,
        0,
        0,
        6,
        0
      ]
    },
    {
      "Target": "Parameter",
      "Id": "TTQqiehuan",
      "Segments": [
        0,
        0,
        0,
        6,
        0
      ]
    },
    {
      "Target": "Parameter",
      "Id": "TTQZY",
      "Segments": [
        0,
        -10,
        0,
        6,
        -10
      ]
    },
    {
      "Target": "Parameter",
      "Id": "TTQSX",
      "Segments": [
        0,
        0,
        0,
        6,
        0
      ]
    },
    {
      "Target": "Parameter",
      "Id": "TTQJD",
      "Segments": [
        0,
        0,
        0,
        6,
        0
      ]
    },
    {
      "Target": "Parameter",
      "Id": "TTQYC",
      "Segments": [
        0,
        0,
        0,
        6,
        0
      ]
    },
    {
      "Target": "Parameter",
      "Id": "GYJS",
      "Segments": [
        0,
        0,
        0,
        6,
        0
      ]
    },
    {
      "Target": "Parameter",
      "Id": "GYHZ",
      "Segments": [
        0,
        0,
        0,
        6,
        0
      ]
    },
    {
      "Target": "Parameter",
      "Id": "GYDX",
      "Segments": [
        0,
        0,
        0,
        6,
        0
      ]
    },
    {
      "Target": "Parameter",
      "Id": "GYZUOYOU",
      "Segments": [
        0,
        0,
        0,
        6,
        0
      ]
    },
    {
      "Target": "Parameter",
      "Id": "GYSHANGXIA",
      "Segments": [
        0,
        0,
        0,
        6,
        0
      ]
    },
    {
      "Target": "Parameter",
      "Id": "guangyunZQ",
      "Segments": [
        0,
        0,
        0,
        6,
        0
      ]
    },
    {
      "Target": "Parameter",
      "Id": "GYTMD",
      "Segments": [
        0,
        0,
        0,
        6,
        0
      ]
    },
    {
      "Target": "Parameter",
      "Id": "ParamBodyAngleY",
      "Segments": [
        0,
        0,
        0,
        6,
        0
      ]
    },
    {
      "Target": "Parameter",
      "Id": "YYjiashen",
      "Segments": [
        0,
        0,
        0,
        6,
        0
      ]
    },
    {
      "Target": "Parameter",
      "Id": "TYYTMD",
      "Segments": [
        0,
        1,
        0,
        6,
        1
      ]
    },
    {
      "Target": "Parameter",
      "Id": "zongZY",
      "Segments": [
        0,
        0,
        0,
        6,
        0
      ]
    },
    {
      "Target": "Parameter",
      "Id": "zongSX",
      "Segments": [
        0,
        0,
        0,
        6,
        0
      ]
    },
    {
      "Target": "Parameter",
      "Id": "PGZY",
      "Segments": [
        0,
        0,
        0,
        6,
        0
      ]
    },
    {
      "Target": "Parameter",
      "Id": "oupaijiya",
      "Segments": [
        0,
        0,
        0,
        6,
        0
      ]
    },
    {
      "Target": "2935860712",
      "Id": "2935860712",
      "Segments": [
        0,
        1,
        0,
        6,
        1
      ]
    }
  ],
  "UserData": [
    {
      "Time": 5.5,
      "Value": ""
    }
  ]
}