{
  "Version": 3,
  "Meta": {
    "Duration": 6.0,
    "Fps": 30.0,
    "Loop": false,
    "AreBeziersRestricted": true,
    "CurveCount": 153,
    "TotalSegmentCount": 572,
    "TotalPointCount": 1657,
    "UserDataCount": 1,
    "TotalUserDataSize": 0
  },
  "Curves": [
    {
      "Target": "Model",
      "Id": "LipSync",
      "Segments": [
        0,
        0,
        2,
        0.067,
        0,
        1,
        0.134,
        0,
        0.2,
        0.678,
        0.267,
        0.678,
        1,
        0.334,
        0.678,
        0.4,
        0.29,
        0.467,
        0.29,
        1,
        0.578,
        0.29,
        0.689,
        0.816,
        0.8,
        0.816,
        1,
        0.822,
        0.816,
        0.845,
        0.337,
        0.867,
        0.337,
        1,
        0.889,
        0.337,
        0.911,
        0.376,
        0.933,
        0.376,
        1,
        0.978,
        0.376,
        1.022,
        0.275,
        1.067,
        0.275,
        1,
        1.134,
        0.275,
        1.2,
        0.71,
        1.267,
        0.71,
        1,
        1.4,
        0.71,
        1.534,
        0,
        1.667,
        0,
        2,
        2.333,
        0,
        2,
        6,
        0
      ]
    },
    {
      "Target": "Parameter",
      "Id": "ParamAngleX",
      "Segments": [
        0,
        0,
        1,
        0.5,
        0,
        1,
        30,
        1.5,
        30,
        1,
        3,
        30,
        4.5,
        0,
        6,
        0
      ]
    },
    {
      "Target": "Parameter",
      "Id": "ParamAngleY",
      "Segments": [
        0,
        0,
        1,
        0.5,
        0,
        1,
        -30,
        1.5,
        -30,
        1,
        3,
        -30,
        4.5,
        0,
        6,
        0
      ]
    },
    {
      "Target": "Parameter",
      "Id": "ParamAngleZ",
      "Segments": [
        0,
        0,
        1,
        0.5,
        0,
        1,
        -18,
        1.5,
        -18,
        1,
        3,
        -18,
        4.5,
        0,
        6,
        0
      ]
    },
    {
      "Target": "Parameter",
      "Id": "boziqumian",
      "Segments": [
        0,
        0,
        1,
        0.5,
        0,
        1,
        -3,
        1.5,
        -3,
        1,
        3,
        -3,
        4.5,
        0,
        6,
        0
      ]
    },
    {
      "Target": "Parameter",
      "Id": "ParamEyeLOpen",
      "Segments": [
        0,
        1,
        2,
        0.767,
        1,
        1,
        0.845,
        1,
        0.922,
        0,
        1,
        0,
        1,
        1.133,
        0,
        1.267,
        0.7,
        1.4,
        0.7,
        1,
        1.589,
        0.7,
        1.778,
        0.5,
        1.967,
        0.5,
        2,
        3.733,
        0.5,
        1,
        3.978,
        0.5,
        4.222,
        0.8,
        4.467,
        0.8,
        1,
        4.534,
        0.8,
        4.6,
        0,
        4.667,
        0,
        1,
        4.778,
        0,
        4.889,
        1,
        5,
        1,
        2,
        6,
        1
      ]
    },
    {
      "Target": "Parameter",
      "Id": "ParamEyeROpen",
      "Segments": [
        0,
        1,
        2,
        0.767,
        1,
        1,
        0.845,
        1,
        0.922,
        0,
        1,
        0,
        1,
        1.133,
        0,
        1.267,
        0.7,
        1.4,
        0.7,
        1,
        1.589,
        0.7,
        1.778,
        0.5,
        1.967,
        0.5,
        2,
        3.733,
        0.5,
        1,
        3.978,
        0.5,
        4.222,
        0.8,
        4.467,
        0.8,
        1,
        4.534,
        0.8,
        4.6,
        0,
        4.667,
        0,
        1,
        4.778,
        0,
        4.889,
        1,
        5,
        1,
        2,
        6,
        1
      ]
    },
    {
      "Target": "Parameter",
      "Id": "ParamEyeBallX",
      "Segments": [
        0,
        0,
        2,
        1,
        0,
        1,
        1.133,
        0,
        1.267,
        -1,
        1.4,
        -1,
        1,
        1.411,
        -1,
        1.422,
        -0.959,
        1.433,
        -0.959,
        1,
        1.444,
        -0.959,
        1.456,
        -1,
        1.467,
        -1,
        1,
        1.478,
        -1,
        1.489,
        -0.959,
        1.5,
        -0.959,
        1,
        1.511,
        -0.959,
        1.522,
        -1,
        1.533,
        -1,
        1,
        1.544,
        -1,
        1.556,
        -0.959,
        1.567,
        -0.959,
        1,
        1.578,
        -0.959,
        1.589,
        -1,
        1.6,
        -1,
        1,
        1.611,
        -1,
        1.622,
        -0.959,
        1.633,
        -0.959,
        1,
        1.644,
        -0.959,
        1.656,
        -1,
        1.667,
        -1,
        1,
        1.678,
        -1,
        1.689,
        -0.959,
        1.7,
        -0.959,
        1,
        1.711,
        -0.959,
        1.722,
        -1,
        1.733,
        -1,
        1,
        1.744,
        -1,
        1.756,
        -0.959,
        1.767,
        -0.959,
        1,
        1.778,
        -0.959,
        1.789,
        -1,
        1.8,
        -1,
        2,
        2.1,
        -1,
        1,
        2.111,
        -1,
        2.122,
        -0.947,
        2.133,
        -0.947,
        1,
        2.144,
        -0.947,
        2.156,
        -1,
        2.167,
        -1,
        1,
        2.178,
        -1,
        2.189,
        -0.947,
        2.2,
        -0.947,
        1,
        2.211,
        -0.947,
        2.222,
        -1,
        2.233,
        -1,
        1,
        2.244,
        -1,
        2.256,
        -0.947,
        2.267,
        -0.947,
        1,
        2.278,
        -0.947,
        2.289,
        -1,
        2.3,
        -1,
        1,
        2.311,
        -1,
        2.322,
        -0.947,
        2.333,
        -0.947,
        1,
        2.344,
        -0.947,
        2.356,
        -1,
        2.367,
        -1,
        1,
        2.378,
        -1,
        2.389,
        -0.947,
        2.4,
        -0.947,
        1,
        2.411,
        -0.947,
        2.422,
        -1,
        2.433,
        -1,
        1,
        2.444,
        -1,
        2.456,
        -0.947,
        2.467,
        -0.947,
        1,
        2.478,
        -0.947,
        2.489,
        -1,
        2.5,
        -1,
        1,
        3.667,
        -1,
        4.833,
        0,
        6,
        0
      ]
    },
    {
      "Target": "Parameter",
      "Id": "ParamEyeBallY",
      "Segments": [
        0,
        0,
        1,
        0.467,
        0,
        0.933,
        -0.9,
        1.4,
        -0.9,
        1,
        2.933,
        -0.9,
        4.467,
        0,
        6,
        0
      ]
    },
    {
      "Target": "Parameter",
      "Id": "mudaxiao",
      "Segments": [
        0,
        0,
        2,
        2,
        0,
        1,
        2.133,
        0,
        2.267,
        1,
        2.4,
        1,
        1,
        3.6,
        1,
        4.8,
        0,
        6,
        0
      ]
    },
    {
      "Target": "Parameter",
      "Id": "TKDX",
      "Segments": [
        0,
        0,
        2,
        0.767,
        0,
        1,
        0.845,
        0,
        0.922,
        1,
        1,
        1,
        1,
        1.133,
        1,
        1.267,
        -1,
        1.4,
        -1,
        1,
        1.544,
        -1,
        1.689,
        0.4,
        1.833,
        0.4,
        1,
        2.222,
        0.4,
        2.611,
        -0.3,
        3,
        -0.3,
        1,
        3.556,
        -0.3,
        4.111,
        1,
        4.667,
        1,
        1,
        4.778,
        1,
        4.889,
        -1,
        5,
        -1,
        1,
        5.1,
        -1,
        5.2,
        0.3,
        5.3,
        0.3,
        1,
        5.389,
        0.3,
        5.478,
        0,
        5.567,
        0,
        2,
        6,
        0
      ]
    },
    {
      "Target": "Parameter",
      "Id": "GGDONGHUA",
      "Segments": [
        0,
        0,
        2,
        1.4,
        0,
        1,
        1.5,
        0,
        1.6,
        1,
        1.7,
        1,
        1,
        1.8,
        1,
        1.9,
        0,
        2,
        0,
        1,
        2.1,
        0,
        2.2,
        1,
        2.3,
        1,
        1,
        2.4,
        1,
        2.5,
        0,
        2.6,
        0,
        1,
        2.7,
        0,
        2.8,
        1,
        2.9,
        1,
        1,
        3,
        1,
        3.1,
        0,
        3.2,
        0,
        1,
        3.3,
        0,
        3.4,
        1,
        3.5,
        1,
        1,
        3.6,
        1,
        3.7,
        0,
        3.8,
        0,
        1,
        3.9,
        0,
        4,
        1,
        4.1,
        1,
        1,
        4.2,
        1,
        4.3,
        0,
        4.4,
        0,
        1,
        4.5,
        0,
        4.6,
        1,
        4.7,
        1,
        1,
        4.8,
        1,
        4.9,
        0,
        5,
        0,
        2,
        6,
        0
      ]
    },
    {
      "Target": "Parameter",
      "Id": "erhuanYB",
      "Segments": [
        0,
        0,
        1,
        0.244,
        0,
        0.489,
        -0.532,
        0.733,
        -0.532,
        1,
        0.978,
        -0.532,
        1.222,
        -0.137,
        1.467,
        -0.137,
        1,
        1.734,
        -0.137,
        2,
        -0.7,
        2.267,
        -0.7,
        1,
        2.534,
        -0.7,
        2.8,
        -0.137,
        3.067,
        -0.137,
        1,
        3.334,
        -0.137,
        3.6,
        -0.7,
        3.867,
        -0.7,
        1,
        4.134,
        -0.7,
        4.4,
        -0.137,
        4.667,
        -0.137,
        1,
        4.922,
        -0.137,
        5.178,
        -0.483,
        5.433,
        -0.483,
        1,
        5.622,
        -0.483,
        5.811,
        0,
        6,
        0
      ]
    },
    {
      "Target": "Parameter",
      "Id": "ParamBrowLY",
      "Segments": [
        0,
        0,
        1,
        0.256,
        0,
        0.511,
        0.5,
        0.767,
        0.5,
        1,
        0.845,
        0.5,
        0.922,
        -1,
        1,
        -1,
        2,
        1.4,
        -1,
        1,
        2.422,
        -1,
        3.445,
        0,
        4.467,
        0,
        1,
        4.534,
        0,
        4.6,
        -1,
        4.667,
        -1,
        1,
        4.778,
        -1,
        4.889,
        0.6,
        5,
        0.6,
        1,
        5.333,
        0.6,
        5.667,
        0,
        6,
        0
      ]
    },
    {
      "Target": "Parameter",
      "Id": "ParamBrowRY",
      "Segments": [
        0,
        0,
        1,
        0.256,
        0,
        0.511,
        0.5,
        0.767,
        0.5,
        1,
        0.845,
        0.5,
        0.922,
        -1,
        1,
        -1,
        2,
        1.4,
        -1,
        1,
        2.422,
        -1,
        3.445,
        0,
        4.467,
        0,
        1,
        4.534,
        0,
        4.6,
        -1,
        4.667,
        -1,
        1,
        4.778,
        -1,
        4.889,
        0.6,
        5,
        0.6,
        1,
        5.333,
        0.6,
        5.667,
        0,
        6,
        0
      ]
    },
    {
      "Target": "Parameter",
      "Id": "ParamBrowLForm",
      "Segments": [
        0,
        0,
        2,
        1.067,
        0,
        1,
        1.489,
        0,
        1.911,
        -1,
        2.333,
        -1,
        1,
        3.044,
        -1,
        3.756,
        -0.8,
        4.467,
        -0.8,
        1,
        4.711,
        -0.8,
        4.956,
        0,
        5.2,
        0,
        2,
        6,
        0
      ]
    },
    {
      "Target": "Parameter",
      "Id": "ParamBrowRForm",
      "Segments": [
        0,
        0,
        2,
        1.067,
        0,
        1,
        1.489,
        0,
        1.911,
        -1,
        2.333,
        -1,
        1,
        3.044,
        -1,
        3.756,
        -0.8,
        4.467,
        -0.8,
        1,
        4.711,
        -0.8,
        4.956,
        0,
        5.2,
        0,
        2,
        6,
        0
      ]
    },
    {
      "Target": "Parameter",
      "Id": "ParamMouthForm",
      "Segments": [
        0,
        0,
        1,
        0.222,
        0,
        0.445,
        -0.6,
        0.667,
        -0.6,
        1,
        0.9,
        -0.6,
        1.134,
        0.4,
        1.367,
        0.4,
        1,
        1.667,
        0.4,
        1.967,
        -0.6,
        2.267,
        -0.6,
        1,
        2.578,
        -0.6,
        2.889,
        0.6,
        3.2,
        0.6,
        1,
        3.489,
        0.6,
        3.778,
        -0.6,
        4.067,
        -0.6,
        1,
        4.389,
        -0.6,
        4.711,
        0.8,
        5.033,
        0.8,
        1,
        5.355,
        0.8,
        5.678,
        0,
        6,
        0
      ]
    },
    {
      "Target": "Parameter",
      "Id": "ParamCheek",
      "Segments": [
        0,
        0,
        2,
        1.4,
        0,
        1,
        2.156,
        0,
        2.911,
        0.5,
        3.667,
        0.5,
        1,
        4.445,
        0.5,
        5.222,
        0,
        6,
        0
      ]
    },
    {
      "Target": "Parameter",
      "Id": "ParamBodyAngleX",
      "Segments": [
        0,
        0,
        1,
        0.667,
        0,
        1.333,
        -10,
        2,
        -10,
        1,
        2.333,
        -10,
        2.667,
        10,
        3,
        10,
        1,
        4,
        10,
        5,
        0,
        6,
        0
      ]
    },
    {
      "Target": "Parameter",
      "Id": "ParamBodyAngleY1",
      "Segments": [
        0,
        0,
        1,
        0.667,
        0,
        1.333,
        -3,
        2,
        -3,
        1,
        3.333,
        -3,
        4.667,
        0,
        6,
        0
      ]
    },
    {
      "Target": "Parameter",
      "Id": "xiashenX",
      "Segments": [
        0,
        0,
        1,
        0.5,
        0,
        1,
        -0.6,
        1.5,
        -0.6,
        1,
        1.7,
        -0.6,
        1.9,
        0,
        2.1,
        0,
        1,
        2.3,
        0,
        2.5,
        -1,
        2.7,
        -1,
        1,
        2.944,
        -1,
        3.189,
        1,
        3.433,
        1,
        1,
        3.655,
        1,
        3.878,
        -0.8,
        4.1,
        -0.8,
        1,
        4.4,
        -0.8,
        4.7,
        1,
        5,
        1,
        1,
        5.333,
        1,
        5.667,
        0,
        6,
        0
      ]
    },
    {
      "Target": "Parameter",
      "Id": "XIASHENY",
      "Segments": [
        0,
        0,
        1,
        0.411,
        0,
        0.822,
        -1,
        1.233,
        -1,
        1,
        1.633,
        -1,
        2.033,
        1,
        2.433,
        1,
        1,
        2.666,
        1,
        2.9,
        -0.382,
        3.133,
        -0.382,
        1,
        3.711,
        -0.382,
        4.289,
        0.118,
        4.867,
        0.118,
        1,
        5.245,
        0.118,
        5.622,
        0,
        6,
        0
      ]
    },
    {
      "Target": "Parameter",
      "Id": "ParamBodyAngleZ",
      "Segments": [
        0,
        0,
        1,
        0.5,
        0,
        1,
        -3,
        1.5,
        -3,
        1,
        1.722,
        -3,
        1.945,
        -2.6,
        2.167,
        -2.6,
        1,
        2.345,
        -2.6,
        2.522,
        -3,
        2.7,
        -3,
        1,
        2.8,
        -3,
        2.9,
        -2,
        3,
        -2,
        1,
        3.5,
        -2,
        4,
        -3,
        4.5,
        -3,
        1,
        5,
        -3,
        5.5,
        0,
        6,
        0
      ]
    },
    {
      "Target": "Parameter",
      "Id": "XSX",
      "Segments": [
        0,
        0,
        0,
        6,
        -0.012
      ]
    },
    {
      "Target": "Parameter",
      "Id": "XDYB",
      "Segments": [
        0,
        -0.002,
        1,
        0.222,
        -0.002,
        0.445,
        -0.439,
        0.667,
        -0.439,
        1,
        0.989,
        -0.439,
        1.311,
        0.258,
        1.633,
        0.258,
        1,
        1.978,
        0.258,
        2.322,
        -0.369,
        2.667,
        -0.369,
        1,
        3.022,
        -0.369,
        3.378,
        0.286,
        3.733,
        0.286,
        1,
        4.1,
        0.286,
        4.466,
        -0.296,
        4.833,
        -0.296,
        1,
        5.066,
        -0.296,
        5.3,
        0.211,
        5.533,
        0.211,
        1,
        5.689,
        0.211,
        5.844,
        -0.002,
        6,
        -0.002
      ]
    },
    {
      "Target": "Parameter",
      "Id": "XDBX",
      "Segments": [
        0,
        0,
        2,
        0.033,
        0,
        1,
        0.178,
        0,
        0.322,
        -0.328,
        0.467,
        -0.328,
        1,
        0.589,
        -0.328,
        0.711,
        -0.261,
        0.833,
        -0.261,
        1,
        0.878,
        -0.261,
        0.922,
        -0.267,
        0.967,
        -0.267,
        1,
        1.389,
        -0.267,
        1.811,
        1,
        2.233,
        1,
        2,
        2.6,
        1,
        1,
        2.778,
        1,
        2.955,
        -0.829,
        3.133,
        -0.829,
        1,
        3.255,
        -0.829,
        3.378,
        0.131,
        3.5,
        0.131,
        1,
        3.633,
        0.131,
        3.767,
        -0.246,
        3.9,
        -0.246,
        1,
        4.033,
        -0.246,
        4.167,
        -0.124,
        4.3,
        -0.124,
        1,
        4.389,
        -0.124,
        4.478,
        -0.146,
        4.567,
        -0.146,
        1,
        5.045,
        -0.146,
        5.522,
        0.043,
        6,
        0.043
      ]
    },
    {
      "Target": "Parameter",
      "Id": "ZXZY",
      "Segments": [
        0,
        0,
        0,
        6,
        -0.001
      ]
    },
    {
      "Target": "Parameter",
      "Id": "ZXSBX",
      "Segments": [
        0,
        0,
        1,
        0.256,
        0,
        0.511,
        1,
        0.767,
        1,
        1,
        1.011,
        1,
        1.256,
        0.682,
        1.5,
        0,
        1,
        1.733,
        -0.651,
        1.967,
        -1,
        2.2,
        -1,
        1,
        2.467,
        -1,
        2.733,
        -0.681,
        3,
        0,
        1,
        3.256,
        0.652,
        3.511,
        1,
        3.767,
        1,
        1,
        4.011,
        1,
        4.256,
        0.682,
        4.5,
        0,
        1,
        4.733,
        -0.651,
        4.967,
        -1,
        5.2,
        -1,
        1,
        5.467,
        -1,
        5.733,
        0,
        6,
        0
      ]
    },
    {
      "Target": "Parameter",
      "Id": "ZXSDX",
      "Segments": [
        0,
        0,
        1,
        0.256,
        0,
        0.511,
        -0.159,
        0.767,
        -0.5,
        1,
        1.011,
        -0.826,
        1.256,
        -1,
        1.5,
        -1,
        1,
        1.733,
        -1,
        1.967,
        -0.81,
        2.2,
        -0.5,
        1,
        2.467,
        -0.146,
        2.733,
        0,
        3,
        0,
        1,
        3.256,
        0,
        3.511,
        -0.159,
        3.767,
        -0.5,
        1,
        4.011,
        -0.826,
        4.256,
        -1,
        4.5,
        -1,
        1,
        4.733,
        -1,
        4.967,
        -0.81,
        5.2,
        -0.5,
        1,
        5.467,
        -0.146,
        5.733,
        0,
        6,
        0
      ]
    },
    {
      "Target": "Parameter",
      "Id": "YXSBX",
      "Segments": [
        0,
        0,
        1,
        0.256,
        0,
        0.511,
        0.6,
        0.767,
        0.6,
        1,
        1.011,
        0.6,
        1.256,
        0.505,
        1.5,
        0,
        1,
        1.733,
        -0.482,
        1.967,
        -1,
        2.2,
        -1,
        1,
        2.467,
        -1,
        2.733,
        -0.681,
        3,
        0,
        1,
        3.256,
        0.652,
        3.511,
        1,
        3.767,
        1,
        1,
        4.011,
        1,
        4.256,
        0.517,
        4.5,
        0,
        1,
        4.733,
        -0.494,
        4.967,
        -0.6,
        5.2,
        -0.6,
        1,
        5.467,
        -0.6,
        5.733,
        0,
        6,
        0
      ]
    },
    {
      "Target": "Parameter",
      "Id": "YXSDX",
      "Segments": [
        0,
        0,
        1,
        0.256,
        0,
        0.511,
        -0.317,
        0.767,
        -0.63,
        1,
        1.011,
        -0.929,
        1.256,
        -0.984,
        1.5,
        -0.984,
        1,
        1.733,
        -0.984,
        1.967,
        -0.805,
        2.2,
        -0.5,
        1,
        2.467,
        -0.151,
        2.733,
        0,
        3,
        0,
        1,
        3.256,
        0,
        3.511,
        -0.165,
        3.767,
        -0.5,
        1,
        4.011,
        -0.821,
        4.256,
        -0.984,
        4.5,
        -0.984,
        1,
        4.733,
        -0.984,
        4.967,
        -0.505,
        5.2,
        -0.274,
        1,
        5.467,
        -0.01,
        5.733,
        0,
        6,
        0
      ]
    },
    {
      "Target": "Parameter",
      "Id": "ParamBreath",
      "Segments": [
        0,
        0,
        1,
        0.333,
        0,
        0.667,
        1,
        1,
        1,
        1,
        1.667,
        1,
        2.333,
        0,
        3,
        0,
        1,
        3.333,
        0,
        3.667,
        1,
        4,
        1,
        1,
        4.667,
        1,
        5.333,
        0,
        6,
        0
      ]
    },
    {
      "Target": "Parameter",
      "Id": "ParamHairFront",
      "Segments": [
        0,
        0,
        2,
        0.033,
        0,
        1,
        0.144,
        0,
        0.256,
        -0.005,
        0.367,
        -0.005,
        1,
        0.622,
        -0.005,
        0.878,
        0.043,
        1.133,
        0.043,
        1,
        1.566,
        0.043,
        2,
        -0.248,
        2.433,
        -0.248,
        1,
        2.666,
        -0.248,
        2.9,
        0.144,
        3.133,
        0.144,
        1,
        3.278,
        0.144,
        3.422,
        -0.021,
        3.567,
        -0.021,
        1,
        3.711,
        -0.021,
        3.856,
        0.04,
        4,
        0.04,
        1,
        4.144,
        0.04,
        4.289,
        0.021,
        4.433,
        0.021,
        1,
        4.544,
        0.021,
        4.656,
        0.024,
        4.767,
        0.024,
        1,
        5.178,
        0.024,
        5.589,
        -0.005,
        6,
        -0.005
      ]
    },
    {
      "Target": "Parameter",
      "Id": "qianfaBX",
      "Segments": [
        0,
        0,
        2,
        0.033,
        0,
        1,
        0.178,
        0,
        0.322,
        0.045,
        0.467,
        0.045,
        1,
        0.578,
        0.045,
        0.689,
        0.021,
        0.8,
        0.021,
        1,
        1.044,
        0.021,
        1.289,
        0.052,
        1.533,
        0.052,
        1,
        1.822,
        0.052,
        2.111,
        -0.427,
        2.4,
        -0.427,
        1,
        2.633,
        -0.427,
        2.867,
        0.234,
        3.1,
        0.234,
        1,
        3.233,
        0.234,
        3.367,
        -0.028,
        3.5,
        -0.028,
        1,
        3.633,
        -0.028,
        3.767,
        0.076,
        3.9,
        0.076,
        1,
        4.033,
        0.076,
        4.167,
        0.045,
        4.3,
        0.045,
        1,
        4.4,
        0.045,
        4.5,
        0.052,
        4.6,
        0.052,
        1,
        5.067,
        0.052,
        5.533,
        -0.012,
        6,
        -0.012
      ]
    },
    {
      "Target": "Parameter",
      "Id": "ParamHairSide",
      "Segments": [
        0,
        0,
        1,
        0.2,
        0,
        0.4,
        -0.255,
        0.6,
        -0.255,
        1,
        0.844,
        -0.255,
        1.089,
        0.335,
        1.333,
        0.335,
        1,
        1.566,
        0.335,
        1.8,
        -0.449,
        2.033,
        -0.449,
        1,
        2.322,
        -0.449,
        2.611,
        0.303,
        2.9,
        0.303,
        1,
        3.1,
        0.303,
        3.3,
        -0.282,
        3.5,
        -0.282,
        1,
        3.733,
        -0.282,
        3.967,
        0.229,
        4.2,
        0.229,
        1,
        4.444,
        0.229,
        4.689,
        -0.255,
        4.933,
        -0.255,
        1,
        5.122,
        -0.255,
        5.311,
        0.123,
        5.5,
        0.123,
        1,
        5.667,
        0.123,
        5.833,
        -0.004,
        6,
        -0.004
      ]
    },
    {
      "Target": "Parameter",
      "Id": "ParamHairBack",
      "Segments": [
        0,
        0,
        2,
        0.033,
        0,
        1,
        0.133,
        0,
        0.233,
        -0.012,
        0.333,
        -0.012,
        1,
        0.544,
        -0.012,
        0.756,
        0.028,
        0.967,
        0.028,
        1,
        1.456,
        0.028,
        1.944,
        -0.125,
        2.433,
        -0.125,
        1,
        2.666,
        -0.125,
        2.9,
        0.071,
        3.133,
        0.071,
        1,
        3.278,
        0.071,
        3.422,
        -0.011,
        3.567,
        -0.011,
        1,
        3.711,
        -0.011,
        3.856,
        0.02,
        4,
        0.02,
        1,
        4.144,
        0.02,
        4.289,
        0.01,
        4.433,
        0.01,
        1,
        4.544,
        0.01,
        4.656,
        0.012,
        4.767,
        0.012,
        1,
        5.178,
        0.012,
        5.589,
        -0.003,
        6,
        -0.003
      ]
    },
    {
      "Target": "Parameter",
      "Id": "ZSBX",
      "Segments": [
        0,
        0,
        1,
        0.667,
        0,
        1.333,
        -0.6,
        2,
        -0.6,
        2,
        4.5,
        -0.6,
        1,
        5,
        -0.6,
        5.5,
        0,
        6,
        0
      ]
    },
    {
      "Target": "Parameter",
      "Id": "ZXBXZ",
      "Segments": [
        0,
        0,
        1,
        0.333,
        0,
        0.667,
        -3,
        1,
        -3,
        1,
        1.333,
        -3,
        1.667,
        10,
        2,
        10,
        2,
        4.5,
        10,
        1,
        4.733,
        10,
        4.967,
        -3,
        5.2,
        -3,
        1,
        5.467,
        -3,
        5.733,
        0,
        6,
        0
      ]
    },
    {
      "Target": "Parameter",
      "Id": "zuobitc",
      "Segments": [
        0,
        0,
        2,
        1,
        0,
        1,
        1.011,
        0,
        1.022,
        1,
        1.033,
        1,
        2,
        4.5,
        1,
        2,
        5.2,
        1,
        1,
        5.211,
        1,
        5.222,
        0,
        5.233,
        0,
        2,
        6,
        0
      ]
    },
    {
      "Target": "Parameter",
      "Id": "ZSXZ",
      "Segments": [
        0,
        0,
        1,
        0.167,
        0,
        0.333,
        -0.4,
        0.5,
        -0.4,
        1,
        0.667,
        -0.4,
        0.833,
        0.6,
        1,
        0.6,
        1,
        1.333,
        0.6,
        1.667,
        -1,
        2,
        -1,
        2,
        2.5,
        -1,
        2,
        4.5,
        -1,
        1,
        4.822,
        -1,
        5.145,
        0.5,
        5.467,
        0.5,
        1,
        5.645,
        0.5,
        5.822,
        0,
        6,
        0
      ]
    },
    {
      "Target": "Parameter",
      "Id": "ZSQH",
      "Segments": [
        0,
        0,
        2,
        2,
        0,
        1,
        2.044,
        0,
        2.089,
        1,
        2.133,
        1,
        2,
        4.7,
        1,
        1,
        4.722,
        1,
        4.745,
        0,
        4.767,
        0,
        2,
        6,
        0
      ]
    },
    {
      "Target": "Parameter",
      "Id": "zuoshouX",
      "Segments": [
        0,
        0,
        1,
        0.333,
        0,
        0.667,
        -1,
        1,
        -1,
        1,
        1.667,
        -1,
        2.333,
        1,
        3,
        1,
        1,
        3.733,
        1,
        4.467,
        -0.5,
        5.2,
        -0.5,
        1,
        5.467,
        -0.5,
        5.733,
        0,
        6,
        0
      ]
    },
    {
      "Target": "Parameter",
      "Id": "ZSZ01",
      "Segments": [
        0,
        0,
        1,
        0.333,
        0,
        0.667,
        0.5,
        1,
        0.5,
        1,
        1.5,
        0.5,
        2,
        -1,
        2.5,
        -1,
        1,
        3.167,
        -1,
        3.833,
        -0.747,
        4.5,
        0,
        1,
        4.733,
        0.262,
        4.967,
        0.6,
        5.2,
        0.6,
        1,
        5.467,
        0.6,
        5.733,
        0,
        6,
        0
      ]
    },
    {
      "Target": "Parameter",
      "Id": "ZSZ02",
      "Segments": [
        0,
        0,
        1,
        0.333,
        0,
        0.667,
        0.6,
        1,
        0.6,
        1,
        1.5,
        0.6,
        2,
        -1,
        2.5,
        -1,
        1,
        3.167,
        -1,
        3.833,
        -0.792,
        4.5,
        0,
        1,
        4.733,
        0.277,
        4.967,
        0.9,
        5.2,
        0.9,
        1,
        5.467,
        0.9,
        5.733,
        0,
        6,
        0
      ]
    },
    {
      "Target": "Parameter",
      "Id": "ZSZ03",
      "Segments": [
        0,
        0,
        1,
        0.333,
        0,
        0.667,
        0.6,
        1,
        0.6,
        1,
        1.5,
        0.6,
        2,
        -1,
        2.5,
        -1,
        1,
        3.167,
        -1,
        3.833,
        -0.802,
        4.5,
        0,
        1,
        4.733,
        0.281,
        4.967,
        1,
        5.2,
        1,
        1,
        5.467,
        1,
        5.733,
        0,
        6,
        0
      ]
    },
    {
      "Target": "Parameter",
      "Id": "ZSZ04",
      "Segments": [
        0,
        0,
        1,
        0.333,
        0,
        0.667,
        1,
        1,
        1,
        1,
        1.5,
        1,
        2,
        -1,
        2.5,
        -1,
        1,
        3.167,
        -1,
        3.833,
        -0.802,
        4.5,
        0,
        1,
        4.733,
        0.281,
        4.967,
        1,
        5.2,
        1,
        1,
        5.467,
        1,
        5.733,
        0,
        6,
        0
      ]
    },
    {
      "Target": "Parameter",
      "Id": "YBXZ",
      "Segments": [
        0,
        0,
        1,
        0.5,
        0,
        1,
        7,
        1.5,
        7,
        1,
        3,
        7,
        4.5,
        0,
        6,
        0
      ]
    },
    {
      "Target": "Parameter",
      "Id": "YXBXZ",
      "Segments": [
        0,
        0,
        1,
        0.5,
        0,
        1,
        10,
        1.5,
        10,
        1,
        3,
        10,
        4.5,
        0,
        6,
        0
      ]
    },
    {
      "Target": "Parameter",
      "Id": "YSXZ",
      "Segments": [
        0,
        0,
        1,
        0.5,
        0,
        1,
        -1,
        1.5,
        -1,
        1,
        2,
        -1,
        2.5,
        0,
        3,
        0,
        1,
        3.611,
        0,
        4.222,
        -0.153,
        4.833,
        -0.153,
        1,
        5.222,
        -0.153,
        5.611,
        0,
        6,
        0
      ]
    },
    {
      "Target": "Parameter",
      "Id": "YOUSHOUx",
      "Segments": [
        0,
        0,
        1,
        1,
        0,
        2,
        -1,
        3,
        -1,
        1,
        4,
        -1,
        5,
        0,
        6,
        0
      ]
    },
    {
      "Target": "Parameter",
      "Id": "youshouY",
      "Segments": [
        0,
        0,
        1,
        0.5,
        0,
        1,
        1,
        1.5,
        1,
        1,
        2.333,
        1,
        3.167,
        -1,
        4,
        -1,
        1,
        4.667,
        -1,
        5.333,
        0,
        6,
        0
      ]
    },
    {
      "Target": "Parameter",
      "Id": "YSZ1",
      "Segments": [
        0,
        0,
        1,
        0.5,
        0,
        1,
        -1,
        1.5,
        -1,
        1,
        3,
        -1,
        4.5,
        0,
        6,
        0
      ]
    },
    {
      "Target": "Parameter",
      "Id": "YSZ2",
      "Segments": [
        0,
        0,
        1,
        0.5,
        0,
        1,
        -1,
        1.5,
        -1,
        1,
        3,
        -1,
        4.5,
        0,
        6,
        0
      ]
    },
    {
      "Target": "Parameter",
      "Id": "YSZ3",
      "Segments": [
        0,
        0,
        1,
        0.5,
        0,
        1,
        -1,
        1.5,
        -1,
        1,
        3,
        -1,
        4.5,
        0,
        6,
        0
      ]
    },
    {
      "Target": "Parameter",
      "Id": "YSZ4",
      "Segments": [
        0,
        0,
        1,
        0.333,
        0,
        0.667,
        0.2,
        1,
        0.2,
        1,
        1.167,
        0.2,
        1.333,
        -1,
        1.5,
        -1,
        1,
        2,
        -1,
        2.5,
        -0.371,
        3,
        0.2,
        1,
        3.333,
        0.581,
        3.667,
        0.6,
        4,
        0.6,
        1,
        4.333,
        0.6,
        4.667,
        0.378,
        5,
        0.2,
        1,
        5.333,
        0.022,
        5.667,
        0,
        6,
        0
      ]
    },
    {
      "Target": "Parameter",
      "Id": "YSZ5",
      "Segments": [
        0,
        0,
        1,
        0.167,
        0,
        0.333,
        0.2,
        0.5,
        0.2,
        1,
        0.833,
        0.2,
        1.167,
        -1,
        1.5,
        -1,
        1,
        1.833,
        -1,
        2.167,
        -0.257,
        2.5,
        0.2,
        1,
        3,
        0.886,
        3.5,
        1,
        4,
        1,
        1,
        4.167,
        1,
        4.333,
        0.258,
        4.5,
        0.2,
        1,
        5,
        0.027,
        5.5,
        0,
        6,
        0
      ]
    },
    {
      "Target": "Parameter",
      "Id": "YSSZTC",
      "Segments": [
        0,
        0,
        1,
        0.5,
        0,
        1,
        -1,
        1.5,
        -1,
        1,
        3,
        -1,
        4.5,
        0,
        6,
        0
      ]
    },
    {
      "Target": "Parameter",
      "Id": "ZTXZ",
      "Segments": [
        0,
        0,
        1,
        0.5,
        0,
        1,
        -2,
        1.5,
        -2,
        1,
        1.667,
        -2,
        1.833,
        -1.765,
        2,
        -1.765,
        1,
        2.167,
        -1.765,
        2.333,
        -2,
        2.5,
        -2,
        1,
        2.667,
        -2,
        2.833,
        -1.765,
        3,
        -1.765,
        1,
        3.167,
        -1.765,
        3.333,
        -2,
        3.5,
        -2,
        1,
        4.333,
        -2,
        5.167,
        0,
        6,
        0
      ]
    },
    {
      "Target": "Parameter",
      "Id": "ZXTXZ",
      "Segments": [
        0,
        0,
        1,
        0.333,
        0,
        0.667,
        8,
        1,
        8,
        1,
        1.222,
        8,
        1.445,
        0,
        1.667,
        0,
        1,
        1.934,
        0,
        2.2,
        5,
        2.467,
        5,
        1,
        2.7,
        5,
        2.934,
        0,
        3.167,
        0,
        1,
        3.356,
        0,
        3.544,
        6,
        3.733,
        6,
        1,
        3.955,
        6,
        4.178,
        0,
        4.4,
        0,
        1,
        4.656,
        0,
        4.911,
        6,
        5.167,
        6,
        1,
        5.445,
        6,
        5.722,
        0,
        6,
        0
      ]
    },
    {
      "Target": "Parameter",
      "Id": "ZJXZ",
      "Segments": [
        0,
        0,
        2,
        1,
        0,
        1,
        1.222,
        0,
        1.445,
        -0.5,
        1.667,
        -0.5,
        1,
        1.934,
        -0.5,
        2.2,
        0,
        2.467,
        0,
        1,
        2.645,
        0,
        2.822,
        -0.25,
        3,
        -0.25,
        1,
        3.333,
        -0.25,
        3.667,
        0,
        4,
        0,
        1,
        4.1,
        0,
        4.2,
        -0.25,
        4.3,
        -0.25,
        1,
        4.867,
        -0.25,
        5.433,
        0,
        6,
        0
      ]
    },
    {
      "Target": "Parameter",
      "Id": "zuojiaoTX",
      "Segments": [
        0,
        1,
        1,
        1,
        1,
        2,
        0,
        3,
        0,
        1,
        4,
        0,
        5,
        1,
        6,
        1
      ]
    },
    {
      "Target": "Parameter",
      "Id": "YTXZ",
      "Segments": [
        0,
        0,
        1,
        0.5,
        0,
        1,
        6,
        1.5,
        6,
        1,
        1.722,
        6,
        1.945,
        5.595,
        2.167,
        5.595,
        1,
        2.389,
        5.595,
        2.611,
        6,
        2.833,
        6,
        1,
        2.978,
        6,
        3.122,
        6.104,
        3.267,
        5.595,
        1,
        4.178,
        2.39,
        5.089,
        0,
        6,
        0
      ]
    },
    {
      "Target": "Parameter",
      "Id": "YJXZ",
      "Segments": [
        0,
        0,
        2,
        2,
        0,
        1,
        2.667,
        0,
        3.333,
        -0.184,
        4,
        -0.184,
        1,
        4.667,
        -0.184,
        5.333,
        0,
        6,
        0
      ]
    },
    {
      "Target": "Parameter",
      "Id": "shufanye",
      "Segments": [
        0,
        0,
        1,
        0.167,
        0,
        0.333,
        0.5,
        0.5,
        0.5,
        1,
        1.333,
        0.5,
        2.167,
        0,
        3,
        0,
        1,
        3.333,
        0,
        3.667,
        0.3,
        4,
        0.3,
        1,
        4.667,
        0.3,
        5.333,
        0,
        6,
        0
      ]
    },
    {
      "Target": "Parameter",
      "Id": "shuqianPD",
      "Segments": [
        0,
        0,
        1,
        0.333,
        0,
        0.667,
        -1,
        1,
        -1,
        1,
        1.333,
        -1,
        1.667,
        1,
        2,
        1,
        1,
        2.333,
        1,
        2.667,
        -0.581,
        3,
        -0.581,
        1,
        3.333,
        -0.581,
        3.667,
        1,
        4,
        1,
        1,
        4.333,
        1,
        4.667,
        -1,
        5,
        -1,
        1,
        5.333,
        -1,
        5.667,
        0,
        6,
        0
      ]
    },
    {
      "Target": "Parameter",
      "Id": "shiwuhe",
      "Segments": [
        0,
        0,
        1,
        0.333,
        0,
        0.667,
        -1,
        1,
        -1,
        1,
        1.667,
        -1,
        2.333,
        1,
        3,
        1,
        1,
        3.667,
        1,
        4.333,
        -1,
        5,
        -1,
        1,
        5.333,
        -1,
        5.667,
        0,
        6,
        0
      ]
    },
    {
      "Target": "Parameter",
      "Id": "SWHBZ",
      "Segments": [
        0,
        0,
        1,
        0.167,
        0,
        0.333,
        0.277,
        0.5,
        0.277,
        1,
        1,
        0.277,
        1.5,
        -0.381,
        2,
        -0.381,
        1,
        2.667,
        -0.381,
        3.333,
        0.237,
        4,
        0.237,
        1,
        4.5,
        0.237,
        5,
        -0.1,
        5.5,
        -0.1,
        1,
        5.667,
        -0.1,
        5.833,
        0,
        6,
        0
      ]
    },
    {
      "Target": "Parameter",
      "Id": "PCDYB",
      "Segments": [
        0,
        0,
        1,
        0.333,
        0,
        0.667,
        1,
        1,
        1,
        1,
        1.244,
        1,
        1.489,
        -1,
        1.733,
        -1,
        1,
        1.889,
        -1,
        2.044,
        1,
        2.2,
        1,
        1,
        2.467,
        1,
        2.733,
        -1,
        3,
        -1,
        1,
        3.211,
        -1,
        3.422,
        1,
        3.633,
        1,
        1,
        3.889,
        1,
        4.144,
        -1,
        4.4,
        -1,
        1,
        4.678,
        -1,
        4.955,
        0.6,
        5.233,
        0.6,
        1,
        5.489,
        0.6,
        5.744,
        0,
        6,
        0
      ]
    },
    {
      "Target": "Parameter",
      "Id": "PGYYTMD",
      "Segments": [
        0,
        0,
        1,
        0.111,
        0,
        0.222,
        1,
        0.333,
        1,
        2,
        5.833,
        1,
        1,
        5.889,
        1,
        5.944,
        0,
        6,
        0
      ]
    },
    {
      "Target": "Parameter",
      "Id": "zongxie",
      "Segments": [
        0,
        0,
        1,
        0.344,
        0,
        0.689,
        1,
        1.033,
        1,
        1,
        1.889,
        1,
        2.744,
        -0.4,
        3.6,
        -0.4,
        1,
        4.4,
        -0.4,
        5.2,
        0,
        6,
        0
      ]
    },
    {
      "Target": "Parameter",
      "Id": "zongti",
      "Segments": [
        0,
        0,
        1,
        0.244,
        0,
        0.489,
        1,
        0.733,
        1,
        1,
        1.144,
        1,
        1.556,
        0,
        1.967,
        0,
        2,
        6,
        0
      ]
    },
    {
      "Target": "Parameter",
      "Id": "fubu",
      "Segments": [
        0,
        0,
        1,
        0.211,
        0,
        0.422,
        1,
        0.633,
        1,
        1,
        1.055,
        1,
        1.478,
        -0.4,
        1.9,
        -0.4,
        1,
        3.267,
        -0.4,
        4.633,
        0,
        6,
        0
      ]
    },
    {
      "Target": "Parameter",
      "Id": "zuodatuiBX",
      "Segments": [
        0,
        0,
        1,
        0.489,
        0,
        0.978,
        0.5,
        1.467,
        0.5,
        1,
        1.834,
        0.5,
        2.2,
        -0.4,
        2.567,
        -0.4,
        1,
        2.9,
        -0.4,
        3.234,
        0.5,
        3.567,
        0.5,
        1,
        3.9,
        0.5,
        4.234,
        -0.4,
        4.567,
        -0.4,
        1,
        5.045,
        -0.4,
        5.522,
        0,
        6,
        0
      ]
    },
    {
      "Target": "Parameter",
      "Id": "youdatuiBX",
      "Segments": [
        0,
        0,
        1,
        0.233,
        0,
        0.467,
        -0.7,
        0.7,
        -0.7,
        1,
        1.556,
        -0.7,
        2.411,
        0.6,
        3.267,
        0.6,
        1,
        4.178,
        0.6,
        5.089,
        0,
        6,
        0
      ]
    },
    {
      "Target": "Parameter",
      "Id": "MZPDJD",
      "Segments": [
        0,
        0,
        2,
        0.9,
        0,
        1,
        1.233,
        -0.235,
        1.567,
        -0.4,
        1.9,
        -0.4,
        1,
        2.211,
        -0.4,
        2.522,
        -0.304,
        2.833,
        0,
        1,
        3.122,
        0.283,
        3.411,
        0.5,
        3.7,
        0.5,
        1,
        4.033,
        0.5,
        4.367,
        0,
        4.7,
        0,
        2,
        6,
        0
      ]
    },
    {
      "Target": "Parameter",
      "Id": "MZPDBX",
      "Segments": [
        0,
        0,
        1,
        0.3,
        0,
        0.6,
        0.5,
        0.9,
        0.5,
        1,
        1.233,
        0.5,
        1.567,
        0.449,
        1.9,
        0,
        1,
        2.211,
        -0.419,
        2.522,
        -1,
        2.833,
        -1,
        1,
        3.122,
        -1,
        3.411,
        -0.719,
        3.7,
        -0.1,
        1,
        4.033,
        0.614,
        4.367,
        1,
        4.7,
        1,
        1,
        5.133,
        1,
        5.567,
        0,
        6,
        0
      ]
    },
    {
      "Target": "Parameter",
      "Id": "pancizhezou",
      "Segments": [
        0,
        0,
        1,
        0.356,
        0,
        0.711,
        -1,
        1.067,
        -1,
        1,
        1.611,
        -1,
        2.156,
        1,
        2.7,
        1,
        1,
        3.311,
        1,
        3.922,
        -1,
        4.533,
        -1,
        1,
        5.022,
        -1,
        5.511,
        0,
        6,
        0
      ]
    },
    {
      "Target": "Parameter",
      "Id": "toushizhezou",
      "Segments": [
        0,
        0,
        1,
        0.233,
        0,
        0.467,
        -0.686,
        0.7,
        -0.686,
        1,
        1.133,
        -0.686,
        1.567,
        0.642,
        2,
        0.642,
        1,
        2.489,
        0.642,
        2.978,
        -0.686,
        3.467,
        -0.686,
        1,
        3.911,
        -0.686,
        4.356,
        0.642,
        4.8,
        0.642,
        1,
        5.2,
        0.642,
        5.6,
        0,
        6,
        0
      ]
    },
    {
      "Target": "Parameter",
      "Id": "zongjiaodi",
      "Segments": [
        0,
        0,
        1,
        0.556,
        0,
        1.111,
        0.3,
        1.667,
        0.3,
        1,
        2.589,
        0.3,
        3.511,
        -0.3,
        4.433,
        -0.3,
        1,
        4.955,
        -0.3,
        5.478,
        0,
        6,
        0
      ]
    },
    {
      "Target": "Parameter",
      "Id": "XSDSX",
      "Segments": [
        0,
        0,
        1,
        0.167,
        0,
        0.333,
        -1,
        0.5,
        -1,
        1,
        0.722,
        -1,
        0.945,
        1,
        1.167,
        1,
        1,
        1.378,
        1,
        1.589,
        -0.517,
        1.8,
        -0.517,
        1,
        2.033,
        -0.517,
        2.267,
        0.57,
        2.5,
        0.57,
        1,
        2.7,
        0.57,
        2.9,
        -0.71,
        3.1,
        -0.71,
        1,
        3.311,
        -0.71,
        3.522,
        0.7,
        3.733,
        0.7,
        1,
        3.933,
        0.7,
        4.133,
        -0.449,
        4.333,
        -0.449,
        1,
        4.511,
        -0.449,
        4.689,
        1,
        4.867,
        1,
        1,
        5.1,
        1,
        5.334,
        -0.952,
        5.567,
        -0.952,
        1,
        5.711,
        -0.952,
        5.856,
        0,
        6,
        0
      ]
    },
    {
      "Target": "Parameter",
      "Id": "ZBXZ",
      "Segments": [
        0,
        0,
        1,
        0.333,
        0,
        0.667,
        -6,
        1,
        -6,
        1,
        1.333,
        -6,
        1.667,
        -8,
        2,
        -8,
        2,
        4.5,
        -8,
        1,
        5,
        -8,
        5.5,
        0,
        6,
        0
      ]
    },
    {
      "Target": "Parameter",
      "Id": "jianweizi",
      "Segments": [
        0,
        0,
        1,
        0.333,
        0,
        0.667,
        1,
        1,
        1,
        1,
        1.667,
        1,
        2.333,
        0.7,
        3,
        0.7,
        1,
        3.5,
        0.7,
        4,
        1,
        4.5,
        1,
        1,
        5,
        1,
        5.5,
        0,
        6,
        0
      ]
    },
    {
      "Target": "Parameter",
      "Id": "yifujiaodu",
      "Segments": [
        0,
        0,
        1,
        0.2,
        0,
        0.4,
        0.4,
        0.6,
        0.4,
        1,
        1.044,
        0.4,
        1.489,
        -0.43,
        1.933,
        -0.43,
        1,
        2.389,
        -0.43,
        2.844,
        0.307,
        3.3,
        0.307,
        1,
        3.722,
        0.307,
        4.145,
        -0.268,
        4.567,
        -0.268,
        1,
        5.045,
        -0.268,
        5.522,
        0,
        6,
        0
      ]
    },
    {
      "Target": "Parameter",
      "Id": "yifubianxin",
      "Segments": [
        0,
        0,
        1,
        0.444,
        0,
        0.889,
        1,
        1.333,
        1,
        1,
        1.8,
        1,
        2.266,
        -1,
        2.733,
        -1,
        1,
        3.155,
        -1,
        3.578,
        1,
        4,
        1,
        1,
        4.422,
        1,
        4.845,
        0,
        5.267,
        0,
        2,
        6,
        0
      ]
    },
    {
      "Target": "Parameter",
      "Id": "piaodaijiaodu",
      "Segments": [
        0,
        0,
        1,
        0.167,
        0,
        0.333,
        -1,
        0.5,
        -1,
        1,
        0.722,
        -1,
        0.945,
        0.5,
        1.167,
        0.5,
        1,
        1.767,
        0.5,
        2.367,
        -1,
        2.967,
        -1,
        1,
        3.711,
        -1,
        4.456,
        1,
        5.2,
        1,
        1,
        5.467,
        1,
        5.733,
        0,
        6,
        0
      ]
    },
    {
      "Target": "Parameter",
      "Id": "piaodaibianxing",
      "Segments": [
        0,
        0,
        1,
        0.633,
        0,
        1.267,
        1,
        1.9,
        1,
        1,
        2.589,
        1,
        3.278,
        -1,
        3.967,
        -1,
        1,
        4.645,
        -1,
        5.322,
        0,
        6,
        0
      ]
    },
    {
      "Target": "Parameter",
      "Id": "houfa1jiaodu",
      "Segments": [
        0,
        0,
        1,
        0.456,
        0,
        0.911,
        0.3,
        1.367,
        0.3,
        1,
        1.822,
        0.3,
        2.278,
        0.116,
        2.733,
        0,
        1,
        3.266,
        -0.136,
        3.8,
        -0.15,
        4.333,
        -0.15,
        1,
        4.889,
        -0.15,
        5.444,
        0,
        6,
        0
      ]
    },
    {
      "Target": "Parameter",
      "Id": "houfa1bianxin",
      "Segments": [
        0,
        0,
        1,
        0.456,
        0,
        0.911,
        -0.2,
        1.367,
        -0.2,
        1,
        2.411,
        -0.2,
        3.456,
        0.213,
        4.5,
        0.213,
        1,
        5,
        0.213,
        5.5,
        0,
        6,
        0
      ]
    },
    {
      "Target": "Parameter",
      "Id": "houfa2jiaodu",
      "Segments": [
        0,
        0,
        1,
        0.678,
        0,
        1.355,
        -1,
        2.033,
        -1,
        1,
        2.478,
        -1,
        2.922,
        -0.617,
        3.367,
        0,
        1,
        3.878,
        0.71,
        4.389,
        1,
        4.9,
        1,
        1,
        5.267,
        1,
        5.633,
        0,
        6,
        0
      ]
    },
    {
      "Target": "Parameter",
      "Id": "houfa2bianxing",
      "Segments": [
        0,
        0,
        1,
        0.3,
        0,
        0.6,
        1,
        0.9,
        1,
        1,
        1.489,
        1,
        2.078,
        0.498,
        2.667,
        0,
        1,
        3.167,
        -0.423,
        3.667,
        -0.488,
        4.167,
        -0.488,
        1,
        4.778,
        -0.488,
        5.389,
        0,
        6,
        0
      ]
    },
    {
      "Target": "Parameter",
      "Id": "houfa3jiaodu",
      "Segments": [
        0,
        0,
        1,
        0.578,
        0,
        1.155,
        1,
        1.733,
        1,
        1,
        2.522,
        1,
        3.311,
        -0.484,
        4.1,
        -0.484,
        1,
        4.733,
        -0.484,
        5.367,
        0,
        6,
        0
      ]
    },
    {
      "Target": "Parameter",
      "Id": "houfa3bianxing",
      "Segments": [
        0,
        0,
        1,
        0.3,
        0,
        0.6,
        -1,
        0.9,
        -1,
        1,
        1.178,
        -1,
        1.455,
        -0.434,
        1.733,
        0,
        1,
        2.078,
        0.538,
        2.422,
        0.629,
        2.767,
        0.629,
        1,
        3.078,
        0.629,
        3.389,
        0.428,
        3.7,
        0,
        1,
        4.022,
        -0.444,
        4.345,
        -0.679,
        4.667,
        -0.679,
        1,
        5.111,
        -0.679,
        5.556,
        0,
        6,
        0
      ]
    },
    {
      "Target": "Parameter",
      "Id": "houfa4jiaodu",
      "Segments": [
        0,
        0,
        1,
        0.411,
        0,
        0.822,
        -1,
        1.233,
        -1,
        1,
        2.344,
        -1,
        3.456,
        0.533,
        4.567,
        0.533,
        1,
        5.045,
        0.533,
        5.522,
        0,
        6,
        0
      ]
    },
    {
      "Target": "Parameter",
      "Id": "houfa4bianxing",
      "Segments": [
        0,
        0,
        1,
        0.411,
        0,
        0.822,
        -1,
        1.233,
        -1,
        1,
        2.355,
        -1,
        3.478,
        0.582,
        4.6,
        0.582,
        1,
        5.067,
        0.582,
        5.533,
        0,
        6,
        0
      ]
    },
    {
      "Target": "Parameter",
      "Id": "houfa5jiaodu",
      "Segments": [
        0,
        0,
        1,
        0.467,
        0,
        0.933,
        0.548,
        1.4,
        0.548,
        1,
        2.044,
        0.548,
        2.689,
        -0.419,
        3.333,
        -0.419,
        1,
        3.844,
        -0.419,
        4.356,
        0.25,
        4.867,
        0.25,
        1,
        5.245,
        0.25,
        5.622,
        0,
        6,
        0
      ]
    },
    {
      "Target": "Parameter",
      "Id": "houfa5bianxing",
      "Segments": [
        0,
        0,
        1,
        0.522,
        0,
        1.045,
        1,
        1.567,
        1,
        1,
        2.167,
        1,
        2.767,
        -0.512,
        3.367,
        -0.512,
        1,
        3.856,
        -0.512,
        4.344,
        0.478,
        4.833,
        0.478,
        1,
        5.222,
        0.478,
        5.611,
        0,
        6,
        0
      ]
    },
    {
      "Target": "Parameter",
      "Id": "ParamEyeLSmile",
      "Segments": [
        0,
        0,
        0,
        6,
        0
      ]
    },
    {
      "Target": "Parameter",
      "Id": "ParamEyeRSmile",
      "Segments": [
        0,
        0,
        0,
        6,
        0
      ]
    },
    {
      "Target": "Parameter",
      "Id": "gaoguangqiehuang",
      "Segments": [
        0,
        0,
        0,
        6,
        0
      ]
    },
    {
      "Target": "Parameter",
      "Id": "ParamBrowLAngle",
      "Segments": [
        0,
        0,
        0,
        6,
        0
      ]
    },
    {
      "Target": "Parameter",
      "Id": "ParamBrowRAngle",
      "Segments": [
        0,
        0,
        0,
        6,
        0
      ]
    },
    {
      "Target": "Parameter",
      "Id": "ParamMouthOpenY",
      "Segments": [
        0,
        0,
        0,
        6,
        0
      ]
    },
    {
      "Target": "Parameter",
      "Id": "koudaxiao",
      "Segments": [
        0,
        0,
        0,
        6,
        0
      ]
    },
    {
      "Target": "Parameter",
      "Id": "kouqiehuan",
      "Segments": [
        0,
        0,
        0,
        6,
        0
      ]
    },
    {
      "Target": "Parameter",
      "Id": "CZDH",
      "Segments": [
        0,
        0,
        0,
        6,
        0
      ]
    },
    {
      "Target": "Parameter",
      "Id": "YXZY",
      "Segments": [
        0,
        0,
        0,
        6,
        0
      ]
    },
    {
      "Target": "Parameter",
      "Id": "ZXBX",
      "Segments": [
        0,
        0,
        0,
        6,
        0
      ]
    },
    {
      "Target": "Parameter",
      "Id": "zuoshou2",
      "Segments": [
        0,
        0,
        0,
        6,
        0
      ]
    },
    {
      "Target": "Parameter",
      "Id": "zuoshou3",
      "Segments": [
        0,
        0,
        0,
        6,
        0
      ]
    },
    {
      "Target": "Parameter",
      "Id": "zuoshou4",
      "Segments": [
        0,
        0,
        0,
        6,
        0
      ]
    },
    {
      "Target": "Parameter",
      "Id": "zuoshou5",
      "Segments": [
        0,
        0,
        0,
        6,
        0
      ]
    },
    {
      "Target": "Parameter",
      "Id": "ZBTS",
      "Segments": [
        0,
        0,
        0,
        6,
        0
      ]
    },
    {
      "Target": "Parameter",
      "Id": "zuoshouY",
      "Segments": [
        0,
        0,
        0,
        6,
        0
      ]
    },
    {
      "Target": "Parameter",
      "Id": "zsz5",
      "Segments": [
        0,
        0,
        0,
        6,
        0
      ]
    },
    {
      "Target": "Parameter",
      "Id": "YXBQH",
      "Segments": [
        0,
        0,
        0,
        6,
        0
      ]
    },
    {
      "Target": "Parameter",
      "Id": "BTYBZY",
      "Segments": [
        0,
        0,
        0,
        6,
        0
      ]
    },
    {
      "Target": "Parameter",
      "Id": "BTYBSX",
      "Segments": [
        0,
        0,
        0,
        6,
        0
      ]
    },
    {
      "Target": "Parameter",
      "Id": "BTYBJD",
      "Segments": [
        0,
        0,
        0,
        6,
        0
      ]
    },
    {
      "Target": "Parameter",
      "Id": "YXBX",
      "Segments": [
        0,
        0,
        0,
        6,
        0
      ]
    },
    {
      "Target": "Parameter",
      "Id": "YSZTC",
      "Segments": [
        0,
        0,
        0,
        6,
        0
      ]
    },
    {
      "Target": "Parameter",
      "Id": "ZTXQM",
      "Segments": [
        0,
        0,
        0,
        6,
        0
      ]
    },
    {
      "Target": "Parameter",
      "Id": "zuotuoxieQH",
      "Segments": [
        0,
        0,
        0,
        6,
        0
      ]
    },
    {
      "Target": "Parameter",
      "Id": "ZTXX",
      "Segments": [
        0,
        0,
        0,
        6,
        0
      ]
    },
    {
      "Target": "Parameter",
      "Id": "ZTXY",
      "Segments": [
        0,
        0,
        0,
        6,
        0
      ]
    },
    {
      "Target": "Parameter",
      "Id": "ZTXJD",
      "Segments": [
        0,
        0,
        0,
        6,
        0
      ]
    },
    {
      "Target": "Parameter",
      "Id": "YXTXZ",
      "Segments": [
        0,
        0,
        0,
        6,
        0
      ]
    },
    {
      "Target": "Parameter",
      "Id": "panciTDX",
      "Segments": [
        0,
        0,
        0,
        6,
        0
      ]
    },
    {
      "Target": "Parameter",
      "Id": "PANCITDY",
      "Segments": [
        0,
        0,
        0,
        6,
        0
      ]
    },
    {
      "Target": "Parameter",
      "Id": "pancirou",
      "Segments": [
        0,
        0,
        0,
        6,
        0
      ]
    },
    {
      "Target": "Parameter",
      "Id": "ZXtuodong",
      "Segments": [
        0,
        0,
        0,
        6,
        0
      ]
    },
    {
      "Target": "Parameter",
      "Id": "TTQDYK",
      "Segments": [
        0,
        0,
        0,
        6,
        0
      ]
    },
    {
      "Target": "Parameter",
      "Id": "TTQqiehuan",
      "Segments": [
        0,
        0,
        0,
        6,
        0
      ]
    },
    {
      "Target": "Parameter",
      "Id": "TTQZY",
      "Segments": [
        0,
        -10,
        0,
        6,
        -10
      ]
    },
    {
      "Target": "Parameter",
      "Id": "TTQSX",
      "Segments": [
        0,
        0,
        0,
        6,
        0
      ]
    },
    {
      "Target": "Parameter",
      "Id": "TTQJD",
      "Segments": [
        0,
        0,
        0,
        6,
        0
      ]
    },
    {
      "Target": "Parameter",
      "Id": "TTQYC",
      "Segments": [
        0,
        0,
        0,
        6,
        0
      ]
    },
    {
      "Target": "Parameter",
      "Id": "GYJS",
      "Segments": [
        0,
        0,
        0,
        6,
        0
      ]
    },
    {
      "Target": "Parameter",
      "Id": "GYHZ",
      "Segments": [
        0,
        0,
        0,
        6,
        0
      ]
    },
    {
      "Target": "Parameter",
      "Id": "GYDX",
      "Segments": [
        0,
        0,
        0,
        6,
        0
      ]
    },
    {
      "Target": "Parameter",
      "Id": "GYZUOYOU",
      "Segments": [
        0,
        0,
        0,
        6,
        0
      ]
    },
    {
      "Target": "Parameter",
      "Id": "GYSHANGXIA",
      "Segments": [
        0,
        0,
        0,
        6,
        0
      ]
    },
    {
      "Target": "Parameter",
      "Id": "guangyunZQ",
      "Segments": [
        0,
        0,
        0,
        6,
        0
      ]
    },
    {
      "Target": "Parameter",
      "Id": "GYTMD",
      "Segments": [
        0,
        0,
        0,
        6,
        0
      ]
    },
    {
      "Target": "Parameter",
      "Id": "ParamBodyAngleY",
      "Segments": [
        0,
        0,
        0,
        6,
        0
      ]
    },
    {
      "Target": "Parameter",
      "Id": "YYjiashen",
      "Segments": [
        0,
        0,
        0,
        6,
        0
      ]
    },
    {
      "Target": "Parameter",
      "Id": "TYYTMD",
      "Segments": [
        0,
        1,
        0,
        6,
        1
      ]
    },
    {
      "Target": "Parameter",
      "Id": "chizuiba",
      "Segments": [
        0,
        0,
        0,
        6,
        0
      ]
    },
    {
      "Target": "Parameter",
      "Id": "zongZY",
      "Segments": [
        0,
        0,
        0,
        6,
        0
      ]
    },
    {
      "Target": "Parameter",
      "Id": "zongSX",
      "Segments": [
        0,
        0,
        0,
        6,
        0
      ]
    },
    {
      "Target": "Parameter",
      "Id": "PGZY",
      "Segments": [
        0,
        0,
        0,
        6,
        0
      ]
    },
    {
      "Target": "Parameter",
      "Id": "oupaijiya",
      "Segments": [
        0,
        0,
        0,
        6,
        0
      ]
    },
    {
      "Target": "2935860712",
      "Id": "2935860712",
      "Segments": [
        0,
        1,
        0,
        6,
        1
      ]
    }
  ],
  "UserData": [
    {
      "Time": 5.5,
      "Value": ""
    }
  ]
}